ID da atividade,Data da atividade,Nome da atividade,Tipo de atividade,Descrição da atividade,Tempo decorrido,Distância,Frequência cardíaca máxima,Esforço relativo,Deslocamento,Observação privada da atividade,Equipamento da atividade,Nome do arquivo,Peso do atleta,Peso da bicicleta,Tempo decorrido,Tempo de movimentação,Distância,Velocidade máx.,Velocidade média,Ganho de elevação,Perda de elevação,Elevação mínima,Elevação máxima,Inclinação máxima,Inclinação média,Inclinação positiva média,Inclinação negativa média,Cadência máxima,Cadência média,Frequência cardíaca máxima,Frequência cardíaca média,Máximo de watts,Média de watts,Calorias,Temperatura máxima,Temperatura média,Esforço relativo,Total de trabalho,Número de corridas,Tempo de subida,Tempo de descida,Outro tempo,Percepção de esforço,Tipo,Hora de início,Média ponderada de potência,Contagem de potência,Usar Percepção de esforço,Percepção de esforço relativo,Deslocamento,Peso total levantado,Da atividade carregada,Distância ajustada à inclinação,Tempo de observação do clima,Condição climática,Temperatura atmosférica,Temperatura aparente,Ponto de orvalho,Umidade,Pressão atmosférica,Velocidade do vento,Rajada de vento,Direção do vento,Intensidade da precipitação,Hora do nascer do sol,Hora do pôr do sol,Fase da lua,Bicicleta,Equipamento,Probabilidade de precipitação,Tipo de precipitação,Nebulosidade,Visibilidade,Índice UV,Previsão de ozônio,Contagem de pulos,Garra total,Fluxo médio,Sinalizado,Velocidade média (tempo decorrido),Distância na terra,Distância recém-explorada,Distância de terra recém-explorada,Contagem de atividades,Total de passos,Economia de carbono,Extensão da piscina,Carga de treinamento,Intensidade,Ritmo Ajustado à inclinação média,Tempo do temporizador,Total de ciclos,Recuperação,Com animal de estimação,Competição,Corrida longa,Por uma causa,Com criança,Distância da descida,Total de séries,Total de repetições,Mídia
18735380959,"31 de mai. de 2026, 21:21:14",T8K | Z2/Z3,Corrida,"",3057,"8,03",,,false,,Mizuno Wave Rider 28 Wave Rider 28,activities/19844661914.fit.gz,,,3057.0,3047.0,8032.0,3.76,2.636,105.0,103.0,753.2,781.8,13.6,0.0,,,85.0,82.0,,,,313.0,566.0,,,,,,,,,,,,312.0,3058.0,0.0,,0.0,,1.0,8277.1,,,,,,,,,,,,,,,,29739176.0,,,,,,,,,,,2.627,728.7,,,,8344.0,0.0,,136.0,127.0,2.717,,,1.0,,,,,,,,,""
18720928720,"30 de mai. de 2026, 18:49:54","B71,9k | Bloco 40k @ 31,4 km/h",Pedalada,"",11005,"71,90",,,false,,Tropix Madrid,activities/19829940171.fit.gz,,10.0,11005.0,10060.0,71902.9,14.91,7.147,343.0,350.0,716.2,825.0,36.0,0.0,,,,,,,,150.0,1897.0,,,,,,,,,,,,,,,,0.0,,1.0,,,,,,,,,,,,,,,,17741069.0,,,,,,,,,,,2.0,6.534,582.0,,,,,0.0,,,,,,,,,,,,,,,,""
18707684927,"29 de mai. de 2026, 21:41:09",Corrida ao entardecer,Corrida,"",2632,"7,01",,,false,,Mizuno Wave Rider 28 Wave Rider 28,activities/19816429115.fit.gz,,,2632.0,2609.0,7013.1,5.3,2.688,128.0,113.0,755.2,793.8,14.4,0.2,,,87.0,82.0,,,,321.0,489.0,,,,,,,,,,,,321.0,2633.0,0.0,,0.0,,1.0,7357.0,,,,,,,,,,,,,,,,29739176.0,,,,,,,,,,,2.665,35.1,,,,7064.0,0.0,,124.0,130.0,2.82,,,,,,,,,,,,""
18707684710,"29 de mai. de 2026, 21:23:26",Corrida ao entardecer,Corrida,"",1015,"2,96",,,false,,Mizuno Wave Rider 28 Wave Rider 28,activities/19816428951.fit.gz,,,1015.0,1015.0,2962.6,4.28,2.919,8.0,24.0,751.6,778.0,4.3,-0.7,,,85.0,82.0,,,,320.0,198.0,,,,,,,,,,,,316.0,1016.0,0.0,,0.0,,1.0,2931.2,,,,,,,,,,,,,,,,29739176.0,,,,,,,,,,,2.919,0.0,,,,2778.0,0.0,,46.0,128.0,2.888,,,,,,,,,,,,""
18673043646,"27 de mai. de 2026, 09:41:44","T10K | Pace 5'05""",Corrida,"",3059,"10,02",,,false,,Fila Racer T2 T2,activities/19781155498.fit.gz,,,3059.0,3053.0,10020.0,5.2,3.282,136.0,136.0,749.4,781.8,15.8,0.0,,,86.0,84.0,,,,354.0,686.0,,,,,,,,,,,,353.0,3060.0,0.0,,0.0,,1.0,10307.0,,,,,,,,,,,,,,,,19912724.0,,,,,,,,,,,3.276,41.3,,,,8138.0,0.0,,176.0,143.0,3.364,,,,,,,,,,,,""
18660136302,"26 de mai. de 2026, 11:05:36",peito+tríceps+ombros,Treinamento com peso,"",3106,0,,,false,,,activities/19768010091.fit.gz,,,3106.0,3106.0,0.0,0.0,0.0,0.0,0.0,0.0,0.0,0.0,0.0,,,,,,,,,322.0,,,,,,,,,,,,,,,,0.0,3652.0,1.0,,,,,,,,,,,,,,,,,,,,,,,,,,,,0.0,0.0,,,,,0.0,,,,,,,,0.0,,,,,,24,243,""
18654874930,"25 de mai. de 2026, 20:31:28",Afternoon Weight Training,Treinamento com peso,,3981,0,,,false,,,activities/19762650165.fit.gz,,,3981.0,3981.0,0.0,0.0,0.0,0.0,0.0,0.0,0.0,0.0,0.0,,,,,,,,,319.0,,,,,,,,,,,,,,,,0.0,5746.0,1.0,,,,,,,,,,,,,,,,,,,,,,,,,,,,0.0,0.0,,,,,0.0,,,,,,,,0.0,,,,,,24,246,""
18640024200,"24 de mai. de 2026, 19:06:29","T10K | Pace 5'07""",Corrida,"",3406,"10,02",,,false,,New Balance Propel v5 Propel v5,activities/19747494958.fit.gz,,,3406.0,3081.0,10024.1,4.64,3.254,115.0,122.0,753.2,785.6,12.2,-0.1,,,86.0,83.0,,,,353.0,686.0,,,,,,,,,,,,346.0,3292.0,0.0,,0.0,,1.0,10238.5,,,,,,,,,,,,,,,,26740046.0,,,,,,,,,,,2.943,2552.5,,,,8368.0,0.0,,181.0,141.0,3.323,,,,,,,,,,,,""
18626089263,"23 de mai. de 2026, 19:14:13",Regenerativo | Indoor Training,Pedalada,"",1806,0,,,false,,Tropix Madrid,activities/19733249188.fit.gz,,10.0,1806.0,1806.0,0.0,0.0,0.0,0.0,0.0,0.0,0.0,0.0,0.0,,,,,,,,,143.0,,,,,,,,,,,,,,,,0.0,,1.0,,,,,,,,,,,,,,,,17741069.0,,,,,,,,,,,,0.0,0.0,,,,,0.0,,,,,,,,,,,,,,,,""
18614006871,"22 de mai. de 2026, 21:14:02","T21,1k | Pace 5'18""",Corrida,"",6751,"21,11",,,false,,New Balance Propel v5 Propel v5,activities/19720915845.fit.gz,,,6751.0,6718.0,21114.1,4.94,3.143,306.0,243.0,736.2,794.6,29.8,0.0,,,88.0,82.0,,,,344.0,1532.0,,,,,,,,,,,,344.0,6752.0,0.0,,0.0,,1.0,21984.1,,,,,,,,,,,,,,,,26740046.0,,,,,,,,,,,3.128,1705.5,,,,17848.0,0.0,,364.0,139.0,3.268,,,,,,,,,,,,""
18609464501,"22 de mai. de 2026, 10:04:34",Morning Weight Training,Treinamento com peso,,18222,0,,,false,,,activities/19716282988.fit.gz,,,18222.0,18222.0,0.0,0.0,0.0,0.0,0.0,0.0,0.0,0.0,0.0,,,,,,,,,560.0,,,,,,,,,,,,,,,,0.0,2774.0,1.0,,,,,,,,,,,,,,,,,,,,,,,,,,,,0.0,0.0,,,,,0.0,,,,,,,,0.0,,,,,,23,229,""
18607086960,"21 de mai. de 2026, 12:05:09",peito+tríceps,Treinamento com peso,"",2822,0,,,false,,,activities/19713853410.fit.gz,,,2822.0,2822.0,0.0,0.0,0.0,0.0,0.0,0.0,0.0,0.0,0.0,,,,,,,,,188.0,,,,,,,,,,,,,,,,0.0,3886.0,1.0,,,,,,,,,,,,,,,,,,,,,,,,,,,,0.0,0.0,,,,,0.0,,,,,,,,0.0,,,,,,21,183,""
18580492872,"20 de mai. de 2026, 09:41:51",T10K | Z3 > Z2,Corrida,"",3355,"10,02",,,false,,Fila Racer Speedzone,activities/19686835140.fit.gz,,,3355.0,3351.0,10019.6,5.2,2.99,132.0,146.0,751.2,793.6,20.8,-0.1,,,88.0,83.0,,,,336.0,617.0,,,,,,,,,,,,336.0,3356.0,0.0,,0.0,,1.0,10331.5,,,,,,,,,,,,,,,,23620613.0,,,,,,,,,,,2.986,664.9,,,,9238.0,0.0,,174.0,137.0,3.083,,,,,,,,,,,,media/43290cfa-b102-45e5-99da-3e79ff08aef7.jpg
18560191145,"18 de mai. de 2026, 20:23:03",peito+tríceps,Treinamento com peso,"",3099,0,,,false,,,activities/19666317383.fit.gz,,,3099.0,3099.0,0.0,0.0,0.0,0.0,0.0,0.0,0.0,0.0,0.0,,,,,,,,,234.0,,,,,,,,,,,,,,,,0.0,2737.0,1.0,,,,,,,,,,,,,,,,,,,,,,,,,,,,0.0,0.0,,,,,0.0,,,,,,,,0.0,,,,,,23,252,""
18548287040,"17 de mai. de 2026, 19:31:36","L15k | Pace 5'07"" | 250m D+",Corrida,"",4614,"15,02",,,false,,New Balance Propel v5 Propel v5,activities/19654299107.fit.gz,,,4614.0,4614.0,15028.8,4.52,3.257,251.0,260.0,753.0,819.8,25.2,-0.1,,,87.0,83.0,,,,357.0,1061.0,,,,,,,,,,,,358.0,4615.0,0.0,,0.0,,1.0,15763.3,,,,,,,,,,,,,,,,26740046.0,,,,,,,,,,,3.257,1874.7,,,,12302.0,0.0,,272.0,146.0,3.416,,,,,,,,,,,,""
18534993121,"16 de mai. de 2026, 19:30:29","B60k | Bloco 30k @ 29,5 km/h",Pedalada,"",9162,"60,13",,,false,,Tropix Madrid,activities/19640803928.fit.gz,,10.0,9162.0,8718.0,60130.1,12.22,6.897,277.0,278.0,715.4,782.0,46.6,0.0,,,,,,,,139.0,1712.0,,,,,,,,,,,,,,,,0.0,,1.0,,,,,,,,,,,,,,,,17741069.0,,,,,,,,,,,,6.563,187.3,,,,,0.0,,,,,,,,,,,,,,,,""
18521927545,"15 de mai. de 2026, 21:24:18","T15k | Pace 5'16"" | 200m D+",Corrida,"",4764,"15,06",,,false,,Fila Racer T2 T2,activities/19627572617.fit.gz,,,4764.0,4764.0,15063.2,5.76,3.162,234.0,242.0,750.0,794.4,33.9,-0.1,,,90.0,83.0,,,,351.0,1129.0,,,,,,,,,,,,352.0,4765.0,0.0,,0.0,,1.0,15896.7,,,,,,,,,,,,,,,,19912724.0,,,,,,,,,,,3.162,1525.5,,,,12722.0,0.0,,270.0,143.0,3.337,,,,,,,,,,,,""
18504347541,"14 de mai. de 2026, 12:54:34",peito+tríceps+ombros,Treinamento com peso,"",2666,0,,,false,,,activities/19609855314.fit.gz,,,2666.0,2666.0,0.0,0.0,0.0,0.0,0.0,0.0,0.0,0.0,0.0,,,,,,,,,188.0,,,,,,,,,,,,,,,,0.0,3487.0,1.0,,,,,,,,,,,,,,,,,,,,,,,,,,,,0.0,0.0,,,,,0.0,,,,,,,,0.0,,,,,,25,260,media/3681489a-de63-4658-a0be-ae5c35821ce8.jpg
18488483397,"13 de mai. de 2026, 09:20:40","T10K | progressão| 5'16"" 🍃",Corrida,"",3212,"10,03",,,false,,Fila Racer Speedzone,activities/19593854729.fit.gz,,,3212.0,3174.0,10038.9,4.66,3.163,124.0,136.0,750.0,792.6,22.0,-0.1,,,88.0,85.0,,,,350.0,648.0,,,,,,,,,,,,348.0,3213.0,0.0,,0.0,,1.0,10325.1,,,,,,,,,,,,,,,,23620613.0,,,,,,,,,,,3.125,140.7,,,,8690.0,0.0,,178.0,141.0,3.253,,,,,,,,,,,,media/f6523990-a202-487f-a281-859fb1e631dd.jpg
18475790275,"12 de mai. de 2026, 11:01:26",costas+bíceps,Treinamento com peso,"",2407,0,,,false,,,activities/19581072666.fit.gz,,,2407.0,2407.0,0.0,0.0,0.0,0.0,0.0,0.0,0.0,0.0,0.0,,,,,,,,,215.0,,,,,,,,,,,,,,,,0.0,5484.0,1.0,,,,,,,,,,,,,,,,,,,,,,,,,,,,0.0,0.0,,,,,0.0,,,,,,,,0.0,,,,,,21,237,media/01ca1470-4803-4448-b59d-4499128172a8.jpg
18471624417,"11 de mai. de 2026, 22:53:40","B68k | Bloco 40k @ 36,8 km/h",Pedalada,"",11648,"68,29",,,false,,Tropix Madrid,activities/19576865399.fit.gz,,10.0,11648.0,8301.0,68293.3,13.44,8.227,320.0,320.0,718.2,805.0,31.6,0.0,,,,,,,,189.0,1389.0,,,,,,,,,,,,,,0.0,,0.0,,1.0,,,,,,,,,,,,,,,,17741069.0,,,,,,,,,,,,5.863,258.1,,,,,0.0,,,,,,,,,,,,,,,,""
18464781175,"11 de mai. de 2026, 14:29:25",Costas+tríceps,Treinamento com peso,"",2473,0,,,false,,,activities/19570000189.fit.gz,,,2473.0,2473.0,0.0,0.0,0.0,0.0,0.0,0.0,0.0,0.0,0.0,,,,,,,,,137.0,,,,,,,,,,,,,,,,0.0,2895.0,1.0,,,,,,,,,,,,,,,,,,,,,,,,,,,,0.0,0.0,,,,,0.0,,,,,,,,0.0,,,,,,19,220,media/d20b3076-6daa-4f8a-bbc3-37af89a47a35.jpg
18444853153,"9 de mai. de 2026, 21:27:24",B35k | 90' | Z2/Z3,Pedalada,"",5895,"35,10",,,false,,Tropix Madrid,activities/19549787116.fit.gz,,10.0,5895.0,5594.0,35103.6,12.64,6.275,183.0,201.0,722.2,793.6,44.4,-0.1,,,,,,,,117.0,918.0,,,,,,,,,,,,,,0.0,,0.0,,1.0,,,,,,,,,,,,,,,,17741069.0,,,,,,,,,,,,5.955,814.3,,,,,0.0,,,,,,,,,,,,,,,,media/96a5ccc2-f108-487e-bbb9-9ea6877a4898.jpg
18430669657,"8 de mai. de 2026, 21:11:42","T10k | Pace 5'18"" ↕️",Corrida,"",3242,"10,09",,,false,,Fila Racer Speedzone,activities/19535432323.fit.gz,,,3242.0,3211.0,10096.0,4.58,3.144,49.6,54.0,761.6,787.4,12.6,-0.2,,,86.0,82.0,,,,349.0,710.0,,,,,,,,,,,,347.0,3243.0,0.0,,0.0,,1.0,10117.6,,,,,,,,,,,,,,,,23620613.0,,,,,,,,,,,3.114,1470.5,,,,8976.0,0.0,,183.0,141.0,3.132,,,,,,,,,,,,""
18409997190,"7 de mai. de 2026, 09:15:21","T10K | 60'00"" | Z2",Corrida,"",3712,"10,05",,,false,,Fila Racer Speedzone,activities/19514583732.fit.gz,,,3712.0,3691.0,10052.1,4.8,2.723,130.0,133.0,753.4,810.6,22.4,0.0,,,91.0,83.0,,,,322.0,624.0,,,,,,,,,,,,321.0,3713.0,0.0,,0.0,,1.0,10381.5,,,,,,,,,,,,,,,,23620613.0,,,,,,,,,,,2.708,1253.7,,,,10180.0,0.0,,174.0,130.0,2.813,,,,,,,,,,,,media/f5de3b48-7b5f-4e9c-889d-587f58b1d79e.jpg
18401285580,"6 de mai. de 2026, 13:31:15",costas+bíceps,Treinamento com peso,"",3328,0,,,false,,,activities/19505820673.fit.gz,,,3328.0,3328.0,0.0,0.0,0.0,0.0,0.0,0.0,0.0,0.0,0.0,,,,,,,,,199.0,,,,,,,,,,,,,,,,0.0,6305.0,1.0,,,,,,,,,,,,,,,,,,,,,,,,,,,,0.0,0.0,,,,,0.0,,,,,,,0.0,0.0,,,,0.0,,25,267,media/0a58fdec-ab4a-4a7a-b4d6-f72b5ad4af5c.jpg
18379173853,"4 de mai. de 2026, 21:53:38",B30k | 90' Regenerativo Z2,Pedalada,"",5594,"31,79",,,false,,Tropix Madrid,activities/19483529949.fit.gz,,10.0,5594.0,5231.0,31792.6,11.62,6.078,118.0,138.0,707.2,780.4,33.3,-0.1,,,,,,,,89.0,826.0,,,,,,,,,,,,,,0.0,,0.0,,1.0,,,,,,,,,,,,,,,,17741069.0,,,,,,,,,,,,5.683,187.7,,,,,0.0,,,,,,,0.0,0.0,,,,0.0,,,,media/c7128e31-2249-4c51-bcb6-22b2a94c2f03.jpg
18375945142,"4 de mai. de 2026, 14:23:54",Lunch Weight Training,Treinamento com peso,,2496,0,,,false,,,activities/19480277080.fit.gz,,,2496.0,2496.0,0.0,0.0,0.0,0.0,0.0,0.0,0.0,0.0,0.0,,,,,,,,,139.0,,,,,,,,,,,,,,,,0.0,3399.0,1.0,,,,,,,,,,,,,,,,,,,,,,,,,,,,0.0,0.0,,,,,0.0,,,,,,,0.0,0.0,,,,0.0,,24,252,""
18364709880,"3 de mai. de 2026, 19:08:40","T10k | Pace 5'00""🔥",Corrida,"",3006,"10,03",,,false,,Fila Racer T2 T2,activities/19468934742.fit.gz,,,3006.0,3006.0,10029.6,4.46,3.337,134.0,129.0,748.0,772.8,12.9,0.1,,,88.0,84.0,,,,364.0,693.0,,,,,,,,,,,,364.0,3007.0,0.0,,0.0,,1.0,10314.1,,,,,,,,,,,,,,,,19912724.0,,,,,,,,,,,3.337,338.3,,,,8290.0,0.0,,182.0,148.0,3.431,,,0.0,0.0,,,,0.0,,,,""
18352137249,"2 de mai. de 2026, 21:08:37","T10K | 60'00"" | Z2",Corrida,"",3674,"10,03",,,false,,New Balance Propel v5 Propel v5,activities/19456163902.fit.gz,,,3674.0,3664.0,10035.6,3.62,2.739,32.0,46.0,764.6,788.8,12.5,-0.1,,,85.0,81.0,,,,322.0,643.0,,,,,,,,,,,,321.0,3675.0,0.0,,0.0,,1.0,10075.1,,,,,,,,,,,,,,,,26740046.0,,,,,,,,,,,2.732,2069.8,,,,9912.0,0.0,,173.0,130.0,2.75,,,0.0,0.0,,,,0.0,,,,""
18339386158,"1 de mai. de 2026, 22:05:53","T15k | Pace 5'16"" | 200m D+",Corrida,"",4851,"15,02",,,false,,Fila Racer Speedzone,activities/19443230820.fit.gz,,,4851.0,4742.0,15027.2,4.46,3.169,201.0,202.0,749.2,795.2,23.9,0.0,,,91.0,83.0,,,,352.0,1081.0,,,,,,,,,,,,350.0,4852.0,0.0,,0.0,,1.0,15700.2,,,,,,,,,,,,,,,,23620613.0,,,,,,,,,,,3.098,1757.8,,,,12908.0,0.0,,272.0,142.0,3.311,,,0.0,0.0,,,,0.0,,,,""
18334625759,"1 de mai. de 2026, 12:44:22",Passeio - Liberdade,Caminhada,"",9011,"3,05",,,false,,,activities/19438415175.fit.gz,,,9011.0,2927.0,3053.6,3.72,1.043,132.0,139.0,750.2,782.0,49.5,-0.2,,,79.0,48.0,,,,,616.0,,,,,,,,,,,,,,0.0,,0.0,,1.0,,,,,,,,,,,,,,,,,,,,,,,,,,,0.0,0.339,0.0,,,,4700.0,0.0,,,,,,,0.0,0.0,,,,0.0,,,,""
18331114658,"30 de abr. de 2026, 11:06:47",Morning Weight Training,Treinamento com peso,,2564,0,,,false,,,activities/19434862661.fit.gz,,,2564.0,2564.0,0.0,0.0,0.0,0.0,0.0,0.0,0.0,0.0,0.0,,,,,,,,,275.0,,,,,,,,,,,,,,,,0.0,0.0,1.0,,,,,,,,,,,,,,,,,,,,,,,,,,,,0.0,0.0,,,,,0.0,,,,,,,0.0,0.0,,,,0.0,,23,195,""
18290886587,"28 de abr. de 2026, 10:54:23",bostas+bíceps,Treinamento com peso,"",3366,0,,,false,,,activities/19394324761.fit.gz,,,3366.0,3366.0,0.0,0.0,0.0,0.0,0.0,0.0,0.0,0.0,0.0,,,,,,,,,301.0,,,,,,,,,,,,,,,,0.0,4920.0,1.0,,,,,,,,,,,,,,,,,,,,,,,,,,,,0.0,0.0,,,,,0.0,,,,,,,0.0,0.0,,,,0.0,,20,226,""
18284896076,"27 de abr. de 2026, 22:05:32","T7k | 45'00"" | Z2",Corrida,"",2731,"7,26",,,false,,Fila Racer Speedzone,activities/19388286713.fit.gz,,,2731.0,2727.0,7261.2,4.22,2.663,53.0,60.0,749.2,778.4,13.9,-0.1,,,84.0,82.0,,,,315.0,471.0,,,,,,,,,,,,315.0,2732.0,0.0,,0.0,,1.0,7341.9,,,,,,,,,,,,,,,,23620613.0,,,,,,,,,,,2.659,673.4,,,,7482.0,0.0,,124.0,128.0,2.692,,,1.0,0.0,,,,0.0,,,,media/6844ebb1-7139-4315-8058-d7ce33041d2e.jpg
18284895534,"27 de abr. de 2026, 20:32:52",peito+tríceps+ombros,Treinamento com peso,"",3330,0,,,false,,,activities/19388286253.fit.gz,,,3330.0,3330.0,0.0,0.0,0.0,0.0,0.0,0.0,0.0,0.0,0.0,,,,,,,,,170.0,,,,,,,,,,,,,,0.0,,0.0,2450.0,1.0,,,,,,,,,,,,,,,,,,,,,,,,,,,,0.0,0.0,,,,,0.0,,,,,,,0.0,0.0,,,,0.0,,21,235,""
18272426669,"26 de abr. de 2026, 19:06:56",B60k | Bloco 60' @ 31 km/h,Pedalada,"",9230,"60,15",,,false,,Tropix Madrid,activities/19375725893.fit.gz,,10.0,9230.0,8388.0,60155.1,13.36,7.172,117.0,124.0,728.8,788.8,25.0,0.0,,,,,,,,116.0,1784.0,,,,,,,,,,,,,,0.0,,0.0,,1.0,,,,,,,,,,,,,,,,17741069.0,,,,,,,,,,,,6.517,257.8,,,,,0.0,,,,,,,0.0,0.0,,,,0.0,,,,media/3f912632-48e4-4ce4-b09f-2bc17f3581d0.jpg
18244297154,"24 de abr. de 2026, 21:43:35","T10k | Pace 4'49""🔥",Corrida,"",3000,"10,02",,,false,,New Balance Propel v5 Propel v5,activities/19347245804.fit.gz,,,3000.0,3000.0,10025.0,4.72,3.342,129.0,135.0,748.6,780.8,12.5,-0.1,,,87.0,84.0,,,,360.0,684.0,,,,,,,,,,,,360.0,3001.0,0.0,,0.0,,1.0,10286.7,,,,,,,,,,,,,,,,26740046.0,,,,,,,,,,,3.342,153.4,,,,8178.0,0.0,,178.0,146.0,3.429,,,0.0,0.0,,,,0.0,,,,media/f05e3689-50b6-485a-a321-dd25d8b9e770.jpg
18243588820,"24 de abr. de 2026, 20:18:11",Costas+bíceps,Treinamento com peso,"",2590,0,,,false,,,activities/19346533805.fit.gz,,,2590.0,2590.0,0.0,0.0,0.0,0.0,0.0,0.0,0.0,0.0,0.0,,,,,,,,,156.0,,,,,,,,,,,,,,0.0,,0.0,5458.0,1.0,,,,,,,,,,,,,,,,,,,,,,,,,,,,0.0,0.0,,,,,0.0,,,,,,,0.0,0.0,,,,0.0,,23,220,""
18223479370,"23 de abr. de 2026, 09:22:06","T10K | 60'0"" | Z2",Corrida,"",3645,"10,04",,,false,,Fila Racer Speedzone,activities/19326268654.fit.gz,,,3645.0,3641.0,10042.7,4.2,2.758,38.0,41.0,749.2,777.8,7.5,-0.1,,,93.0,83.0,,,,323.0,613.0,,,,,,,,,,,,323.0,3646.0,0.0,,0.0,,1.0,10075.6,,,,,,,,,,,,,,,,23620613.0,,,,,,,,,,,2.755,412.5,,,,10090.0,0.0,,174.0,131.0,2.767,,,0.0,0.0,,,,0.0,,,,""
18211985674,"22 de abr. de 2026, 12:58:23",peito+tríceps,Treinamento com peso,"",2599,0,,,false,,,activities/19314709871.fit.gz,,,2599.0,2599.0,0.0,0.0,0.0,0.0,0.0,0.0,0.0,0.0,0.0,,,,,,,,,172.0,,,,,,,,,,,,,,,,0.0,2280.0,1.0,,,,,,,,,,,,,,,,,,,,,,,,,,,,0.0,0.0,,,,,0.0,,,,,,,0.0,0.0,,,,0.0,,19,214,media/a45969eb-537d-49f1-9e97-dd02c072de92.jpg
18183373121,"20 de abr. de 2026, 09:41:55",B60k | Bloco 60' @ 31 km/h,Pedalada,"",9754,"62,91",,,false,,Tropix Madrid,activities/19285932509.fit.gz,,10.0,9754.0,8915.0,62911.1,11.84,7.057,232.0,237.0,716.0,793.0,42.9,0.0,,,,,,,,140.0,1610.0,,,,,,,,,8.0,,,,,0.0,383.0,0.0,,1.0,,,,,,,,,,,,,,,,17741069.0,,,,,,,,,,,,6.45,476.6,,,,,0.0,,,,,,,0.0,0.0,,,,0.0,,,,media/c09cd979-dced-4dbf-a7d7-3c0a606b693e.jpg|media/c93302b7-5847-4d83-ba86-4362a6a08a58.jpg
18181462735,"20 de abr. de 2026, 09:27:34",Morning Ride,Pedalada,,164,"0,02",,,false,,Tropix Madrid,activities/19284008736.fit.gz,,10.0,164.0,55.0,23.8,0.626,0.433,0.0,0.0,762.8,763.4,7.8,1.7,,,,,,,,7.0,7.0,,,,,,,,,,,,,,,,0.0,,1.0,,,,,,,,,,,,,,,,17741069.0,,,,,,,,,,,,0.145,0.0,,,,,0.0,,,,,,,,,,,,,,,,""
18178325887,"19 de abr. de 2026, 20:22:58","T14K | 90'0"" | Z2",Corrida,"",5451,"14,15",,,false,,Fila Racer T2 T2,activities/19280829790.fit.gz,,,5451.0,5410.0,14153.5,3.72,2.616,121.0,140.0,748.4,804.8,11.7,-0.1,,,85.0,82.0,,,,312.0,973.0,,,,,,,,,,,,312.0,5452.0,0.0,,0.0,,1.0,14288.6,,,,,,,,,,,,,,,,19912724.0,,,,,,,,,,,2.596,1567.3,,,,14674.0,0.0,,243.0,127.0,2.641,,,0.0,0.0,,,,0.0,,,,""
18178325528,"19 de abr. de 2026, 17:23:00",Afternoon Workout,Treino,,6605,0,,,false,,,activities/19280829529.fit.gz,,,6605.0,6605.0,0.0,0.0,0.0,0.0,0.0,0.0,0.0,0.0,0.0,,,,,,,,,585.0,,,,,,,,,,,,,,,,0.0,,1.0,,,,,,,,,,,,,,,,,,,,,,,,,,,,0.0,0.0,,,,,0.0,,,,,,,0.0,0.0,,,,0.0,,,,""
18150392424,"17 de abr. de 2026, 22:23:50",Evening Run,Corrida,,401,"1,02",,,false,,Fila Racer Speedzone,activities/19252547172.fit.gz,,,401.0,401.0,1026.7,3.26,2.56,19.0,8.0,761.0,774.0,16.5,0.9,,,85.0,83.0,,,,303.0,91.0,,,,,,,,,,,,295.0,402.0,,,0.0,,1.0,1096.9,,,,,,,,,,,,,,,,23620613.0,,,,,,,,,,,2.56,0.0,,,,1104.0,0.0,,16.0,120.0,2.735,,,,,,,,,,,,""
18150306604,"17 de abr. de 2026, 21:13:07","T13K | 5'13"" ❌",Corrida,"",4021,"13,01",,,false,,Mizuno Wave Rider 28 Wave Rider 28,activities/19252461122.fit.gz,,,4021.0,4009.0,13009.5,5.16,3.245,148.0,172.0,740.6,793.0,26.0,-0.2,,,88.0,83.0,,,,353.0,944.0,,,,,,,,,,,,353.0,4022.0,0.0,,0.0,,1.0,13379.0,,,,,,,,,,,,,,,,29739176.0,,,,,,,,,,,3.235,419.9,,,,10960.0,0.0,,229.0,143.0,3.337,,,0.0,0.0,,,,0.0,,,,""
18116101868,"15 de abr. de 2026, 09:16:03","T10K | 60'0"" | Z2",Corrida,"",3790,"10,01",,,false,,Fila Racer Speedzone,activities/19218009267.fit.gz,,,3790.0,3742.0,10014.2,4.54,2.676,145.0,150.0,750.0,801.2,29.2,-0.1,,,87.0,83.0,,,,315.0,652.0,,,,,,,,,,,,313.0,3791.0,0.0,,0.0,,1.0,10438.2,,,,,,,,,,,,,,,,23620613.0,,,,,,,,,,,2.642,24.4,,,,10304.0,0.0,,170.0,127.0,2.789,,,0.0,0.0,,,,0.0,,,,""
18103427939,"14 de abr. de 2026, 11:07:22",bíceps+costas,Treinamento com peso,"",2718,0,,,false,,,activities/19205261561.fit.gz,,,2718.0,2718.0,0.0,0.0,0.0,0.0,0.0,0.0,0.0,0.0,0.0,,,,,,,,,238.0,,,,,,,,,,,,,,,,0.0,6841.0,1.0,,,,,,,,,,,,,,,,,,,,,,,,,,,,0.0,0.0,,,,,0.0,,,,,,,0.0,0.0,,,,0.0,,22,222,media/9270c6c8-786c-47b5-b63c-14df0c4e4795.jpg
18097038661,"13 de abr. de 2026, 21:25:38","T8K | 50'0"" | Z2",Corrida,"",3071,"8,01",,,false,,Fila Racer Speedzone,activities/19198820506.fit.gz,,,3071.0,3022.0,8011.1,4.04,2.651,43.0,45.0,748.2,779.0,10.8,-0.1,,,85.0,82.0,,,,315.0,505.0,,,,,,,,,,,,312.0,3072.0,0.0,,0.0,,1.0,8061.7,,,,,,,,,,,,,,,,23620613.0,,,,,,,,,,,2.609,62.5,,,,8186.0,0.0,,137.0,127.0,2.668,,,0.0,0.0,,,,0.0,,,,""
18092343417,"13 de abr. de 2026, 14:24:43",tríceps+ombros+peito,Treinamento com peso,"",3108,0,,,false,,,activities/19194125050.fit.gz,,,3108.0,3108.0,0.0,0.0,0.0,0.0,0.0,0.0,0.0,0.0,0.0,,,,,,,,,186.0,,,,,,,,,,,,,,0.0,,0.0,3150.0,1.0,,,,,,,,,,,,,,,,,,,,,,,,,,,,0.0,0.0,,,,,0.0,,,,,,,0.0,0.0,,,,0.0,,21,230,media/763ab64f-b3f0-442a-a56c-b84e757e14eb.jpg
18084986581,"12 de abr. de 2026, 20:09:01","L10k | Pace 5'52"" 🍃",Corrida,"",3573,"10,01",,,false,,Mizuno Wave Rider 28 Wave Rider 28,activities/19186678145.fit.gz,,,3573.0,3529.0,10015.2,3.8,2.838,126.0,136.0,753.0,809.6,20.0,-0.1,,,86.0,82.0,,,,327.0,692.0,,,,,,,,,,,,326.0,3574.0,0.0,,0.0,,1.0,10274.4,,,,,,,,,,,,,,,,29739176.0,,,,,,,,,,,2.803,1385.8,,,,9616.0,0.0,,174.0,133.0,2.911,,,0.0,0.0,,,,0.0,,,,""
18083615820,"12 de abr. de 2026, 17:16:23",Tropix Madrid,Pedalada,"",2969,"17,90",,,true,,Tropix Madrid,activities/19185291995.fit.gz,,10.0,2969.0,2865.0,17907.3,10.54,6.25,167.0,95.0,719.4,793.0,46.6,0.4,,,,,,,,129.0,547.0,,,,,,,,,,,,,,0.0,,1.0,,1.0,,,,,,,,,,,,,,,,17741069.0,,,,,,,,,,,,6.031,416.8,,,,,3.89,,,,,,,0.0,0.0,,,,0.0,,,,media/052cce34-19d6-45ae-b14b-6a2a7c58dd1a.jpg
18058803257,"10 de abr. de 2026, 21:25:11","T13k | Pace 5'27"" | 250m D+",Corrida,"",4334,"13,02",,,false,,Fila Racer Speedzone,activities/19160156829.fit.gz,,,4334.0,4254.0,13028.7,4.8,3.063,274.0,254.0,768.0,827.2,41.8,0.1,,,88.0,83.0,,,,343.0,903.0,,,,,,,,,,,,343.0,4335.0,0.0,,0.0,,1.0,14034.6,,,,,,,,,,,,,,,,23620613.0,,,,,,,,,,,3.006,0.0,,,,11648.0,0.0,,233.0,139.0,3.299,,,0.0,0.0,,,,0.0,,,,""
18041106601,"9 de abr. de 2026, 12:55:39",superiores+core,Treinamento com peso,"",3344,0,,,false,,,activities/19142335245.fit.gz,,,3344.0,3344.0,0.0,0.0,0.0,0.0,0.0,0.0,0.0,0.0,0.0,,,,,,,,,288.0,,,,,,,,,,,,,,,,0.0,4440.0,1.0,,,,,,,,,,,,,,,,,,,,,,,,,,,,0.0,0.0,,,,,0.0,,,,,,,0.0,0.0,,,,0.0,,26,234,media/915a06f1-d924-4d79-be3d-2103632d76c1.jpg
18024715948,"8 de abr. de 2026, 09:13:49","L10k | Pace 5'44"" ↕️",Corrida,"",3456,"10,05",,,false,,Fila Racer Speedzone,activities/19125752676.fit.gz,,,3456.0,3456.0,10053.6,4.48,2.909,73.0,139.0,704.0,795.0,11.7,-0.7,,,87.0,84.0,,,,324.0,768.0,,,,,,,,,,,,326.0,3457.0,0.0,,0.0,,1.0,10026.6,,,,,,,,,,,,,,,,23620613.0,,,,,,,,,,,2.909,6.8,,,,9566.0,0.0,,169.0,133.0,2.901,,,0.0,0.0,,,,0.0,,,,""
18011769690,"7 de abr. de 2026, 11:04:19",costas+bíceps 🏋️‍♂️,Treinamento com peso,"",2645,0,,,false,,,activities/19112566786.fit.gz,,,2645.0,2645.0,0.0,0.0,0.0,0.0,0.0,0.0,0.0,0.0,0.0,,,,,,,,,245.0,,,,,,,,,,,,,,,,0.0,7130.0,1.0,,,,,,,,,,,,,,,,,,,,,,,,,,,,0.0,0.0,,,,,0.0,,,,,,,0.0,0.0,,,,0.0,,22,228,""
18001577411,"6 de abr. de 2026, 14:44:49",peito+tríceps+ombros 🏋️‍♂️,Treinamento com peso,"",2745,0,,,false,,,activities/19102226541.fit.gz,,,2745.0,2745.0,0.0,0.0,0.0,0.0,0.0,0.0,0.0,0.0,0.0,,,,,,,,,158.0,,,,,,,,,,,,,,0.0,,0.0,2967.0,1.0,,,,,,,,,,,,,,,,,,,,,,,,,,,,0.0,0.0,,,,,0.0,,,,,,,0.0,0.0,,,,0.0,,21,217,media/834854e4-4636-4b1a-a459-2b9c87ec4559.jpg
17992314572,"5 de abr. de 2026, 20:23:24","L10k | Pace 5'19"" ↕️",Corrida,"",3207,"10,03",,,false,,Mizuno Wave Rider 28 Wave Rider 28,activities/19092878022.fit.gz,,,3207.0,3205.0,10031.8,4.6,3.13,110.0,117.0,754.2,787.0,12.7,-0.1,,,89.0,84.0,,,,343.0,733.0,,,,,,,,,,,,344.0,3208.0,0.0,,0.0,,1.0,10239.2,,,,,,,,,,,,,,,,29739176.0,,,,,,,,,,,3.128,565.5,,,,8800.0,0.0,,174.0,140.0,3.195,,,0.0,0.0,,,,0.0,,,,""
17980441111,"4 de abr. de 2026, 21:15:38",T10k | 60min | Z2🍃,Corrida,"",3129,"8,04",,,false,,Fila Racer Speedzone,activities/19080849795.fit.gz,,,3129.0,3100.0,8047.9,3.7,2.596,109.0,123.0,751.2,793.0,21.4,-0.2,,,84.0,81.0,,,,308.0,546.0,,,,,,,,,,,,307.0,3130.0,0.0,,0.0,,1.0,8324.3,,,,,,,,,,,,,,,,23620613.0,,,,,,,,,,,2.572,144.9,,,,8374.0,0.0,,135.0,125.0,2.685,,,0.0,0.0,,,,0.0,,,,""
17967423033,"3 de abr. de 2026, 21:11:04",T6K | Regenerativo,Corrida,"",2453,"6,39",,,false,,Mizuno Wave Rider 28 Wave Rider 28,activities/19067696933.fit.gz,,,2453.0,2407.0,6398.2,4.04,2.658,85.0,103.0,755.6,793.4,21.0,-0.3,,,85.0,83.0,,,,310.0,408.0,,,,,,,,,,,,310.0,2454.0,0.0,,0.0,,1.0,6594.3,,,,,,,,,,,,,,,,29739176.0,,,,,,,,,,,2.608,26.8,,,,6570.0,0.0,,108.0,126.0,2.74,,,1.0,0.0,,,,0.0,,,,""
17956498033,"2 de abr. de 2026, 21:47:24","L21k | Pace 5'16"" 🌳",Corrida,Quebrei no km 17🥲,6920,"21,12",,,false,,New Balance Propel v5 Propel v5,activities/19056677505.fit.gz,,,6920.0,6686.0,21126.9,4.4,3.16,247.4,208.0,732.0,792.6,31.9,-0.1,,,87.0,82.0,,,,346.0,1560.0,,,,,,,,,,,,341.0,6921.0,0.0,,0.0,,1.0,21715.0,,,,,,,,,,,,,,,,26740046.0,,,,,,,,,,,3.053,1236.9,,,,18058.0,0.0,,371.0,139.0,3.22,,,0.0,0.0,,,,0.0,,,,""
17939507582,"1 de abr. de 2026, 13:10:19",bíceps+costas,Treinamento com peso,"",10762,0,,,false,,,activities/19039598096.fit.gz,,,10762.0,10762.0,0.0,0.0,0.0,0.0,0.0,0.0,0.0,0.0,0.0,,,,,,,,,551.0,,,,,,,,,,,,,,,,0.0,,1.0,,,,,,,,,,,,,,,,,,,,,,,,,,,,0.0,0.0,,,,,0.0,,,,,,,0.0,0.0,,,,0.0,,,,media/5bf525f7-3830-4304-89fa-7aa99f439cea.jpg
17923865426,"31 de mar. de 2026, 11:03:07",costas+bíceps 🏋️‍♂️,Treinamento com peso,"",3221,0,,,false,,,activities/19023851358.fit.gz,,,3221.0,3221.0,0.0,0.0,0.0,0.0,0.0,0.0,0.0,0.0,0.0,,,,,,,,,247.0,,,,,,,,,,,,,,,,0.0,,1.0,,,,,,,,,,,,,,,,,,,,,,,,,,,,0.0,0.0,,,,,0.0,,,,,,,0.0,0.0,,,,0.0,,,,media/3b6e771c-e422-4ace-8780-06a53cf1e526.jpg
17918281576,"30 de mar. de 2026, 21:42:03","T10k | Pace 5'38"" | 220m D+",Corrida,"",3427,"10,08",,,false,,Fila Racer Speedzone,activities/19018216691.fit.gz,,,3427.0,3403.0,10081.2,4.6,2.962,221.8,185.0,753.6,825.8,31.0,0.0,,,89.0,82.0,,,,341.0,786.0,,,,,,,,,,,,344.0,3428.0,0.0,,0.0,,1.0,10790.9,,,,,,,,,,,,,,,,23620613.0,,,,,,,,,,,2.942,238.3,,,,9678.0,0.0,,192.0,139.0,3.114,,,0.0,0.0,,,,0.0,,,,""
17913166626,"30 de mar. de 2026, 14:11:07",bíceps+costas 🏋️‍♂️,Treinamento com peso,"",3240,0,,,false,,,activities/19013090397.fit.gz,,,3240.0,3240.0,0.0,0.0,0.0,0.0,0.0,0.0,0.0,0.0,0.0,,,,,,,,,192.0,,,,,,,,,,,,,,0.0,,0.0,,1.0,,,,,,,,,,,,,,,,,,,,,,,,,,,,0.0,0.0,,,,,0.0,,,,,,,0.0,0.0,,,,0.0,,,,media/e5376f4e-5b71-4087-a902-33b8d797ff45.jpg
17906206455,"29 de mar. de 2026, 20:09:10","T10K | 5'12"" 🍃",Corrida,"",3288,"10,03",,,false,,Mizuno Wave Rider 28 Wave Rider 28,activities/19006028652.fit.gz,,,3288.0,3132.0,10038.8,4.38,3.205,154.0,169.0,753.6,785.0,33.1,-0.2,,,93.0,85.0,,,,350.0,706.0,,,,,,,,,,,,345.0,3289.0,0.0,,0.0,,1.0,10469.5,,,,,,,,,,,,,,,,29739176.0,,,,,,,,,,,3.053,1249.2,,,,8674.0,0.0,,179.0,140.0,3.343,,,0.0,0.0,,,,0.0,,,,""
17893863889,"28 de mar. de 2026, 21:27:13",T8k | 60min | Z2🍃,Corrida,"",3045,"8,01",,,false,,Fila Racer Speedzone,activities/18993511237.fit.gz,,,3045.0,3043.0,8014.9,3.66,2.634,112.0,113.0,753.4,780.6,26.7,0.0,,,85.0,81.0,,,,310.0,530.0,,,,,,,,,,,,311.0,3046.0,0.0,,0.0,,1.0,8295.4,,,,,,,,,,,,,,,,23620613.0,,,,,,,,,,,2.632,1887.7,,,,8302.0,0.0,,134.0,126.0,2.726,,,0.0,0.0,,,,0.0,,,,""
17893492458,"28 de mar. de 2026, 21:24:18",Evening Run,Corrida,,107,"0,28",,,false,,Fila Racer Speedzone,activities/18993136708.fit.gz,,,107.0,107.0,288.0,3.84,2.692,3.0,1.0,771.8,775.6,5.4,1.0,,,84.0,81.0,,,,300.0,15.0,,,,,,,,,,,,264.0,108.0,,,0.0,,1.0,298.0,,,,,,,,,,,,,,,,23620613.0,,,,,,,,,,,2.692,0.0,,,,296.0,0.0,,3.0,107.0,2.785,,,,,,,,,,,,""
17882681645,"27 de mar. de 2026, 23:53:41",T5K | CASA OSTEN,Corrida,[strava://clubs/1328440/20]A VIDA É UM CORREEE! ,3084,"5,17",,,false,,Mizuno Wave Rider 28 Wave Rider 28,activities/18982238597.fit.gz,,,3084.0,2261.0,5169.9,3.98,2.287,61.0,61.0,735.4,766.0,50.0,0.0,,,87.0,76.0,,,,262.0,298.0,,,,,,,,,,,,241.0,3085.0,0.0,,0.0,,1.0,5271.6,,,,,,,,,,,,,,,,29739176.0,,,,,,,,,,,1.676,29.7,,,,5476.0,0.0,,82.0,98.0,2.332,,,0.0,0.0,,,,0.0,,,,media/b87247af-0c0c-41f1-9601-40ab3fbdbdef.jpg|media/96153507-80e2-4305-977f-8bb53584ed37.jpg
17865455594,"26 de mar. de 2026, 12:09:53",ombros+peito+costas🏋️‍♂️,Treinamento com peso,"",2838,0,,,false,,,activities/18965007531.fit.gz,,,2838.0,2838.0,0.0,0.0,0.0,0.0,0.0,0.0,0.0,0.0,0.0,,,,,,,,,234.0,,,,,,,,,,,,,,,,0.0,,1.0,,,,,,,,,,,,,,,,,,,,,,,,,,,,0.0,0.0,,,,,0.0,,,,,,,0.0,0.0,,,,0.0,,,,""
17851556797,"25 de mar. de 2026, 09:52:23",T10k | 60min | Z2🍃,Corrida,"",3633,"10,01",,,false,,Fila Racer Speedzone,activities/18951042582.tcx.gz,,,3633.0,3607.0,10011.5,4.14,2.776,92.7,98.2,738.0,778.3,33.9,-0.1,,,86.0,83.0,,,,316.0,615.0,,,,,,,,,,,,316.0,3634.0,0.0,,0.0,,1.0,10253.3,,,,,,,,,,,,,,,,23620613.0,,,,,,,,,,,2.756,57.3,,,,,0.0,,165.0,128.0,2.843,,,0.0,0.0,,,,0.0,,,,""
17839376224,"24 de mar. de 2026, 11:06:32",tríceps+peito+ombros 🏋️‍♂️,Treinamento com peso,"",3552,0,,,false,,,activities/18938827111.tcx.gz,,,3552.0,3552.0,0.0,0.0,0.0,0.0,0.0,0.0,0.0,0.0,0.0,,,,,,,,,271.0,,,,,,,,,,,,,,,,0.0,,1.0,,,,,,,,,,,,,,,,,,,,,,,,,,,,0.0,0.0,,,,,0.0,,,,,,,0.0,0.0,,,,0.0,,,,""
17828712909,"23 de mar. de 2026, 14:44:33",costas+bíceps,Treinamento com peso,"",2694,0,,,false,,,activities/18928136430.tcx.gz,,,2694.0,2694.0,0.0,0.0,0.0,0.0,0.0,0.0,0.0,0.0,0.0,,,,,,,,,150.0,,,,,,,,,,,,,,0.0,,0.0,,1.0,,,,,,,,,,,,,,,,,,,,,,,,,,,,0.0,0.0,,,,,0.0,,,,,,,0.0,0.0,,,,0.0,,,,media/0d5306a2-f902-4882-9ab9-5be580c16d66.jpg
17822027205,"22 de mar. de 2026, 21:04:14",T8k | Regenerativo,Corrida,"",3165,"8,02",,,false,,Fila Racer Speedzone,activities/18921392922.tcx.gz,,,3165.0,3009.0,8028.9,5.325,2.668,43.5,46.4,742.2,767.8,9.4,0.0,,,86.0,82.0,,,,306.0,578.0,,,,,,,,,,,,302.0,3166.0,,,0.0,,1.0,8075.3,,,,,,,,,,,,,,,,23620613.0,,,,,,,,,,,2.537,29.5,,,,,0.0,,132.0,123.0,2.684,,,1.0,0.0,,,,0.0,,,,""
17808079366,"21 de mar. de 2026, 20:44:27",Afternoon Run,Corrida,"",409,"1,02",,,false,,New Balance Propel v5 Propel v5,activities/18907268102.tcx.gz,,,409.0,398.0,1026.8,3.74,2.58,42.3,21.3,734.3,770.7,36.0,2.1,,,84.0,81.0,,,,309.0,81.0,,,,,,,,,,,,303.0,410.0,0.0,,0.0,,1.0,1115.4,,,,,,,,,,,,,,,,26740046.0,,,,,,,,,,,2.511,13.9,,,,,0.0,,17.0,123.0,2.803,,,0.0,0.0,,,,0.0,,,,""
17807986948,"21 de mar. de 2026, 19:45:24","T10k | Pace 5'13""",Corrida,"",3143,"10,01",,,false,,New Balance Propel v5 Propel v5,activities/18907174177.tcx.gz,,,3143.0,3137.0,10014.2,4.7,3.192,93.9,92.3,749.3,796.4,46.6,0.0,,,88.0,82.0,,,,350.0,758.0,,,,,,,,,,,,348.0,3144.0,0.0,,0.0,,1.0,10211.4,,,,,,,,,,,,,,,,26740046.0,,,,,,,,,,,3.186,2720.6,,,,,0.0,,174.0,141.0,3.255,,,0.0,0.0,,,,0.0,,,,""
17807608689,"21 de mar. de 2026, 19:34:11",Afternoon Run,Corrida,"",612,"1,70",,,false,,New Balance Propel v5 Propel v5,activities/18906791323.tcx.gz,,,612.0,612.0,1707.9,3.94,2.791,4.1,33.5,743.5,777.0,5.8,-1.7,,,85.0,83.0,,,,304.0,105.0,,,,,,,,,,,,304.0,613.0,0.0,,0.0,,1.0,1697.0,,,,,,,,,,,,,,,,26740046.0,,,,,,,,,,,2.791,0.0,,,,,0.0,,26.0,124.0,2.773,,,0.0,0.0,,,,0.0,,,,""
17797438853,"20 de mar. de 2026, 21:19:32","T15k | Pace 5'42"" | 220m D+",Corrida,"",5263,"15,07",,,false,,Fila Racer T2 T2,activities/18896510668.tcx.gz,,,5263.0,5156.0,15070.2,4.5,2.923,222.0,226.2,711.7,779.7,35.2,0.0,,,91.0,83.0,,,,329.0,1166.0,,,,,,,,,,,,330.0,5264.0,0.0,,0.0,,1.0,15606.1,,,,,,,,,,,,,,,,19912724.0,,,,,,,,,,,2.863,16.1,,,,,0.0,,262.0,134.0,3.027,,,0.0,0.0,,,,0.0,,,,""
17778524744,"19 de mar. de 2026, 12:07:05",Morning Weight Training,Treinamento com peso,,2987,0,,,false,,,activities/18877486797.tcx.gz,,,2987.0,2987.0,0.0,0.0,0.0,0.0,0.0,0.0,0.0,0.0,0.0,,,,,,,,,212.0,,,,,,,,,,,,,,,,0.0,,1.0,,,,,,,,,,,,,,,,,,,,,,,,,,,,0.0,0.0,,,,,0.0,,,,,,,,,,,,,,,,""
17764748155,"18 de mar. de 2026, 09:44:38",T10k | 60min | Z2🍃,Corrida,"",3781,"10,03",,,false,,New Balance Propel v5 Propel v5,activities/18863641443.tcx.gz,,,3781.0,3682.0,10033.7,4.38,2.725,81.5,91.4,751.6,799.9,11.9,-0.1,,,86.0,83.0,,,,323.0,618.0,,,,,,,,,,,,321.0,3782.0,0.0,,0.0,,1.0,10121.1,,,,,,,,,,,,,,,,26740046.0,,,,,,,,,,,2.654,1379.1,,,,,0.0,,178.0,130.0,2.749,,,0.0,0.0,,,,0.0,,,,""
17743016880,"16 de mar. de 2026, 14:25:10",peito+tríceps+ombros🏋️‍♂️,Treinamento com peso,"",3370,0,,,false,,,activities/18841868538.tcx.gz,,,3370.0,3370.0,0.0,0.0,0.0,0.0,0.0,0.0,0.0,0.0,0.0,,,,,,,,,196.0,,,,,,,,,,,,,,0.0,,0.0,,1.0,,,,,,,,,,,,,,,,,,,,,,,,,,,,0.0,0.0,,,,,0.0,,,,,,,0.0,0.0,,,,0.0,,,,media/4a4e24a5-b36d-4790-9da4-15de9921c87e.jpg
17736573971,"15 de mar. de 2026, 20:05:40",T8k | Regenerativo,Corrida,"",3173,"8,01",,,false,,Fila Racer T2 T2,activities/18835367535.tcx.gz,,,3173.0,3107.0,8013.3,3.78,2.579,50.1,62.8,756.1,784.2,20.0,-0.2,,,86.0,82.0,,,,305.0,541.0,,,,,,,,,,,,303.0,3174.0,0.0,,0.0,,1.0,8055.7,,,,,,,,,,,,,,,,19912724.0,,,,,,,,,,,2.525,55.1,,,,,0.0,,133.0,123.0,2.593,,,1.0,0.0,,,,0.0,,,,""
17724699770,"14 de mar. de 2026, 19:53:59","L21k | Pace 5'20""",Corrida,"",6883,"21,16",,,false,,New Balance Propel v5 Propel v5,activities/18823357223.tcx.gz,,,6883.0,6763.0,21161.6,5.72,3.129,146.6,165.6,729.6,802.7,38.4,-0.1,,,87.0,83.0,,,,336.0,1570.0,,,,,,,,,,,,334.0,6884.0,0.0,,0.0,,1.0,21328.8,,,,,,,,,,,,,,,,26740046.0,,,,,,,,,,,3.074,1692.1,,,,,0.0,,353.0,136.0,3.154,,,0.0,0.0,,,,0.0,,,,""
17716373196,"13 de mar. de 2026, 22:22:48",Evening Workout,Treino,,8179,0,,,false,,,activities/18814959087.tcx.gz,,,8179.0,8179.0,0.0,0.0,0.0,0.0,0.0,0.0,0.0,0.0,0.0,,,,,,,,,186.0,,,,,,,,,,,,,,,,0.0,,1.0,,,,,,,,,,,,,,,,,,,,,,,,,,,,0.0,0.0,,,,,0.0,,,,,,,,,,,,,,,,""
17696464583,"12 de mar. de 2026, 11:58:27",costas+bíceps,Treinamento com peso,"",3267,0,,,false,,,activities/18794950347.tcx.gz,,,3267.0,3267.0,0.0,0.0,0.0,0.0,0.0,0.0,0.0,0.0,0.0,,,,,,,,,197.0,,,,,,,,,,,,,,0.0,,0.0,,1.0,,,,,,,,,,,,,,,,,,,,,,,,,,,,0.0,0.0,,,,,0.0,,,,,,,0.0,0.0,,,,0.0,,,,media/32a6722e-cd05-476e-91b0-95ec119bfe0c.jpg
17683088644,"11 de mar. de 2026, 09:33:15",T10k | 60min | Z2🍃,Corrida,"",3747,"10,01",,,false,,Fila Racer Speedzone,activities/18781510525.tcx.gz,,,3747.0,3708.0,10018.0,3.86,2.702,82.6,103.6,748.5,798.8,15.5,-0.2,,,87.0,83.0,,,,318.0,621.0,,,,,,,,,,,,316.0,3748.0,,,0.0,,1.0,10097.0,,,,,,,,,,,,,,,,23620613.0,,,,,,,,,,,2.674,1389.4,,,,,0.0,,171.0,128.0,2.723,,,0.0,0.0,,,,0.0,,,,""
17671249288,"10 de mar. de 2026, 11:02:42",peito+tríceps+ombros 🏋️‍♂️,Treinamento com peso,"",3201,0,,,false,,,activities/18769635980.tcx.gz,,,3201.0,3201.0,0.0,0.0,0.0,0.0,0.0,0.0,0.0,0.0,0.0,,,,,,,,,223.0,,,,,,,,,,,,,,,,0.0,,1.0,,,,,,,,,,,,,,,,,,,,,,,,,,,,0.0,0.0,,,,,0.0,,,,,,,0.0,0.0,,,,0.0,,,,""
17660636074,"9 de mar. de 2026, 14:25:29",Lunch Weight Training,Treinamento com peso,,2967,0,,,false,,,activities/18758975812.tcx.gz,,,2967.0,2967.0,0.0,0.0,0.0,0.0,0.0,0.0,0.0,0.0,0.0,,,,,,,,,145.0,,,,,,,,,,,,,,,,0.0,,1.0,,,,,,,,,,,,,,,,,,,,,,,,,,,,0.0,0.0,,,,,0.0,,,,,,,,,,,,,,,,""
17654822990,"8 de mar. de 2026, 22:11:27","T10k | Pace 4'53"" 🔥",Corrida,"",2935,"10,02",,,false,,Fila Racer T2 T2,activities/18753101480.tcx.gz,,,2935.0,2935.0,10019.1,5.06,3.414,32.5,61.4,718.8,755.4,4.9,-0.3,,,89.0,84.0,,,,357.0,703.0,,,,,,,,,,,,356.0,2936.0,0.0,,0.0,,1.0,9997.8,,,,,,,,,,,,,,,,19912724.0,,,,,,,,,,,3.414,404.6,,,,,0.0,,171.0,145.0,3.406,,,0.0,0.0,,,,0.0,,,,""
17654822887,"8 de mar. de 2026, 22:02:04",Evening Run,Corrida,,519,"1,49",,,false,,Fila Racer Speedzone,activities/18753101414.tcx.gz,,,519.0,519.0,1493.6,5.0,2.878,6.2,20.8,754.8,772.0,6.0,-1.0,,,86.0,83.0,,,,312.0,108.0,,,,,,,,,,,,306.0,520.0,,,0.0,,1.0,1473.6,,,,,,,,,,,,,,,,23620613.0,,,,,,,,,,,2.878,0.0,,,,,0.0,,22.0,124.0,2.839,,,,,,,,,,,,""
17629681378,"6 de mar. de 2026, 22:04:33","T10k | Pace 5'24""↕️",Corrida,"",3318,"10,15",,,false,,Fila Racer T2 T2,activities/18727683196.tcx.gz,,,3318.0,3288.0,10156.2,4.24,3.089,115.1,130.8,754.7,809.7,37.9,-0.1,,,89.0,83.0,,,,339.0,741.0,,,,,,,,,,,,338.0,3319.0,0.0,,0.0,,1.0,10432.5,,,,,,,,,,,,,,,,19912724.0,,,,,,,,,,,3.061,11.8,,,,,0.0,,173.0,137.0,3.173,,,0.0,0.0,,,,0.0,,,,media/8c29dde2-1beb-4342-9909-47ce69593002.jpg
17614919024,"5 de mar. de 2026, 09:36:48",T10k | 60min | Z2🍃,Corrida,"",3719,"10,04",,,false,,Fila Racer Speedzone,activities/18712848981.tcx.gz,,,3719.0,3713.0,10044.3,4.2,2.705,93.1,111.6,736.6,775.7,50.0,-0.2,,,90.0,83.0,,,,309.0,639.0,,,,,,,,,,,,310.0,3720.0,0.0,,0.0,,1.0,10237.6,,,,,,,,,,,,,,,,23620613.0,,,,,,,,,,,2.701,53.3,,,,,0.0,,164.0,126.0,2.757,,,0.0,0.0,,,,0.0,,,,media/0decf335-612c-4a31-82ad-942d881b06b4.jpg
17614918354,"4 de mar. de 2026, 13:01:27",costas+bíceps🏋️‍♂️,Treinamento com peso,"",3557,0,,,false,,,activities/18712848635.tcx.gz,,,3557.0,3557.0,0.0,0.0,0.0,0.0,0.0,0.0,0.0,0.0,0.0,,,,,,,,,247.0,,,,,,,,,,,,,,0.0,,0.0,,1.0,,,,,,,,,,,,,,,,,,,,,,,,,,,,0.0,0.0,,,,,0.0,,,,,,,0.0,0.0,,,,0.0,,,,""
17588200847,"3 de mar. de 2026, 13:10:42",peito+tríceps+ombro,Treinamento com peso,"",3085,0,,,false,,,activities/18686093970.tcx.gz,,,3085.0,3085.0,0.0,0.0,0.0,0.0,0.0,0.0,0.0,0.0,0.0,,,,,,,,,175.0,,,,,,,,,,,,,,,,0.0,,1.0,,,,,,,,,,,,,,,,,,,,,,,,,,,,0.0,0.0,,,,,0.0,,,,,,,0.0,0.0,,,,0.0,,,,""
17580873061,"2 de mar. de 2026, 20:33:56",Legday,Treinamento com peso,"",3514,0,,,false,,,activities/18678728339.tcx.gz,,,3514.0,3514.0,0.0,0.0,0.0,0.0,0.0,0.0,0.0,0.0,0.0,,,,,,,,,298.0,,,,,,,,,,,,,,,,0.0,,1.0,,,,,,,,,,,,,,,,,,,,,,,,,,,,0.0,0.0,,,,,0.0,,,,,,,0.0,0.0,,,,0.0,,,,media/5be65721-8bf1-4642-8ac9-fa20a5b2b1e0.jpg
17570859800,"1 de mar. de 2026, 21:52:09","T15k | Pace 5'22"" | 220m D+",Corrida,"",5010,"15,02",,,false,,Fila Racer T2 T2,activities/18668660900.tcx.gz,,,5010.0,4843.0,15021.5,4.98,3.102,221.5,209.0,749.7,820.8,21.1,0.1,,,89.0,82.0,,,,341.0,1109.0,,,,,,,,,,,,338.0,5011.0,0.0,,0.0,,1.0,15467.0,,,,,,,,,,,,,,,,19912724.0,,,,,,,,,,,2.998,0.0,,,,,0.0,,262.0,137.0,3.194,,,0.0,0.0,,,,0.0,,,,""
17546120002,"27 de fev. de 2026, 22:25:32",Evening Run,Corrida,,420,"1,02",,,false,,Fila Racer Speedzone,activities/18643662279.tcx.gz,,,420.0,420.0,1025.2,3.44,2.441,27.1,15.7,739.8,754.1,49.1,0.9,,,85.0,81.0,,,,303.0,76.0,,,,,,,,,,,,296.0,421.0,,,0.0,,1.0,1158.5,,,,,,,,,,,,,,,,23620613.0,,,,,,,,,,,2.441,11.1,,,,,0.0,,16.0,120.0,2.758,,,,,,,,,,,,""
17546030519,"27 de fev. de 2026, 21:32:07","T10k | Pace 4'53"" 🔥",Corrida,"",2938,"10,04",,,false,,Fila Racer T2 T2,activities/18643572078.tcx.gz,,,2938.0,2931.0,10045.7,4.96,3.427,50.1,58.3,743.0,767.8,8.3,-0.1,,,89.0,84.0,,,,356.0,678.0,,,,,,,,,,,,357.0,2939.0,0.0,,0.0,,1.0,10076.8,,,,,,,,,,,,,,,,19912724.0,,,,,,,,,,,3.419,170.6,,,,,0.0,,171.0,145.0,3.438,,,0.0,0.0,,,,0.0,,,,""
17545630948,"27 de fev. de 2026, 21:23:39",Evening Run,Corrida,,443,"1,33",,,false,,Fila Racer Speedzone,activities/18643170860.tcx.gz,,,443.0,443.0,1335.9,3.98,3.016,4.6,16.1,770.1,786.2,4.4,-0.9,,,86.0,83.0,,,,318.0,67.0,,,,,,,,,,,,316.0,444.0,,,0.0,,1.0,1321.6,,,,,,,,,,,,,,,,23620613.0,,,,,,,,,,,3.016,0.0,,,,,0.0,,20.0,128.0,2.983,,,,,,,,,,,,""
17529891330,"26 de fev. de 2026, 11:16:47",superiores 🏋️‍♂️,Treinamento com peso,"",7592,0,,,false,,,activities/18627374383.tcx.gz,,,7592.0,7592.0,0.0,0.0,0.0,0.0,0.0,0.0,0.0,0.0,0.0,,,,,,,,,509.0,,,,,,,,,,,,,,0.0,,0.0,,1.0,,,,,,,,,,,,,,,,,,,,,,,,,,,,0.0,0.0,,,,,0.0,,,,,,,0.0,0.0,,,,0.0,,,,""
17516190020,"25 de fev. de 2026, 09:40:12",T10k | 60min | Z2🍃,Corrida,"",3714,"10,01",,,false,,Fila Racer Speedzone,activities/18613613564.tcx.gz,,,3714.0,3703.0,10013.6,4.18,2.704,86.3,91.3,750.2,793.5,18.9,0.0,,,86.0,83.0,,,,321.0,634.0,,,,,,,,,,,,322.0,3715.0,0.0,,0.0,,1.0,10146.6,,,,,,,,,,,,,,,,23620613.0,,,,,,,,,,,2.696,1527.6,,,,,0.0,,176.0,131.0,2.74,,,0.0,0.0,,,,0.0,,,,""
17504486978,"24 de fev. de 2026, 11:04:46",costas+bíceps,Treinamento com peso,"",2922,0,,,false,,,activities/18601880313.tcx.gz,,,2922.0,2922.0,0.0,0.0,0.0,0.0,0.0,0.0,0.0,0.0,0.0,,,,,,,,,253.0,,,,,,,,,,,,,,,,0.0,,1.0,,,,,,,,,,,,,,,,,,,,,,,,,,,,0.0,0.0,,,,,0.0,,,,,,,0.0,0.0,,,,0.0,,,,""
17499514426,"23 de fev. de 2026, 21:17:44","T15k | Pace 5'34"" | 250m D+",Corrida,"",5056,"15,05",,,false,,Fila Racer T2 T2,activities/18596882848.tcx.gz,,,5056.0,4990.0,15056.0,4.78,3.017,251.3,240.3,772.2,833.0,48.7,0.1,,,89.0,83.0,,,,341.0,1132.0,,,,,,,,,,,,343.0,5057.0,0.0,,0.0,,1.0,15823.5,,,,,,,,,,,,,,,,19912724.0,,,,,,,,,,,2.978,828.3,,,,,0.0,,272.0,139.0,3.171,,,0.0,0.0,,,,0.0,,,,""
17494828497,"23 de fev. de 2026, 13:49:00",peito+tríceps+ombros 🏋️‍♂️,Treinamento com peso,"",4399,0,,,false,,,activities/18592199270.tcx.gz,,,4399.0,4399.0,0.0,0.0,0.0,0.0,0.0,0.0,0.0,0.0,0.0,,,,,,,,,279.0,,,,,,,,,,,,,,,,0.0,,1.0,,,,,,,,,,,,,,,,,,,,,,,,,,,,0.0,0.0,,,,,0.0,,,,,,,0.0,0.0,,,,0.0,,,,""
17465615115,"20 de fev. de 2026, 21:14:51",T10k | 60min | Z2🍃,Corrida,"",3744,"10,02",,,false,,Fila Racer Speedzone,activities/18562793256.tcx.gz,,,3744.0,3710.0,10020.7,3.86,2.701,99.1,104.2,763.7,814.9,38.7,-0.1,,,88.0,82.0,,,,319.0,596.0,,,,,,,,,,,,318.0,3745.0,0.0,,0.0,,1.0,10230.3,,,,,,,,,,,,,,,,23620613.0,,,,,,,,,,,2.676,2025.5,,,,,0.0,,173.0,129.0,2.757,,,0.0,0.0,,,,0.0,,,,""
17456805645,"19 de fev. de 2026, 23:42:47",T8k | A VIDA É UM CORRE,Corrida,"",3036,"8,00",,,false,,Fila Racer T2 T2,activities/18553945944.tcx.gz,,,3036.0,2716.0,8008.2,4.14,2.949,24.5,40.1,713.7,741.0,13.7,-0.2,,,89.0,82.0,,,,325.0,561.0,,,,,,,,,,,,318.0,3037.0,0.0,,0.0,,1.0,8054.6,,,,,,,,,,,,,,,,19912724.0,,,,,,,,,,,2.638,0.0,,,,,0.0,,140.0,129.0,2.966,,,0.0,0.0,,,,0.0,,,,media/60a29afc-c393-4895-b170-d797ca428f6c.mp4
17439585037,"18 de fev. de 2026, 13:09:03",tríceps+costas+ombros 🏋️‍♂️,Treinamento com peso,"",4416,0,,,false,,,activities/18536696300.tcx.gz,,,4416.0,4416.0,0.0,0.0,0.0,0.0,0.0,0.0,0.0,0.0,0.0,,,,,,,,,224.0,,,,,,,,,,,,,,0.0,,0.0,,1.0,,,,,,,,,,,,,,,,,,,,,,,,,,,,0.0,0.0,,,,,0.0,,,,,,,0.0,0.0,,,,0.0,,,,""
17427392165,"17 de fev. de 2026, 11:35:01",Morning Weight Training,Treinamento com peso,,6697,0,,,false,,,activities/18524471840.tcx.gz,,,6697.0,6697.0,0.0,0.0,0.0,0.0,0.0,0.0,0.0,0.0,0.0,,,,,,,,,492.0,,,,,,,,,,,,,,,,0.0,,1.0,,,,,,,,,,,,,,,,,,,,,,,,,,,,0.0,0.0,,,,,0.0,,,,,,,,,,,,,,,,""
17415872323,"16 de fev. de 2026, 11:17:03","L25k | 2h15'33"" 🔥",Corrida,"",8501,"25,08",,,false,,New Balance Propel v5 Propel v5,activities/18512905183.tcx.gz,,,8501.0,8133.0,25087.7,4.78,3.085,121.7,97.7,748.1,783.3,39.4,0.1,,,88.0,83.0,,,,342.0,1824.0,,,,,,,,,,,,337.0,8502.0,0.0,,0.0,,1.0,25371.4,,,,,,,,,,,,,,,,26740046.0,,,,,,,,,,,2.951,1379.2,,,,,0.0,,443.0,137.0,3.12,,,0.0,0.0,,,,0.0,,,,""
17409957738,"15 de fev. de 2026, 19:36:36",T5k | Regenerativo,Corrida,"",2054,"5,04",,,false,,Fila Racer Speedzone,activities/18506946389.tcx.gz,,,2054.0,1898.0,5040.3,3.7,2.656,19.7,40.2,756.9,781.6,11.1,-0.4,,,87.0,78.0,,,,,428.0,,,,,,,,,,,,,,0.0,,0.0,,1.0,5034.1,,,,,,,,,,,,,,,,23620613.0,,,,,,,,,,,2.454,11.9,,,,,0.0,,,,2.654,,,1.0,0.0,,,,0.0,,,,""
17399706092,"14 de fev. de 2026, 21:47:16","T10k | Pace 4'47"" 🔥",Corrida,"",2873,"10,00",,,false,,New Balance Propel v5 Propel v5,activities/18496603720.tcx.gz,,,2873.0,2873.0,10004.5,5.1,3.482,68.0,83.2,748.6,783.7,49.5,-0.2,,,97.0,84.0,,,,366.0,683.0,,,,,,,,,,,,364.0,2874.0,0.0,,0.0,,1.0,10120.1,,,,,,,,,,,,,,,,26740046.0,,,,,,,,,,,3.482,1365.4,,,,,0.0,,175.0,148.0,3.522,,,0.0,0.0,,,,0.0,,,,""
17399368908,"14 de fev. de 2026, 21:40:00",Evening Run,Corrida,,360,"1,02",,,false,,Fila Racer Speedzone,activities/18496264661.tcx.gz,,,360.0,360.0,1023.2,3.74,2.842,9.1,12.1,779.0,789.1,8.5,-0.3,,,84.0,83.0,,,,322.0,59.0,,,,,,,,,,,,315.0,361.0,,,0.0,,1.0,1030.9,,,,,,,,,,,,,,,,23620613.0,,,,,,,,,,,2.842,0.0,,,,,0.0,,16.0,128.0,2.864,,,,,,,,,,,,""
17398480444,"14 de fev. de 2026, 18:31:33",Afternoon Weight Training,Treinamento com peso,,3732,0,,,false,,,activities/18495371878.tcx.gz,,,3732.0,3732.0,0.0,0.0,0.0,0.0,0.0,0.0,0.0,0.0,0.0,,,,,,,,,258.0,,,,,,,,,,,,,,,,0.0,,1.0,,,,,,,,,,,,,,,,,,,,,,,,,,,,0.0,0.0,,,,,0.0,,,,,,,,,,,,,,,,""
17388562180,"13 de fev. de 2026, 21:23:00",T15k | 200m D+ ⛰️,Corrida,"",5256,"15,26",,,false,,Fila Racer T2 T2,activities/18485380753.tcx.gz,,,5256.0,5225.0,15264.4,4.42,2.921,206.2,202.5,754.4,815.0,33.3,0.0,,,88.0,82.0,,,,332.0,1180.0,,,,,,,,,,,,335.0,5257.0,0.0,,0.0,,1.0,15760.0,,,,,,,,,,,,,,,,19912724.0,,,,,,,,,,,2.904,776.8,,,,,0.0,,270.0,136.0,3.016,,,0.0,0.0,,,,0.0,,,,""
17373347079,"12 de fev. de 2026, 12:12:24",costas+bíceps 🏋️‍♂️,Treinamento com peso,"",3981,0,,,false,,,activities/17373347079.gpx,,,3981.0,3981.0,0.0,0.0,0.0,0.0,0.0,0.0,0.0,0.0,0.0,,,,,,,,,,,,,,,,,,,,,,,0.0,,0.0,,1.0,,,,,,,,,,,,,,,,,,,,,,,,,,,,0.0,0.0,,,,,0.0,,,,,,,,,,,,,,,,""
17361226568,"11 de fev. de 2026, 09:41:45",T10k | 60min | Z2🍃,Corrida,"",3791,"10,01",,,false,,Fila Racer Speedzone,activities/18457982682.tcx.gz,,,3791.0,3745.0,10018.1,3.98,2.675,114.6,119.0,760.4,793.5,45.7,-0.1,,,86.0,82.0,,,,314.0,672.0,,,,,,,,,,,,314.0,3792.0,0.0,,0.0,,1.0,10324.3,,,,,,,,,,,,,,,,23620613.0,,,,,,,,,,,2.643,1320.1,,,,,0.0,,172.0,128.0,2.757,,,0.0,0.0,,,,0.0,,,,""
17349601112,"10 de fev. de 2026, 11:01:51",peito+tríceps+ombros 🏋️‍♂️,Treinamento com peso,"",3144,0,,,false,,,activities/18446323826.tcx.gz,,,3144.0,3144.0,0.0,0.0,0.0,0.0,0.0,0.0,0.0,0.0,0.0,,,,,,,,,245.0,,,,,,,,,,,,,,,,0.0,,1.0,,,,,,,,,,,,,,,,,,,,,,,,,,,,0.0,0.0,,,,,0.0,,,,,,,0.0,0.0,,,,0.0,,,,""
17343933220,"9 de fev. de 2026, 20:29:44",costas+bíceps 🏋️‍♂️,Treinamento com peso,"",4176,0,,,false,,,activities/18440623775.tcx.gz,,,4176.0,4176.0,0.0,0.0,0.0,0.0,0.0,0.0,0.0,0.0,0.0,,,,,,,,,177.0,,,,,,,,,,,,,,,,0.0,,1.0,,,,,,,,,,,,,,,,,,,,,,,,,,,,0.0,0.0,,,,,0.0,,,,,,,0.0,0.0,,,,0.0,,,,""
17334217023,"8 de fev. de 2026, 21:18:28",T10k | 60min | Z2🍃,Corrida,"",3730,"10,01",,,false,,Fila Racer Speedzone,activities/18430829720.tcx.gz,,,3730.0,3730.0,10016.1,4.1,2.685,67.6,90.3,754.5,793.0,11.2,-0.2,,,86.0,82.0,,,,316.0,656.0,,,,,,,,,,,,317.0,3731.0,0.0,,0.0,,1.0,10084.7,,,,,,,,,,,,,,,,23620613.0,,,,,,,,,,,2.685,124.3,,,,,0.0,,172.0,129.0,2.704,,,0.0,0.0,,,,0.0,,,,""
17321996488,"7 de fev. de 2026, 20:06:12","L21k | Pace 5'22"" 🔥",Corrida,"",6866,"21,18",,,false,,Fila Racer T2 T2,activities/18418452376.tcx.gz,,,6866.0,6819.0,21187.4,5.14,3.107,165.1,157.9,753.9,804.0,14.9,0.0,,,91.0,83.0,,,,341.0,1570.0,,,,,,,,,,,,341.0,6867.0,0.0,,0.0,,1.0,21398.5,,,,,,,,,,,,,,,,19912724.0,,,,,,,,,,,3.086,1423.8,,,,,0.0,,367.0,139.0,3.138,,,0.0,0.0,,,,0.0,,,,""
17310676881,"6 de fev. de 2026, 21:01:00",superiores 🏋️‍♂️,Treinamento com peso,"",6394,0,,,false,,,activities/18406990396.tcx.gz,,,6394.0,6394.0,0.0,0.0,0.0,0.0,0.0,0.0,0.0,0.0,0.0,,,,,,,,,467.0,,,,,,,,,,,,,,,,0.0,,1.0,,,,,,,,,,,,,,,,,,,,,,,,,,,,0.0,0.0,,,,,0.0,,,,,,,0.0,0.0,,,,0.0,,,,""
17293558026,"5 de fev. de 2026, 09:47:05","T10k | 49""00' | Z4🔥",Corrida,"",2943,"10,02",,,false,,New Balance Propel v5 Propel v5,activities/18389750959.tcx.gz,,,2943.0,2937.0,10023.6,4.98,3.413,76.9,82.2,736.3,774.9,44.3,-0.1,,,89.0,86.0,,,,362.0,656.0,,,,,,,,,,,,363.0,2944.0,0.0,,0.0,,1.0,10140.3,,,,,,,,,,,,,,,,26740046.0,,,,,,,,,,,3.406,653.7,,,,,0.0,,178.0,148.0,3.453,,,0.0,0.0,,,,0.0,,,,""
17281995874,"4 de fev. de 2026, 09:55:09",T10k | 60min | Z3🍃,Corrida,"",3610,"10,26",,,false,,Fila Racer Speedzone,activities/18378107662.tcx.gz,,,3610.0,3607.0,10263.5,3.98,2.845,69.0,77.3,744.9,782.2,10.6,-0.1,,,87.0,83.0,,,,328.0,653.0,,,,,,,,,,,,328.0,3611.0,0.0,,0.0,,1.0,10349.4,,,,,,,,,,,,,,,,23620613.0,,,,,,,,,,,2.843,140.5,,,,,0.0,,177.0,133.0,2.869,,,0.0,0.0,,,,0.0,,,,media/0dc425a7-55e7-4b5e-a544-33e877269790.jpg
17270743711,"3 de fev. de 2026, 10:59:38",costas+bíceps,Treinamento com peso,"",3390,0,,,false,,,activities/18366814604.tcx.gz,,,3390.0,3390.0,0.0,0.0,0.0,0.0,0.0,0.0,0.0,0.0,0.0,,,,,,,,,197.0,,,,,,,,,,,,,,0.0,,0.0,,1.0,,,,,,,,,,,,,,,,,,,,,,,,,,,,0.0,0.0,,,,,0.0,,,,,,,0.0,0.0,,,,0.0,,,,""
17265490060,"2 de fev. de 2026, 21:33:43",T9k | 60min | Z2🍃,Corrida,"",3609,"9,23",,,false,,Fila Racer Speedzone,activities/18361489951.tcx.gz,,,3609.0,3598.0,9235.3,3.68,2.567,79.7,89.3,761.2,791.6,19.0,-0.1,,,85.0,82.0,,,,309.0,634.0,,,,,,,,,,,,310.0,3610.0,0.0,,0.0,,1.0,9390.5,,,,,,,,,,,,,,,,23620613.0,,,,,,,,,,,2.559,536.8,,,,,0.0,,159.0,126.0,2.61,,,0.0,0.0,,,,0.0,,,,media/85937259-eba3-4337-9f7e-802c54f14563.jpg
17260870988,"2 de fev. de 2026, 13:55:31",peito+tríceps+ombro,Treinamento com peso,"",3499,0,,,false,,,activities/18356862411.tcx.gz,,,3499.0,3499.0,0.0,0.0,0.0,0.0,0.0,0.0,0.0,0.0,0.0,,,,,,,,,185.0,,,,,,,,,,,,,,,,0.0,,1.0,,,,,,,,,,,,,,,,,,,,,,,,,,,,0.0,0.0,,,,,0.0,,,,,,,0.0,0.0,,,,0.0,,,,""
17243089735,"31 de jan. de 2026, 19:48:14","L21k | Pace 5'30"" 🌳",Corrida,"",7092,"21,17",,,false,,New Balance Propel v5 Propel v5,activities/18338858052.tcx.gz,,,7092.0,6875.0,21172.2,5.24,3.08,106.6,113.6,718.5,776.6,9.5,0.0,,,87.0,83.0,,,,336.0,1634.0,,,,,,,,,,,,331.0,7093.0,0.0,,0.0,,1.0,21296.8,,,,,,,,,,,,,,,,26740046.0,,,,,,,,,,,2.985,504.0,,,,,0.0,,357.0,135.0,3.098,,,0.0,0.0,,,,0.0,,,,""
17231825057,"30 de jan. de 2026, 21:20:04",T15k | 200m D+ ⛰️,Corrida,"",5196,"15,01",,,false,,Fila Racer T2 T2,activities/18327483176.tcx.gz,,,5196.0,5103.0,15016.5,5.18,2.943,211.8,220.7,732.0,801.0,31.5,-0.1,,,91.0,83.0,,,,330.0,1163.0,,,,,,,,,,,,331.0,5197.0,0.0,,0.0,,1.0,15428.4,,,,,,,,,,,,,,,,19912724.0,,,,,,,,,,,2.89,850.7,,,,,0.0,,262.0,135.0,3.023,,,0.0,0.0,,,,0.0,,,,""
17225792218,"30 de jan. de 2026, 10:09:39",superiores 🏋️‍♂️,Treinamento com peso,"",2322,0,,,false,,,activities/18321429880.tcx.gz,,,2322.0,2322.0,0.0,0.0,0.0,0.0,0.0,0.0,0.0,0.0,0.0,,,,,,,,,186.0,,,,,,,,,,,,,,,,0.0,,1.0,,,,,,,,,,,,,,,,,,,,,,,,,,,,0.0,0.0,,,,,0.0,,,,,,,0.0,0.0,,,,0.0,,,,""
17214867947,"29 de jan. de 2026, 09:24:08","T10k | 60""00'+ 🍃",Corrida,"",3757,"10,01",,,false,,Fila Racer Speedzone,activities/18310427430.tcx.gz,,,3757.0,3738.0,10013.3,3.75,2.679,84.8,89.4,754.3,784.8,13.6,-0.1,,,85.0,83.0,,,,317.0,813.0,,,,,,,,,,,,318.0,3758.0,0.0,,0.0,,1.0,10181.9,,,,,,,,,,,,,,,,23620613.0,,,,,,,,,,,2.665,1355.3,,,,,0.0,,174.0,129.0,2.724,,,0.0,0.0,,,,0.0,,,,""
17206534702,"28 de jan. de 2026, 14:41:49",peito+tríceps+ombro,Treinamento com peso,"",3230,0,,,false,,,activities/18302074101.tcx.gz,,,3230.0,3230.0,0.0,0.0,0.0,0.0,0.0,0.0,0.0,0.0,0.0,,,,,,,,,200.0,,,,,,,,,,,,,,0.0,,0.0,,1.0,,,,,,,,,,,,,,,,,,,,,,,,,,,,0.0,0.0,,,,,0.0,,,,,,,0.0,0.0,,,,,,,,""
17192580665,"27 de jan. de 2026, 11:03:41",costas+bíceps 🏋️‍♂️,Treinamento com peso,"",2448,0,,,false,,,activities/18288043797.tcx.gz,,,2448.0,2448.0,0.0,0.0,0.0,0.0,0.0,0.0,0.0,0.0,0.0,,,,,,,,,231.0,,,,,,,,,,,,,,0.0,,0.0,,1.0,,,,,,,,,,,,,,,,,,,,,,,,,,,,0.0,0.0,,,,,0.0,,,,,,,0.0,0.0,,,,,,,,""
17187123739,"26 de jan. de 2026, 20:27:03",Inferiores 🏋️‍♂️,Treinamento com peso,"",4001,0,,,false,,,activities/18282550120.tcx.gz,,,4001.0,4001.0,0.0,0.0,0.0,0.0,0.0,0.0,0.0,0.0,0.0,,,,,,,,,293.0,,,,,,,,,,,,,,0.0,,0.0,,1.0,,,,,,,,,,,,,,,,,,,,,,,,,,,,0.0,0.0,,,,,0.0,,,,,,,0.0,0.0,,,,,,,,""
17176966940,"25 de jan. de 2026, 19:20:32","T17k | Longão 5'07"" 🌳",Corrida,"",5418,"17,61",,,false,,New Balance Propel v5 Propel v5,activities/18272304317.tcx.gz,,,5418.0,5418.0,17610.3,6.22,3.25,156.8,131.4,776.2,842.9,16.2,0.1,,,87.0,83.0,,,,346.0,1273.0,,,,,,,,,,,,348.0,5419.0,0.0,,0.0,,1.0,17858.4,,,,,,,,,,,,,,,,26740046.0,,,,,,,,,,,3.25,1768.5,,,,,0.0,,300.0,141.0,3.296,,,0.0,0.0,,,,,,,,media/1242fd90-ae8f-489c-b2e4-37ad49f2f4e5.jpg
17176966273,"25 de jan. de 2026, 19:13:59",Afternoon Run,Corrida,,364,"1,03",,,false,,Fila Racer Speedzone,activities/18272303919.tcx.gz,,,364.0,361.0,1029.1,7.68,2.851,24.4,9.4,749.0,773.4,14.4,1.3,,,86.0,83.0,,,,300.0,76.0,,,,,,,,,,,,302.0,365.0,,,0.0,,1.0,1096.7,,,,,,,,,,,,,,,,23620613.0,,,,,,,,,,,2.827,0.0,,,,,0.0,,15.0,123.0,3.038,,,,,,,,,,,,""
17176966276,"23 de jan. de 2026, 22:51:56",Evening Workout,Treino,,4057,0,,,false,,,activities/18272303808.tcx.gz,,,4057.0,4057.0,0.0,0.0,0.0,0.0,0.0,0.0,0.0,0.0,0.0,,,,,,,,,205.0,,,,,,,,,,,,,,,,0.0,,1.0,,,,,,,,,,,,,,,,,,,,,,,,,,,,0.0,0.0,,,,,0.0,,,,,,,,,,,,,,,,""
17147897045,"23 de jan. de 2026, 09:22:07",T5k |  Regenerativo 🍃,Corrida,"",2166,"5,02",,,false,,Fila Racer Speedzone,activities/18242966750.tcx.gz,,,2166.0,2100.0,5028.9,3.65,2.395,38.1,57.9,748.0,792.8,13.3,-0.4,,,88.0,81.0,,,,281.0,366.0,,,,,,,,,,,,281.0,2167.0,0.0,,0.0,,1.0,5061.8,,,,,,,,,,,,,,,,23620613.0,,,,,,,,,,,2.322,1585.4,,,,,0.0,,78.0,114.0,2.41,,,0.0,0.0,,,,,,,,""
17143956891,"22 de jan. de 2026, 22:17:21",Evening Run,Corrida,,782,"2,01",,,false,,Fila Racer Speedzone,activities/18238987282.tcx.gz,,,782.0,782.0,2011.8,3.8,2.573,20.9,9.9,756.1,771.3,18.1,0.6,,,86.0,82.0,,,,315.0,169.0,,,,,,,,,,,,310.0,783.0,,,0.0,,1.0,2080.0,,,,,,,,,,,,,,,,23620613.0,,,,,,,,,,,2.573,14.3,,,,,0.0,,34.0,126.0,2.66,,,,,,,,,,,,""
17143800444,"22 de jan. de 2026, 21:11:21","T12k |  60'00""🔥",Corrida,"",3626,"12,03",,,false,,New Balance Propel v5 Propel v5,activities/18238831717.tcx.gz,,,3626.0,3620.0,12032.9,5.3,3.324,97.1,97.9,750.5,803.8,12.5,0.0,,,86.0,83.0,,,,350.0,838.0,,,,,,,,,,,,352.0,3627.0,0.0,,0.0,,1.0,12157.9,,,,,,,,,,,,,,,,26740046.0,,,,,,,,,,,3.319,321.1,,,,,0.0,,206.0,143.0,3.359,,,0.0,0.0,,,,,,,,media/ced0879f-9e36-46ed-b0d4-6bfa17424dc9.jpg
17138276832,"22 de jan. de 2026, 11:52:15",Superiores 🏋️‍♂️,Treinamento com peso,"",3000,0,,,false,,,activities/18233275685.tcx.gz,,,3000.0,3000.0,0.0,0.0,0.0,0.0,0.0,0.0,0.0,0.0,0.0,,,,,,,,,250.0,,,,,,,,,,,,,,,,0.0,,1.0,,,,,,,,,,,,,,,,,,,,,,,,,,,,0.0,0.0,,,,,0.0,,,,,,,0.0,0.0,,,,,,,,""
17127556476,"21 de jan. de 2026, 13:16:21",costas+bíceps,Treinamento com peso,"",2542,0,,,false,,,activities/18222469105.tcx.gz,,,2542.0,2542.0,0.0,0.0,0.0,0.0,0.0,0.0,0.0,0.0,0.0,,,,,,,,,247.0,,,,,,,,,,,,,,,,0.0,,1.0,,,,,,,,,,,,,,,,,,,,,,,,,,,,0.0,0.0,,,,,0.0,,,,,,,0.0,0.0,,,,,,,,""
17114246729,"20 de jan. de 2026, 10:55:14",Morning Weight Training,Treinamento com peso,,3364,0,,,false,,,activities/18209068528.tcx.gz,,,3364.0,3364.0,0.0,0.0,0.0,0.0,0.0,0.0,0.0,0.0,0.0,,,,,,,,,273.0,,,,,,,,,,,,,,,,0.0,,1.0,,,,,,,,,,,,,,,,,,,,,,,,,,,,0.0,0.0,,,,,0.0,,,,,,,,,,,,,,,,""
17102763775,"19 de jan. de 2026, 11:12:53",Inferiores 🏋️‍♂️,Treinamento com peso,"",4065,0,,,false,,,activities/18197536028.tcx.gz,,,4065.0,4065.0,0.0,0.0,0.0,0.0,0.0,0.0,0.0,0.0,0.0,,,,,,,,,255.0,,,,,,,,,,,,,,,,0.0,,1.0,,,,,,,,,,,,,,,,,,,,,,,,,,,,0.0,0.0,,,,,0.0,,,,,,,0.0,0.0,,,,,,,,""
17098227898,"18 de jan. de 2026, 21:00:09","T10k | Pace 6'00"" 🍃",Corrida,"",3808,"10,36",,,false,,Fila Racer Speedzone,activities/18192944479.tcx.gz,,,3808.0,3597.0,10359.6,4.36,2.88,55.5,67.8,748.0,790.5,7.3,-0.1,,,87.0,83.0,,,,321.0,819.0,,,,,,,,,,,,316.0,3809.0,0.0,,0.0,,1.0,10374.1,,,,,,,,,,,,,,,,23620613.0,,,,,,,,,,,2.72,26.1,,,,,0.0,,173.0,128.0,2.884,,,0.0,0.0,,,,,,,,""
17085088451,"17 de jan. de 2026, 18:26:44",costas+bíceps 🏋️‍♂️,Treinamento com peso,"",5484,0,,,false,,,activities/18179612235.tcx.gz,,,5484.0,5484.0,0.0,0.0,0.0,0.0,0.0,0.0,0.0,0.0,0.0,,,,,,,,,468.0,,,,,,,,,,,,,,,,0.0,,1.0,,,,,,,,,,,,,,,,,,,,,,,,,,,,0.0,0.0,,,,,0.0,,,,,,,0.0,0.0,,,,,,,,""
17077819841,"17 de jan. de 2026, 08:43:44","T10k | Pace 5'02"" 🔥",Corrida,"",3028,"10,02",,,false,,Fila Racer Speedzone,activities/18172273199.tcx.gz,,,3028.0,3025.0,10022.7,5.28,3.313,103.8,98.5,744.2,804.2,12.5,0.0,,,88.0,85.0,,,,355.0,672.0,,,,,,,,,,,,356.0,3029.0,0.0,,0.0,,1.0,10166.2,,,,,,,,,,,,,,,,23620613.0,,,,,,,,,,,3.31,1500.0,,,,,0.0,,176.0,145.0,3.361,,,0.0,0.0,,,,,,,,""
17063789827,"15 de jan. de 2026, 22:11:00","T8k | Pace 5'30"" 🌧️",Corrida,"",2627,"8,09",,,false,,Fila Racer T2 T2,activities/18158093043.tcx.gz,,,2627.0,2624.0,8090.8,5.84,3.083,72.6,54.2,776.2,826.0,11.9,0.2,,,89.0,84.0,,,,329.0,580.0,,,,,,,,,,,,331.0,2628.0,0.0,,0.0,,1.0,8228.7,,,,,,,,,,,,,,,,19912724.0,,,,,,,,,,,3.08,31.9,,,,,0.0,,132.0,135.0,3.136,,,0.0,0.0,,,,,,,,""
17058016351,"15 de jan. de 2026, 11:19:49",peito+tríceps+ombros,Treinamento com peso,"",5592,0,,,false,,,activities/18152297169.tcx.gz,,,5592.0,5592.0,0.0,0.0,0.0,0.0,0.0,0.0,0.0,0.0,0.0,,,,,,,,,322.0,,,,,,,,,,,,,,0.0,,0.0,,1.0,,,,,,,,,,,,,,,,,,,,,,,,,,,,0.0,0.0,,,,,0.0,,,,,,,0.0,0.0,,,,,,,,""
17033313623,"13 de jan. de 2026, 10:59:42",Superiores 🏋️‍♂️,Treinamento com peso,"",2744,0,,,false,,,activities/18127426169.tcx.gz,,,2744.0,2744.0,0.0,0.0,0.0,0.0,0.0,0.0,0.0,0.0,0.0,,,,,,,,,146.0,,,,,,,,,,,,,,0.0,,0.0,,1.0,,,,,,,,,,,,,,,,,,,,,,,,,,,,0.0,0.0,,,,,0.0,,,,,,,0.0,0.0,,,,,,,,media/2fedf988-69a5-4264-a2af-31bec1f28aeb.jpg
17027572696,"12 de jan. de 2026, 20:37:42",Inferiores 🏋️‍♂️,Treinamento com peso,"",3925,0,,,false,,,activities/18121627119.tcx.gz,,,3925.0,3925.0,0.0,0.0,0.0,0.0,0.0,0.0,0.0,0.0,0.0,,,,,,,,,234.0,,,,,,,,,,,,,,,,0.0,,1.0,,,,,,,,,,,,,,,,,,,,,,,,,,,,0.0,0.0,,,,,0.0,,,,,,,0.0,0.0,,,,,,,,""
17017692193,"11 de jan. de 2026, 21:15:16",Futebol culposo 😅,Treino,Quando não há intenção de jogar ,6367,0,,,false,,,activities/18111667394.tcx.gz,,,6367.0,6367.0,0.0,0.0,0.0,0.0,0.0,0.0,0.0,0.0,0.0,,,,,,,,,689.0,,,,,,,,,,,,,,,,0.0,,1.0,,,,,,,,,,,,,,,,,,,,,,,,,,,,0.0,0.0,,,,,0.0,,,,,,,1.0,0.0,,,,,,,,""
17005978184,"10 de jan. de 2026, 20:51:23","L21k | Pace 5'25"" 🏃‍♂️",Corrida,"Treino de base 25km
Alvo 5'30""",6948,"21,14",,,false,,Fila Racer T2 T2,activities/18099775982.tcx.gz,,,6948.0,6878.0,21143.8,5.96,3.074,145.2,171.2,719.7,807.2,14.4,-0.1,,,88.0,83.0,,,,334.0,1603.0,,,,,,,,,,,,334.0,6949.0,0.0,,0.0,,1.0,21337.9,,,,,,,,,,,,,,,,19912724.0,,,,,,,,,,,3.043,328.8,,,,,0.0,,356.0,136.0,3.102,,,0.0,0.0,,,,,,,,""
16977847518,"8 de jan. de 2026, 10:44:06","T8k | Pace 6'00"" 🍃",Corrida,"Treino de base 25km
Em jejum ",2889,"8,01",,,false,,Fila Racer Speedzone,activities/18071400447.tcx.gz,,,2889.0,2883.0,8015.4,4.26,2.78,45.4,68.6,748.3,784.0,22.6,-0.3,,,92.0,84.0,,,,315.0,591.0,,,,,,,,,,,,315.0,2890.0,0.0,,0.0,,1.0,8038.5,,,,,,,,,,,,,,,,23620613.0,,,,,,,,,,,2.774,35.2,,,,,0.0,,131.0,128.0,2.788,,,0.0,0.0,,,,,,,,""
16968201905,"7 de jan. de 2026, 13:39:20",costas+bíceps,Treinamento com peso,"",2013,0,,,false,,,activities/18061697182.tcx.gz,,,2013.0,2013.0,0.0,0.0,0.0,0.0,0.0,0.0,0.0,0.0,0.0,,,,,,,,,230.0,,,,,,,,,,,,,,,,0.0,,1.0,,,,,,,,,,,,,,,,,,,,,,,,,,,,0.0,0.0,,,,,0.0,,,,,,,0.0,0.0,,,,,,,,""
16962525596,"6 de jan. de 2026, 21:09:11","T12k | Pace 6'00"" 🍃",Corrida,Treino de base 25km,4428,"12,02",,,false,,Fila Racer Speedzone,activities/18055946020.tcx.gz,,,4428.0,4421.0,12019.1,5.42,2.719,73.6,108.7,726.5,791.5,33.0,-0.3,,,88.0,82.0,,,,304.0,948.0,,,,,,,,,,,,305.0,4429.0,0.0,,0.0,,1.0,12077.5,,,,,,,,,,,,,,,,23620613.0,,,,,,,,,,,2.714,37.1,,,,,0.0,,189.0,124.0,2.732,,,0.0,0.0,,,,,,,,""
16955149942,"6 de jan. de 2026, 11:06:55",peito+tríceps+ombro,Treinamento com peso,"",2558,0,,,false,,,activities/18048509984.tcx.gz,,,2558.0,2558.0,0.0,0.0,0.0,0.0,0.0,0.0,0.0,0.0,0.0,,,,,,,,,200.0,,,,,,,,,,,,,,,,0.0,,1.0,,,,,,,,,,,,,,,,,,,,,,,,,,,,0.0,0.0,,,,,0.0,,,,,,,0.0,0.0,,,,,,,,""
16949392493,"5 de jan. de 2026, 20:58:45",Abdômen ☠️,Treino,"",1678,0,,,false,,,activities/18042684090.tcx.gz,,,1678.0,1678.0,0.0,0.0,0.0,0.0,0.0,0.0,0.0,0.0,0.0,,,,,,,,,149.0,,,,,,,,,,,,,,,,0.0,,1.0,,,,,,,,,,,,,,,,,,,,,,,,,,,,0.0,0.0,,,,,0.0,,,,,,,0.0,0.0,,,,,,,,""
16949133375,"5 de jan. de 2026, 19:53:38",Inferiores 🏋️‍♂️,Treinamento com peso,"",3808,0,,,false,,,activities/18042425668.tcx.gz,,,3808.0,3808.0,0.0,0.0,0.0,0.0,0.0,0.0,0.0,0.0,0.0,,,,,,,,,291.0,,,,,,,,,,,,,,0.0,,0.0,,1.0,,,,,,,,,,,,,,,,,,,,,,,,,,,,0.0,0.0,,,,,0.0,,,,,,,0.0,0.0,,,,,,,,""
16944094012,"5 de jan. de 2026, 10:49:31",Primeiro do Ano | 12km Leve 🍃,Corrida,"",4954,"12,50",,,false,,Fila Racer T2 T2,activities/18037360324.tcx.gz,,,4954.0,4629.0,12507.2,3.74,2.702,36.7,39.7,718.5,727.4,36.7,0.0,,,87.0,84.0,,,,309.0,1063.0,,,,,,,,,,,,303.0,4955.0,0.0,,0.0,,1.0,12640.0,,,,,,,,,,,,,,,,19912724.0,,,,,,,,,,,2.525,0.0,,,,,0.0,,208.0,123.0,2.731,,,0.0,0.0,,,,,,,,""
16924814555,"3 de jan. de 2026, 14:38:01",superiores,Treino,"",3350,0,,,false,,,activities/18017824599.tcx.gz,,,3350.0,3350.0,0.0,0.0,0.0,0.0,0.0,0.0,0.0,0.0,0.0,,,,,,,,,152.0,,,,,,,,,7.0,,,,,0.0,107.0,0.0,,1.0,,,,,,,,,,,,,,,,,,,,,,,,,,,,0.0,0.0,,,,,0.0,,,,,,,0.0,0.0,,,,,,,,media/1b141091-77ac-4471-a49a-bc2ac4cdb202.jpg
16892261164,"31 de dez. de 2025, 08:34:27",Último do Ano | 21km Longão Leve 🏃‍♂️,Corrida,"",7908,"21,15",,,false,,Fila Racer T2 T2,activities/17984785572.tcx.gz,,,7908.0,7146.0,21157.6,3.94,2.961,109.9,107.6,276.7,333.6,11.3,0.0,,,84.0,78.0,,,,326.0,1725.0,,,,,,,,,,,,318.0,7901.0,0.0,,0.0,,1.0,21263.9,,,,,,,,,,,,,,,,19912724.0,,,,,,,,,,,2.675,1429.2,,,,,0.0,,365.0,129.0,2.976,,,0.0,,,,,,,,,""
16888453780,"30 de dez. de 2025, 20:59:35","T10k | Pace 6'00"" 🍃",Corrida,"",3558,"10,01",,,false,,Fila Racer T2 T2,activities/17980906280.tcx.gz,,,3558.0,3558.0,10013.0,3.77,2.814,22.8,27.9,296.2,301.9,12.8,0.0,,,82.0,79.0,,,,308.0,729.0,,,,,,,,,,,,308.0,3559.0,0.0,,0.0,,1.0,10059.9,,,,,,,,,,,,,,,,19912724.0,,,,,,,,,,,2.814,10013.5,,,,,0.0,,154.0,125.0,2.827,,,0.0,,,,,,,,,""
16883500916,"30 de dez. de 2025, 11:40:45",costas+bíceps 🏋️‍♂️,Treino,"",4946,0,,,false,,,activities/17975893410.tcx.gz,,,4946.0,4946.0,0.0,0.0,0.0,0.0,0.0,0.0,0.0,0.0,0.0,,,,,,,,,274.0,,,,,,,,,,,,,,,,0.0,,1.0,,,,,,,,,,,,,,,,,,,,,,,,,,,,0.0,0.0,,,,,0.0,,,,,,,0.0,,,,,,,,,""
16878340648,"29 de dez. de 2025, 21:11:44",T25k - Regenerativo 🍃🚴‍♂️,Pedalada,"",4649,"25,02",,,false,,,activities/17970654299.tcx.gz,,,4649.0,4138.0,25025.5,9.46,6.048,126.2,130.7,265.7,346.0,23.6,0.0,,,,,,,,82.0,649.0,,,,,,,,,,,,,,0.0,,0.0,,1.0,,,,,,,,,,,,,,,,,,,,,,,,,,,,5.383,3009.7,,,,,0.0,,,,,,,1.0,,,,,,,,,media/a4131215-5400-4b0d-bf43-af44c55fdeee.jpg|media/02150604-a63e-4804-ae97-35ceff623d35.jpg|media/808dc49c-c595-47d0-ab3c-2ec61ca01a72.jpg|media/a5cac5f0-98a3-4ada-8579-8d462cadb2d9.jpg|media/5a06fa8d-a6df-415c-8ba8-d1c73ba552c1.jpg|media/6f75ce36-385a-492d-be4d-fec0b8811c96.mp4
16874044467,"29 de dez. de 2025, 12:42:42",peito+tríceps+ombros 🏋️‍♂️,Treino,"",4506,0,,,false,,,activities/17966317266.tcx.gz,,,4506.0,4506.0,0.0,0.0,0.0,0.0,0.0,0.0,0.0,0.0,0.0,,,,,,,,,301.0,,,,,,,,,,,,,,,,0.0,,1.0,,,,,,,,,,,,,,,,,,,,,,,,,,,,0.0,0.0,,,,,0.0,,,,,,,0.0,,,,,,,,,""
16862357833,"28 de dez. de 2025, 09:34:43",RP nos 15km! 1h 14min | FestRun Prudente,Corrida,"",4502,"15,48",,,false,,Fila Racer T2 T2,activities/17954415407.tcx.gz,,,4502.0,4484.0,15485.5,5.267,3.454,145.3,148.3,401.9,454.3,23.8,0.0,,,82.0,79.0,,,,352.0,1009.0,,,,,,,,,8.0,,,351.0,4503.0,0.0,193.0,0.0,,1.0,15748.0,,,,,,,,,,,,,,,,19912724.0,,,,,,,,,,,3.44,11959.8,,,,,0.0,,255.0,143.0,3.512,,,0.0,,,,,,,,,media/ec9e08f7-b134-4526-8a80-b68230ee4709.jpg|media/5512a09f-9039-4c25-ba64-837ee7fbff47.jpg|media/bbe54b2c-212c-4cb0-9958-284e03def6e5.jpg|media/d0c1e299-7e82-4efb-bae1-6639b24bbe1a.jpg
16854299876,"27 de dez. de 2025, 12:39:44",Superiores 🏋️‍♂️,Treino,"",3439,0,,,false,,,activities/17946198751.tcx.gz,,,3439.0,3439.0,0.0,0.0,0.0,0.0,0.0,0.0,0.0,0.0,0.0,,,,,,,,,291.0,,,,,,,,,,,,,,0.0,,0.0,,1.0,,,,,,,,,,,,,,,,,,,,,,,,,,,,0.0,0.0,,,,,0.0,,,,,,,0.0,,,,,,,,,""
16849411318,"26 de dez. de 2025, 21:44:14",T15k | Presidente Epitácio City 🏃‍♂️,Corrida,"",7841,"15,01",,,false,,Fila Racer T2 T2,activities/17941210027.tcx.gz,,,7841.0,6731.0,15009.1,3.88,2.23,66.9,67.0,270.9,315.2,25.0,0.0,,,83.0,68.0,,,,217.0,1078.0,,,,,,,,,,,,258.0,7408.0,0.0,,0.0,,1.0,15091.4,,,,,,,,,,,,,,,,19912724.0,,,,,,,,,,,1.914,3038.4,,,,,0.0,,226.0,105.0,2.242,,,0.0,,,,,,,,,""
16836799409,"25 de dez. de 2025, 10:46:52","T10k | Pace 5'20"" 🏃‍♂️",Corrida,"",3156,"10,01",,,false,,New Balance Propel v5 Propel v5,activities/17928352881.tcx.gz,,,3156.0,3150.0,10017.6,5.16,3.18,54.5,63.6,752.9,777.8,39.0,-0.1,,,79.0,76.0,,,,332.0,720.0,,,,,,,,,,,,333.0,3157.0,0.0,,0.0,,1.0,10143.7,,,,,,,,,,,,,,,,26740046.0,,,,,,,,,,,3.174,235.2,,,,,0.0,,160.0,135.0,3.22,,,0.0,,,,,,,,,media/d4bf52a7-2a07-49eb-a964-1a83915fd489.jpg
16836799068,"25 de dez. de 2025, 10:40:15",Morning Run,Corrida,,351,"1,02",,,false,,Fila Racer Speedzone,activities/17928352754.tcx.gz,,,351.0,351.0,1023.4,4.4,2.916,7.1,12.1,775.8,787.9,8.4,-0.5,,,86.0,84.0,,,,312.0,58.0,,,,,,,,,,,,303.0,352.0,,,0.0,,1.0,1027.4,,,,,,,,,,,,,,,,23620613.0,,,,,,,,,,,2.916,0.0,,,,,0.0,,14.0,123.0,2.927,,,,,,,,,,,,""
16832782319,"24 de dez. de 2025, 20:59:22","T8k | Pace 6'00"" 🌿",Corrida,"",2927,"8,03",,,false,,Fila Racer Speedzone,activities/17924238637.tcx.gz,,,2927.0,2922.0,8033.5,4.2,2.749,86.8,84.2,751.4,787.2,47.3,0.0,,,83.0,79.0,,,,301.0,604.0,,,,,,,,,,,,304.0,2928.0,,,0.0,,1.0,8275.4,,,,,,,,,,,,,,,,23620613.0,,,,,,,,,,,2.745,653.6,,,,,0.0,,124.0,124.0,2.832,,,0.0,,,,,,,,,""
16828795708,"24 de dez. de 2025, 11:46:02",costas+bíceps 🏋️‍♂️,Treino,"",2707,0,,,false,,,activities/17920204694.tcx.gz,,,2707.0,2707.0,0.0,0.0,0.0,0.0,0.0,0.0,0.0,0.0,0.0,,,,,,,,,237.0,,,,,,,,,,,,,,0.0,,0.0,,1.0,,,,,,,,,,,,,,,,,,,,,,,,,,,,0.0,0.0,,,,,0.0,,,,,,,0.0,,,,,,,,,""
16823491465,"23 de dez. de 2025, 19:35:30",peito+triceps 🏋️‍♂️,Treino,"",3890,0,,,false,,,activities/17914820378.tcx.gz,,,3890.0,3890.0,0.0,0.0,0.0,0.0,0.0,0.0,0.0,0.0,0.0,,,,,,,,,278.0,,,,,,,,,,,,,,,,0.0,,1.0,,,,,,,,,,,,,,,,,,,,,,,,,,,,0.0,0.0,,,,,0.0,,,,,,,0.0,,,,,,,,,""
16818918351,"23 de dez. de 2025, 10:54:48","T8k | Pace 4'40"" 🔥 - Arena Pacaembu",Corrida,"",2144,"8,09",,,false,,New Balance Propel v5 Propel v5,activities/17910208002.tcx.gz,,,2144.0,2140.0,8098.3,4.9,3.784,93.6,94.4,764.3,775.0,38.1,0.0,,,90.0,83.0,,,,,672.0,,,,,,,,,,,,,,0.0,,0.0,,1.0,8433.0,,,,,,,,,,,,,,,,26740046.0,,,,,,,,,,,3.777,0.0,,,,,0.0,,,,3.932,,,0.0,,,,,,,,,""
16818543560,"22 de dez. de 2025, 11:20:17",superiores+abdômen🏋️‍♂️,Treino,"",4533,0,,,false,,,activities/17909829788.tcx.gz,,,4533.0,4533.0,0.0,0.0,0.0,0.0,0.0,0.0,0.0,0.0,0.0,,,,,,,,,428.0,,,,,,,,,,,,,,0.0,,0.0,,1.0,,,,,,,,,,,,,,,,,,,,,,,,,,,,0.0,0.0,,,,,0.0,,,,,,,0.0,,,,,,,,,""
16806588239,"21 de dez. de 2025, 21:24:23","T12k | Pace 5'00"" 🎯",Corrida,"",3613,"12,29",,,false,,New Balance Propel v5 Propel v5,activities/17897735978.tcx.gz,,,3613.0,3609.0,12295.8,5.0,3.407,90.4,103.8,740.7,791.9,39.8,-0.1,,,84.0,78.0,,,,360.0,854.0,,,,,,,,,,,,360.0,3614.0,0.0,,0.0,,1.0,12445.9,,,,,,,,,,,,,,,,26740046.0,,,,,,,,,,,3.403,2188.2,,,,,0.0,,214.0,146.0,3.449,,,0.0,,,,,,,,,""
16806266027,"21 de dez. de 2025, 21:16:11",Evening Run,Corrida,,462,"1,36",,,false,,Fila Racer Speedzone,activities/17897409677.tcx.gz,,,462.0,462.0,1362.6,4.1,2.949,22.3,22.7,772.6,795.3,8.4,-0.1,,,83.0,81.0,,,,319.0,95.0,,,,,,,,,,,,317.0,463.0,,,0.0,,1.0,1396.6,,,,,,,,,,,,,,,,23620613.0,,,,,,,,,,,2.949,0.0,,,,,0.0,,21.0,129.0,3.023,,,,,,,,,,,,""
16797200366,"20 de dez. de 2025, 21:34:26","T8k | Pace 6'00"" 🍃",Corrida,"",2879,"8,01",,,false,,Fila Racer Speedzone,activities/17888203722.tcx.gz,,,2879.0,2869.0,8018.8,4.08,2.795,78.2,90.9,742.6,782.2,39.6,-0.2,,,83.0,80.0,,,,315.0,615.0,,,,,,,,,,,,315.0,2880.0,,,0.0,,1.0,8275.8,,,,,,,,,,,,,,,,23620613.0,,,,,,,,,,,2.785,29.3,,,,,0.0,,131.0,128.0,2.885,,,0.0,,,,,,,,,""
16788205270,"19 de dez. de 2025, 22:17:27",Desaquecimento,Corrida,"",611,"1,69",,,false,,Fila Racer Speedzone,activities/17879032960.tcx.gz,,,611.0,605.0,1689.8,3.54,2.793,26.9,15.3,743.9,759.7,21.6,0.8,,,83.0,79.0,,,,322.0,145.0,,,,,,,,,,,,315.0,612.0,,,0.0,,1.0,1775.4,,,,,,,,,,,,,,,,23620613.0,,,,,,,,,,,2.766,0.0,,,,,0.0,,27.0,128.0,2.935,,,0.0,,,,,,,,,""
16788137499,"19 de dez. de 2025, 21:25:16","T10k | Pace 5'00"" 🎯",Corrida,"",3017,"10,03",,,false,,Fila Racer T2 T2,activities/17878963378.tcx.gz,,,3017.0,2970.0,10030.4,4.66,3.377,65.1,84.0,752.1,794.8,28.9,-0.2,,,80.0,77.0,,,,357.0,692.0,,,,,,,,,,,,355.0,3018.0,0.0,,0.0,,1.0,10141.4,,,,,,,,,,,,,,,,19912724.0,,,,,,,,,,,3.325,1578.8,,,,,0.0,,174.0,144.0,3.415,,,0.0,,,,,,,,,media/31ad1e7c-d163-4c40-b01c-e39ca86dcc74.jpg
16775083940,"18 de dez. de 2025, 10:04:31",Progressão de ritmo,Corrida,"",3078,"10,04",,,false,,Fila Racer T2 T2,activities/17865771605.tcx.gz,,,3078.0,3067.0,10040.4,4.8,3.274,92.5,98.2,745.8,790.0,32.0,-0.1,,,81.0,77.0,,,,351.0,695.0,,,,,,,,,,,,353.0,3079.0,0.0,,0.0,,1.0,10185.1,,,,,,,,,,,,,,,,19912724.0,,,,,,,,,,,3.262,1504.9,,,,,0.0,,175.0,143.0,3.321,,,0.0,,,,,,,,,""
16768094636,"17 de dez. de 2025, 13:12:07",Inferiores 🏋️‍♂️,Treino,"",7046,0,,,false,,,activities/17858688621.tcx.gz,,,7046.0,7046.0,0.0,0.0,0.0,0.0,0.0,0.0,0.0,0.0,0.0,,,,,,,,,501.0,,,,,,,,,,,,,,0.0,,0.0,,1.0,,,,,,,,,,,,,,,,,,,,,,,,,,,,0.0,0.0,,,,,0.0,,,,,,,0.0,,,,,,,,,""
16762330521,"16 de dez. de 2025, 20:31:37",inferiores+abdômen 🏋️‍♂️,Treino,"",7056,0,,,false,,,activities/16762330521.gpx,,,7056.0,7056.0,0.0,0.0,0.0,0.0,0.0,0.0,0.0,0.0,0.0,,,,,,,,,,,,,,,,,,,,,,,0.0,,0.0,,1.0,,,,,,,,,,,,,,,,,,,,,,,,,,,,0.0,0.0,,,,,0.0,,,,,,,0.0,,,,,,,,,""
16753433852,"15 de dez. de 2025, 22:08:05",Taboão/Itapecerica - 500m D+,Pedalada,Cuidando do tornozelo e retomando o ritmo da bike 💪,6433,"36,93",,,false,,Show Gravel,activities/17843895195.tcx.gz,,11.0,6433.0,6250.0,36936.4,15.12,5.91,450.0,418.4,747.0,900.8,28.7,0.1,,,,,,,,170.0,1185.0,,,,,,,,,,,,,,,,0.0,,1.0,,,,,,,,,,,,,,,,10641974.0,,,,,,,,,,,,5.742,692.8,,,,,0.0,,,,,,,0.0,,,,,,,,,""
16749488955,"15 de dez. de 2025, 14:39:41",peito+tríceps+ombros 🏋️‍♂️,Treino,"",2803,0,,,false,,,activities/17839939546.tcx.gz,,,2803.0,2803.0,0.0,0.0,0.0,0.0,0.0,0.0,0.0,0.0,0.0,,,,,,,,,176.0,,,,,,,,,,,,,,,,0.0,,1.0,,,,,,,,,,,,,,,,,,,,,,,,,,,,0.0,0.0,,,,,0.0,,,,,,,0.0,,,,,,,,,""
16744040259,"14 de dez. de 2025, 18:27:56",Mudança 🚚🏠,Treino,Dia de ajudar o irmão na mudança ,7252,0,,,false,,,activities/17834407601.tcx.gz,,,7252.0,7252.0,0.0,0.0,0.0,0.0,0.0,0.0,0.0,0.0,0.0,,,,,,,,,748.0,,,,,,,,,,,,,,,,0.0,,1.0,,,,,,,,,,,,,,,,,,,,,,,,,,,,0.0,0.0,,,,,0.0,,,,,,,0.0,,,,,,,,,""
16721616301,"12 de dez. de 2025, 10:46:11",Superiores🏋️‍♂️,Treino,"",7239,0,,,false,,,activities/17811652811.tcx.gz,,,7239.0,7239.0,0.0,0.0,0.0,0.0,0.0,0.0,0.0,0.0,0.0,,,,,,,,,361.0,,,,,,,,,,,,,,,,0.0,,1.0,,,,,,,,,,,,,,,,,,,,,,,,,,,,0.0,0.0,,,,,0.0,,,,,,,0.0,,,,,,,,,""
16717903342,"11 de dez. de 2025, 22:13:16",Treino curto - 500 D+,Pedalada,"Hoje foi de bike!
Pequena torção no tornozelo, sem correr por enquanto ",6657,"36,03",,,false,,Show Gravel,activities/17807873514.tcx.gz,,11.0,6657.0,6412.0,36033.4,13.22,5.62,498.0,481.1,742.3,817.2,30.7,0.0,,,,,,,,168.0,1200.0,,,,,,,,,,,,,,,,0.0,,1.0,,,,,,,,,,,,,,,,10641974.0,,,,,,,,,,,,5.413,1595.5,,,,,0.0,,,,,,,0.0,,,,,,,,,""
16713311941,"11 de dez. de 2025, 13:18:15",costas+bíceps 🏋️‍♂️,Treino,"",2865,0,,,false,,,activities/17803238391.tcx.gz,,,2865.0,2865.0,0.0,0.0,0.0,0.0,0.0,0.0,0.0,0.0,0.0,,,,,,,,,260.0,,,,,,,,,,,,,,0.0,,0.0,,1.0,,,,,,,,,,,,,,,,,,,,,,,,,,,,0.0,0.0,,,,,0.0,,,,,,,0.0,,,,,,,,,""
16702144931,"10 de dez. de 2025, 09:54:11",Rodagem - Ritmo leve,Corrida,"",3523,"10,01",,,false,,Fila Racer Speedzone,activities/17791955905.tcx.gz,,,3523.0,3481.0,10014.0,4.34,2.877,95.1,67.0,779.7,824.2,12.3,0.3,,,82.0,79.0,,,,321.0,1091.0,,,,,,,,,,,,321.0,3524.0,,,0.0,,1.0,10207.8,,,,,,,,,,,,,,,,23620613.0,,,,,,,,,,,2.842,1303.0,,,,,0.0,,166.0,130.0,2.932,,,0.0,,,,,,,,,""
16698471935,"9 de dez. de 2025, 21:48:43",Evening Workout,Treino,"",3718,0,,,false,,,activities/17788225748.tcx.gz,,,3718.0,3718.0,0.0,0.0,0.0,0.0,0.0,0.0,0.0,0.0,0.0,,,,,,,,,273.0,,,,,,,,,,,,,,0.0,,0.0,,1.0,,,,,,,,,,,,,,,,,,,,,,,,,,,,0.0,0.0,,,,,0.0,,,,,,,0.0,,,,,,,,,""
16697994605,"9 de dez. de 2025, 20:39:39",peito+tríceps 🏋️‍♂️,Treino,"",3821,0,,,false,,,activities/17787747497.tcx.gz,,,3821.0,3821.0,0.0,0.0,0.0,0.0,0.0,0.0,0.0,0.0,0.0,,,,,,,,,167.0,,,,,,,,,,,,,,,,0.0,,1.0,,,,,,,,,,,,,,,,,,,,,,,,,,,,0.0,0.0,,,,,0.0,,,,,,,0.0,,,,,,,,,""
16688293287,"8 de dez. de 2025, 20:30:58",Inferiores 🏋️‍♂️,Treino,"",3875,0,,,false,,,activities/17777930255.tcx.gz,,,3875.0,3875.0,0.0,0.0,0.0,0.0,0.0,0.0,0.0,0.0,0.0,,,,,,,,,215.0,,,,,,,,,,,,,,0.0,,0.0,,1.0,,,,,,,,,,,,,,,,,,,,,,,,,,,,0.0,0.0,,,,,0.0,,,,,,,0.0,,,,,,,,,""
16679815985,"7 de dez. de 2025, 20:36:10",Afternoon Run,Corrida,"",6743,"21,01",,,false,,New Balance Propel v5 Propel v5,activities/17769315112.tcx.gz,,,6743.0,6726.0,21011.3,5.2,3.124,294.5,296.5,740.6,803.0,49.6,0.0,,,80.0,77.0,,,,338.0,2383.0,,,,,,,,,,,,339.0,6744.0,0.0,,0.0,,1.0,22294.6,,,,,,,,,,,,,,,,26740046.0,,,,,,,,,,,3.116,1258.6,,,,,0.0,,356.0,138.0,3.315,,,0.0,,,,,,,,,""
16660739470,"5 de dez. de 2025, 22:16:51",RP❎ - 49min✅,Corrida,"Tentativa de RP no 10km = Falha
Satisfeito com o resultado ",2955,"10,01",,,false,,New Balance Propel v5 Propel v5,activities/17749897544.tcx.gz,,,2955.0,2955.0,10018.5,5.24,3.39,84.3,115.7,762.5,800.7,32.6,-0.3,,,81.0,78.0,,,,357.0,1100.0,,,,,,,,,,,,357.0,2956.0,0.0,,0.0,,1.0,10290.5,,,,,,,,,,,,,,,,26740046.0,,,,,,,,,,,3.39,35.3,,,,,0.0,,172.0,145.0,3.482,,,0.0,,,,,,,,,media/f1be5156-7ed6-49fb-bef0-b544fdc40877.jpg
16660021071,"5 de dez. de 2025, 20:24:26",Afternoon Weight Training,Treinamento com peso,,2825,0,,,false,,,activities/17749167964.tcx.gz,,,2825.0,2825.0,0.0,0.0,0.0,0.0,0.0,0.0,0.0,0.0,0.0,,,,,,,,,178.0,,,,,,,,,,,,,,,,0.0,,1.0,,,,,,,,,,,,,,,,,,,,,,,,,,,,0.0,0.0,,,,,0.0,,,,,,,,,,,,,,,,""
16646846669,"4 de dez. de 2025, 10:15:40",Ritmo - 60min / 5:30 min,Corrida,"",3617,"11,04",,,false,,Fila Racer T2 T2,activities/17735797902.tcx.gz,,,3617.0,3591.0,11047.7,4.62,3.076,83.0,116.0,733.0,803.0,15.0,-0.3,,,80.0,77.0,,,,337.0,825.0,,,,,,,,,,,,337.0,3618.0,0.0,,0.0,,1.0,11111.4,,,,,,,,,,,,,,,,19912724.0,,,,,,,,,,,3.054,1366.7,,,,,0.0,,188.0,137.0,3.094,,,0.0,,,,,,,,,""
16638847537,"3 de dez. de 2025, 13:19:58",Morning Weight Training,Treinamento com peso,,3482,0,,,false,,,activities/17727697708.tcx.gz,,,3482.0,3482.0,0.0,0.0,0.0,0.0,0.0,0.0,0.0,0.0,0.0,,,,,,,,,304.0,,,,,,,,,,,,,,,,0.0,,1.0,,,,,,,,,,,,,,,,,,,,,,,,,,,,0.0,0.0,,,,,0.0,,,,,,,,,,,,,,,,""
16633613581,"2 de dez. de 2025, 22:10:11",Evening Run,Corrida,,4814,"14,02",,,false,,Fila Racer Speedzone,activities/17722378584.tcx.gz,,,4814.0,4785.0,14026.7,4.58,2.931,155.3,163.9,774.5,839.9,23.0,-0.1,,,83.0,78.0,,,,326.0,1099.0,,,,,,,,,,,,329.0,4815.0,,,0.0,,1.0,14284.0,,,,,,,,,,,,,,,,23620613.0,,,,,,,,,,,2.914,1343.5,,,,,0.0,,239.0,134.0,2.985,,,,,,,,,,,,""
16632515446,"2 de dez. de 2025, 20:22:05",Afternoon Weight Training,Treinamento com peso,,2637,0,,,false,,,activities/17721252685.tcx.gz,,,2637.0,2637.0,0.0,0.0,0.0,0.0,0.0,0.0,0.0,0.0,0.0,,,,,,,,,108.0,,,,,,,,,,,,,,,,0.0,,1.0,,,,,,,,,,,,,,,,,,,,,,,,,,,,0.0,0.0,,,,,0.0,,,,,,,,,,,,,,,,""
16632482963,"1 de dez. de 2025, 14:27:19",Lunch Weight Training,Treinamento com peso,,3036,0,,,false,,,activities/17721220215.tcx.gz,,,3036.0,3036.0,0.0,0.0,0.0,0.0,0.0,0.0,0.0,0.0,0.0,,,,,,,,,186.0,,,,,,,,,,,,,,,,0.0,,1.0,,,,,,,,,,,,,,,,,,,,,,,,,,,,0.0,0.0,,,,,0.0,,,,,,,,,,,,,,,,""
16613848534,"30 de nov. de 2025, 19:22:37",Longão - ritmo leve,Corrida,"",5273,"15,04",,,false,,Fila Racer T2 T2,activities/17702333063.tcx.gz,,,5273.0,5136.0,15048.1,5.72,2.93,86.2,106.6,749.7,815.9,18.0,-0.1,,,88.0,78.0,,,,320.0,1197.0,,,,,,,,,,,,319.0,5274.0,0.0,,0.0,,1.0,15102.0,,,,,,,,,,,,,,,,19912724.0,,,,,,,,,,,2.854,2511.3,,,,,0.0,,246.0,130.0,2.94,,,0.0,,,,,,,,,""
16594824783,"28 de nov. de 2025, 21:22:09",Regenerativo,Corrida,"",1253,"3,00",,,false,,Fila Racer Speedzone,activities/17682907952.tcx.gz,,,1253.0,1253.0,3000.0,8.531,2.394,0.0,0.0,0.0,0.0,0.0,0.0,,,83.0,80.0,,,,,230.0,,,,,,,,,,,,,,,,0.0,,1.0,3000.0,,,,,,,,,,,,,,,,23620613.0,,,,,,,,,,,2.394,0.0,,,,,0.0,,,,,,,0.0,,,,,,,,,""
16594824754,"28 de nov. de 2025, 20:25:43",Afternoon Weight Training,Treinamento com peso,,2794,0,,,false,,,activities/17682907918.tcx.gz,,,2794.0,2794.0,0.0,0.0,0.0,0.0,0.0,0.0,0.0,0.0,0.0,,,,,,,,,238.0,,,,,,,,,,,,,,,,0.0,,1.0,,,,,,,,,,,,,,,,,,,,,,,,,,,,0.0,0.0,,,,,0.0,,,,,,,,,,,,,,,,""
16586922925,"27 de nov. de 2025, 21:28:25",Evening Run,Corrida,"",4972,"15,01",,,false,,New Balance Propel v5 Propel v5,activities/17674853663.tcx.gz,,,4972.0,4512.0,15014.9,4.98,3.328,71.1,83.5,759.0,793.3,9.5,-0.1,,,83.0,78.0,,,,359.0,984.0,,,,,,,,,,,,350.0,4852.0,0.0,,0.0,,1.0,15057.2,,,,,,,,,,,,,,,,26740046.0,,,,,,,,,,,3.02,2234.5,,,,,0.0,,272.0,142.0,3.337,,,0.0,,,,,,,,,""
16581589455,"27 de nov. de 2025, 12:55:14",Morning Weight Training,Treinamento com peso,,1508,0,,,false,,,activities/17669447392.tcx.gz,,,1508.0,1508.0,0.0,0.0,0.0,0.0,0.0,0.0,0.0,0.0,0.0,,,,,,,,,49.0,,,,,,,,,,,,,,,,0.0,,1.0,,,,,,,,,,,,,,,,,,,,,,,,,,,,0.0,0.0,,,,,0.0,,,,,,,,,,,,,,,,""
16572135759,"26 de nov. de 2025, 13:00:26",Morning Weight Training,Treinamento com peso,,2411,0,,,false,,,activities/17659832451.tcx.gz,,,2411.0,2411.0,0.0,0.0,0.0,0.0,0.0,0.0,0.0,0.0,0.0,,,,,,,,,225.0,,,,,,,,,,,,,,,,0.0,,1.0,,,,,,,,,,,,,,,,,,,,,,,,,,,,0.0,0.0,,,,,0.0,,,,,,,,,,,,,,,,""
16566310598,"25 de nov. de 2025, 20:33:37",Afternoon Weight Training,Treinamento com peso,,3160,0,,,false,,,activities/17653890185.tcx.gz,,,3160.0,3160.0,0.0,0.0,0.0,0.0,0.0,0.0,0.0,0.0,0.0,,,,,,,,,238.0,,,,,,,,,,,,,,,,0.0,,1.0,,,,,,,,,,,,,,,,,,,,,,,,,,,,0.0,0.0,,,,,0.0,,,,,,,,,,,,,,,,""
16556747768,"24 de nov. de 2025, 21:23:12",Evening Run,Corrida,,4727,"14,22",,,false,,Fila Racer Speedzone,activities/17644155925.tcx.gz,,,4727.0,4699.0,14225.1,4.76,3.027,168.7,172.5,762.3,811.4,20.8,0.0,,,91.0,79.0,,,,339.0,1075.0,,,,,,,,,,,,338.0,4728.0,,,0.0,,1.0,14532.5,,,,,,,,,,,,,,,,23620613.0,,,,,,,,,,,3.009,69.2,,,,,0.0,,247.0,137.0,3.093,,,,,,,,,,,,""
16552960063,"24 de nov. de 2025, 14:30:44",Lunch Weight Training,Treinamento com peso,,2623,0,,,false,,,activities/17640357242.tcx.gz,,,2623.0,2623.0,0.0,0.0,0.0,0.0,0.0,0.0,0.0,0.0,0.0,,,,,,,,,157.0,,,,,,,,,,,,,,,,0.0,,1.0,,,,,,,,,,,,,,,,,,,,,,,,,,,,0.0,0.0,,,,,0.0,,,,,,,,,,,,,,,,""
16547522650,"23 de nov. de 2025, 20:05:59",Afternoon Run,Corrida,"",3891,"12,02",,,false,,Fila Racer T2 T2,activities/17634836572.tcx.gz,,,3891.0,3858.0,12023.7,4.84,3.117,69.1,81.7,750.6,786.7,11.7,-0.1,,,79.0,76.0,,,,339.0,862.0,,,,,,,,,,,,339.0,3892.0,0.0,,0.0,,1.0,12094.9,,,,,,,,,,,,,,,,19912724.0,,,,,,,,,,,3.09,1233.3,,,,,0.0,,205.0,138.0,3.135,,,0.0,,,,,,,,,""
16537003968,"22 de nov. de 2025, 19:16:24",Afternoon Run,Corrida,,2764,"8,01",,,false,,Fila Racer Speedzone,activities/17624152158.tcx.gz,,,2764.0,2733.0,8018.6,4.2,2.934,66.2,72.8,758.5,809.0,23.5,-0.1,,,83.0,80.0,,,,327.0,620.0,,,,,,,,,,,,325.0,2765.0,,,0.0,,1.0,8110.5,,,,,,,,,,,,,,,,23620613.0,,,,,,,,,,,2.901,1241.0,,,,,0.0,,133.0,132.0,2.968,,,,,,,,,,,,""
16527576204,"21 de nov. de 2025, 20:41:11",Afternoon Weight Training,Treinamento com peso,,3777,0,,,false,,,activities/17614610350.tcx.gz,,,3777.0,3777.0,0.0,0.0,0.0,0.0,0.0,0.0,0.0,0.0,0.0,,,,,,,,,276.0,,,,,,,,,,,,,,,,0.0,,1.0,,,,,,,,,,,,,,,,,,,,,,,,,,,,0.0,0.0,,,,,0.0,,,,,,,,,,,,,,,,""
16514548254,"20 de nov. de 2025, 11:13:07",Longão 21km,Corrida,"",7077,"21,02",,,false,,New Balance Propel v5 Propel v5,activities/17601435528.tcx.gz,,,7077.0,6616.0,21020.5,4.56,3.177,94.9,80.4,716.0,746.4,17.4,0.1,,,82.0,79.0,,,,345.0,1574.0,,,,,,,,,,,,339.0,6999.0,0.0,,0.0,,1.0,21252.3,,,,,,,,,,,,,,,,26740046.0,,,,,,,,,,,2.97,1216.2,,,,,0.0,,369.0,138.0,3.212,,,0.0,,,,,,,,,""
16505045510,"19 de nov. de 2025, 13:12:18",Morning Weight Training,Treinamento com peso,,2406,0,,,false,,,activities/17591853804.tcx.gz,,,2406.0,2406.0,0.0,0.0,0.0,0.0,0.0,0.0,0.0,0.0,0.0,,,,,,,,,263.0,,,,,,,,,,,,,,,,0.0,,1.0,,,,,,,,,,,,,,,,,,,,,,,,,,,,0.0,0.0,,,,,0.0,,,,,,,,,,,,,,,,""
16499824488,"18 de nov. de 2025, 22:11:18",Ladeira day - 200m D+,Corrida,"",3749,"10,44",,,false,,Fila Racer T2 T2,activities/17586568593.tcx.gz,,,3749.0,3649.0,10445.5,4.08,2.863,213.8,191.5,740.4,811.1,27.8,0.2,,,83.0,78.0,,,,328.0,877.0,,,,,,,,,,,,328.0,3750.0,0.0,,0.0,,1.0,11016.2,,,,,,,,,,,,,,,,19912724.0,,,,,,,,,,,2.786,296.9,,,,,0.0,,184.0,133.0,3.019,,,0.0,,,,,,,,,media/d76c9efc-c53b-4371-a1b6-40f739cb9db4.jpg
16498898639,"18 de nov. de 2025, 20:18:30",Afternoon Weight Training,Treinamento com peso,,3400,0,,,false,,,activities/17585641804.tcx.gz,,,3400.0,3400.0,0.0,0.0,0.0,0.0,0.0,0.0,0.0,0.0,0.0,,,,,,,,,202.0,,,,,,,,,,,,,,,,0.0,,1.0,,,,,,,,,,,,,,,,,,,,,,,,,,,,0.0,0.0,,,,,0.0,,,,,,,,,,,,,,,,""
16485426383,"17 de nov. de 2025, 14:38:29",Lunch Weight Training,Treinamento com peso,,2880,0,,,false,,,activities/17572111589.tcx.gz,,,2880.0,2880.0,0.0,0.0,0.0,0.0,0.0,0.0,0.0,0.0,0.0,,,,,,,,,201.0,,,,,,,,,,,,,,,,0.0,,1.0,,,,,,,,,,,,,,,,,,,,,,,,,,,,0.0,0.0,,,,,0.0,,,,,,,,,,,,,,,,""
16464297882,"15 de nov. de 2025, 10:47:17",Longão,Corrida,"Variação de ritmo
5:20<>4:50",5441,"16,17",,,false,,New Balance Propel v5 Propel v5,activities/17550743005.tcx.gz,,,5441.0,5057.0,16177.6,5.04,3.199,63.7,56.8,716.9,739.2,49.1,0.0,,,85.0,78.0,,,,348.0,1275.0,,,,,,,,,,,,341.0,5442.0,0.0,,0.0,,1.0,17203.2,,,,,,,,,,,,,,,,26740046.0,,,,,,,,,,,2.973,1134.0,,,,,0.0,,303.0,138.0,3.205,,,0.0,,,,,,,,,""
16459110852,"14 de nov. de 2025, 20:35:07",Afternoon Weight Training,Treino,"",3329,0,,,false,,,activities/17545491810.tcx.gz,,,3329.0,3329.0,0.0,0.0,0.0,0.0,0.0,0.0,0.0,0.0,0.0,,,,,,,,,246.0,,,,,,,,,,,,,,0.0,,0.0,,1.0,,,,,,,,,,,,,,,,,,,,,,,,,,,,0.0,0.0,,,,,0.0,,,,,,,0.0,,,,,,,,,""
16444235532,"13 de nov. de 2025, 10:51:52",Morning Run,Corrida,,331,"0,78",,,false,,Fila Racer Speedzone,activities/17530523092.tcx.gz,,,331.0,313.0,787.1,3.0,2.515,6.9,2.3,759.4,764.0,8.2,0.5,,,82.0,79.0,,,,301.0,65.0,,,,,,,,,,,,290.0,332.0,,,0.0,,1.0,802.0,,,,,,,,,,,,,,,,23620613.0,,,,,,,,,,,2.378,0.0,,,,,0.0,,12.0,118.0,2.562,,,,,,,,,,,,""
16444147356,"13 de nov. de 2025, 10:01:42",Morning Run,Corrida,"",2711,"8,02",,,false,,Fila Racer T2 T2,activities/17530433835.tcx.gz,,,2711.0,2451.0,8019.7,5.7,3.272,38.9,57.6,740.8,777.8,40.5,-0.2,,,84.0,78.0,,,,352.0,561.0,,,,,,,,,,,,340.0,2712.0,0.0,,0.0,,1.0,8064.9,,,,,,,,,,,,,,,,19912724.0,,,,,,,,,,2.0,2.958,595.7,,,,,0.0,,143.0,138.0,3.29,,,0.0,,,,,,,,,media/0b6374e0-7a13-4318-8f18-792280bd8c25.jpg
16429915159,"11 de nov. de 2025, 21:51:53",60 min - ritmo leve,Corrida,"",3604,"10,08",,,false,,Fila Racer Speedzone,activities/17516115759.tcx.gz,,,3604.0,3589.0,10087.5,4.0,2.811,65.8,82.2,760.7,795.4,18.3,-0.2,,,80.0,78.0,,,,325.0,781.0,,,,,,,,,,,,325.0,3605.0,,,0.0,,1.0,10179.6,,,,,,,,,,,,,,,,23620613.0,,,,,,,,,,,2.799,792.0,,,,,0.0,,174.0,132.0,2.836,,,0.0,,,,,,,,,""
16428930941,"11 de nov. de 2025, 20:21:57",Afternoon Weight Training,Treinamento com peso,,1721,0,,,false,,,activities/17515126625.tcx.gz,,,1721.0,1721.0,0.0,0.0,0.0,0.0,0.0,0.0,0.0,0.0,0.0,,,,,,,,,87.0,,,,,,,,,,,,,,,,0.0,,1.0,,,,,,,,,,,,,,,,,,,,,,,,,,,,0.0,0.0,,,,,0.0,,,,,,,,,,,,,,,,""
16418754681,"10 de nov. de 2025, 22:17:18",Evening Run,Corrida,"",2479,"8,03",,,false,,Fila Racer T2 T2,activities/17504880434.tcx.gz,,,2479.0,2476.0,8037.7,4.64,3.246,54.0,72.8,749.4,783.0,19.4,-0.3,,,83.0,76.0,,,,348.0,586.0,,,,,,,,,,,,348.0,2480.0,0.0,,0.0,,1.0,8136.0,,,,,,,,,,,,,,,,19912724.0,,,,,,,,,,,3.242,26.9,,,,,0.0,,137.0,141.0,3.286,,,0.0,,,,,,,,,""
16418013285,"10 de nov. de 2025, 20:35:26",Afternoon Weight Training,Treinamento com peso,,2707,0,,,false,,,activities/17504139609.tcx.gz,,,2707.0,2707.0,0.0,0.0,0.0,0.0,0.0,0.0,0.0,0.0,0.0,,,,,,,,,148.0,,,,,,,,,,,,,,,,0.0,,1.0,,,,,,,,,,,,,,,,,,,,,,,,,,,,0.0,0.0,,,,,0.0,,,,,,,,,,,,,,,,""
16398062150,"8 de nov. de 2025, 19:47:45",Longão - Ritmo leve,Corrida,"Saúde 90/100
#treinoplanejado 
#treinoexecutado",6447,"18,04",,,false,,Fila Racer Speedzone,activities/17483995701.tcx.gz,,,6447.0,6415.0,18047.2,5.28,2.813,160.9,191.1,719.8,819.9,49.6,-0.2,,,82.0,78.0,,,,326.0,1492.0,,,,,,,,,,,,328.0,6448.0,0.0,,0.0,,1.0,18282.8,,,,,,,,,,,,,,,,23620613.0,,,,,,,,,,,2.799,352.0,,,,,0.0,,317.0,133.0,2.85,,,0.0,,,,,,,,,""
16387794030,"7 de nov. de 2025, 21:15:10",Evening Run,Corrida,"",4078,"12,04",,,false,,Fila Racer T2 T2,activities/17473611160.tcx.gz,,,4078.0,4052.0,12046.2,7.3,2.973,92.4,105.9,755.2,784.7,22.0,-0.1,,,82.0,78.0,,,,334.0,975.0,,,,,,,,,,,,336.0,4079.0,0.0,,0.0,,1.0,12184.3,,,,,,,,,,,,,,,,19912724.0,,,,,,,,,,,2.954,75.7,,,,,0.0,,212.0,137.0,3.007,,,0.0,,,,,,,,,""
18471791484,"4 de nov. de 2025, 21:39:25",Noite Passeio,Pedalada,"",5870,"26,73",,,false,,Tropix Madrid,activities/19577034709.fit.gz,,10.0,5870.0,4609.0,26730.8,12.96,5.8,438.0,448.0,754.0,833.0,46.9,0.0,,,115.0,69.0,,,,160.0,922.0,,21.0,,,,,,,,,,,,,,0.0,,1.0,,,,,,,,,,,,,,,,17741069.0,,,,,,,,,,,,4.554,646.5,,,,,0.0,,,,,,,,,,,,,,,,""
16357766404,"4 de nov. de 2025, 21:38:39",Evening Ride,Pedalada,,5949,"30,17",,,false,,Show Gravel,activities/17443387417.tcx.gz,,11.0,5949.0,5332.0,30176.3,12.98,5.659,295.2,294.0,748.2,815.5,12.6,0.0,,,,,,,,149.0,1080.0,,,,,,,,,,,,,,,,0.0,,1.0,,,,,,,,,,,,,,,,10641974.0,,,,,,,,,,,,5.072,560.7,,,,,0.0,,,,,,,,,,,,,,,,""
16347099343,"3 de nov. de 2025, 22:02:01",Evening Run,Corrida,,2837,"8,05",,,false,,Fila Racer Speedzone,activities/17432665646.tcx.gz,,,2837.0,2837.0,8056.8,4.56,2.84,34.9,74.0,755.8,802.2,46.8,-0.5,,,82.0,78.0,,,,324.0,615.0,,,,,,,,,,,,324.0,2838.0,,,0.0,,1.0,8074.8,,,,,,,,,,,,,,,,23620613.0,,,,,,,,,,,2.84,71.2,,,,,0.0,,137.0,132.0,2.846,,,,,,,,,,,,""
16324988802,"1 de nov. de 2025, 19:39:36",Afternoon Run,Corrida,,1987,"5,04",,,false,,Fila Racer Speedzone,activities/17410146321.tcx.gz,,,1987.0,1979.0,5040.0,3.8,2.547,50.4,66.4,760.5,805.8,15.2,-0.4,,,81.0,78.0,,,,311.0,432.0,,,,,,,,,,,,312.0,1988.0,,,0.0,,1.0,5094.2,,,,,,,,,,,,,,,,23620613.0,,,,,,,,,,,2.536,929.2,,,,,0.0,,88.0,127.0,2.574,,,,,,,,,,,,""
16266811394,"26 de out. de 2025, 21:38:00",Evening Run,Corrida,,2777,"7,01",,,false,,Fila Racer Speedzone,activities/17351374776.tcx.gz,,,2777.0,2767.0,7012.8,4.04,2.534,36.0,52.0,749.0,781.9,19.7,-0.2,,,81.0,78.0,,,,310.0,676.0,,,,,,,,,,,,309.0,2778.0,,,0.0,,1.0,7066.4,,,,,,,,,,,,,,,,23620613.0,,,,,,,,,,,2.525,847.3,,,,,0.0,,122.0,126.0,2.554,,,,,,,,,,,,""
16256325425,"25 de out. de 2025, 22:55:33",Evening Run,Corrida,"",3134,"10,00",,,false,,New Balance Propel v5 Propel v5,activities/17340705451.tcx.gz,,,3134.0,3134.0,10001.6,4.2,3.191,76.3,55.3,764.1,775.0,3.2,0.1,,,83.0,79.0,,,,359.0,686.0,,,,,,,,,,,,360.0,3135.0,0.0,,0.0,,1.0,10095.3,,,,,,,,,,,,,,,,26740046.0,,,,,,,,,,,3.191,0.0,,,,,0.0,,186.0,146.0,3.211,,,0.0,,,,,,,,,media/4fddd79c-58a1-4809-b52d-2be0e8133511.jpg|media/42ca4a43-f8af-47bd-a47b-d206040f8053.mp4
16246150691,"24 de out. de 2025, 22:22:15",Evening Run,Corrida,"",2814,"8,01",,,false,,Fila Racer Speedzone,activities/17330424297.tcx.gz,,,2814.0,2784.0,8015.6,4.38,2.879,43.7,46.3,776.0,802.5,28.8,0.0,,,83.0,81.0,,,,327.0,543.0,,,,,,,,,,,,326.0,2815.0,0.0,,0.0,,1.0,8062.5,,,,,,,,,,,,,,,,23620613.0,,,,,,,,,,,2.848,61.4,,,,,0.0,,137.0,133.0,2.896,,,0.0,,,,,,,,,""
16245138925,"24 de out. de 2025, 20:32:00",Afternoon Weight Training,Treinamento com peso,,2633,0,,,false,,,activities/17329407231.tcx.gz,,,2633.0,2633.0,0.0,0.0,0.0,0.0,0.0,0.0,0.0,0.0,0.0,,,,,,,,,128.0,,,,,,,,,,,,,,,,0.0,,1.0,,,,,,,,,,,,,,,,,,,,,,,,,,,,0.0,0.0,,,,,0.0,,,,,,,,,,,,,,,,""
16232351210,"23 de out. de 2025, 13:19:09",Morning Weight Training,Treinamento com peso,,2470,0,,,false,,,activities/17316551808.tcx.gz,,,2470.0,2470.0,0.0,0.0,0.0,0.0,0.0,0.0,0.0,0.0,0.0,,,,,,,,,180.0,,,,,,,,,,,,,,,,0.0,,1.0,,,,,,,,,,,,,,,,,,,,,,,,,,,,0.0,0.0,,,,,0.0,,,,,,,,,,,,,,,,""
16256954759,"22 de out. de 2025, 10:33:25",Morning Run,Corrida,,2716,"8,76",,,false,,Fila Racer Speedzone,activities/17341352133.fit.gz,,,2716.0,2698.0,8767.0,4.94,3.249,75.5,145.0,756.9,803.2,12.1,-0.2,,,,,,,,,493.0,,,,,,,,,,,,,,,,0.0,,1.0,8861.9,,,,,,,,,,,,,,,,23620613.0,,,,,,,,,,,3.228,1260.2,,,,,0.0,,,,3.285,,,,,,,,,,,,""
16220654987,"22 de out. de 2025, 10:33:22",Morning Run,Corrida,"",2746,"8,88",,,false,,New Balance Propel v5 Propel v5,activities/17304781987.tcx.gz,,,2746.0,2728.0,8884.0,4.609,3.257,72.5,90.0,753.0,800.4,16.9,-0.2,,,89.0,85.0,,,,359.0,604.0,,,,,,,,,,,,361.0,2747.0,0.0,,0.0,,1.0,8965.5,,,,,,,,,,,,,,,,26740046.0,,,,,,,,,,,3.235,1275.9,,,,,0.0,,164.0,147.0,3.286,,,0.0,,,,,,,,,""
16217337429,"21 de out. de 2025, 20:25:34",Afternoon Workout,Treino,,6957,0,,,false,,,activities/17301428201.fit.gz,,,6957.0,6957.0,0.0,0.0,0.0,0.0,0.0,0.0,0.0,0.0,0.0,,,,,,,,,395.0,,,,,,,,,,,,,,,,0.0,,1.0,,,,,,,,,,,,,,,,,,,,,,,,,,,,0.0,0.0,,,,,0.0,,,,,,,,,,,,,,,,""
16205950197,"20 de out. de 2025, 22:09:50",Evening Run,Corrida,,3345,"10,01",,,false,,Fila Racer Speedzone,activities/17289961468.fit.gz,,,3345.0,3332.0,10009.2,5.1,3.004,177.1,252.0,768.7,826.2,25.5,-0.1,,,,,,,,,616.0,,,,,,,,,,,,,,,,0.0,,1.0,10472.1,,,,,,,,,,,,,,,,23620613.0,,,,,,,,,,,2.992,235.8,,,,,0.0,,,,3.143,,,,,,,,,,,,""
16205950011,"20 de out. de 2025, 20:25:06",Afternoon Workout,Treino,,3822,0,,,false,,,activities/17289961351.fit.gz,,,3822.0,3822.0,0.0,0.0,0.0,0.0,0.0,0.0,0.0,0.0,0.0,,,,,,,,,159.0,,,,,,,,,,,,,,,,0.0,,1.0,,,,,,,,,,,,,,,,,,,,,,,,,,,,0.0,0.0,,,,,0.0,,,,,,,,,,,,,,,,""
16196050953,"19 de out. de 2025, 21:07:21",Noite Passeio,Pedalada,"",5001,"28,80",,,false,,Show Gravel,activities/17280047457.fit.gz,,11.0,5001.0,4617.0,28804.9,11.2,6.239,174.0,216.0,728.0,797.0,30.9,0.1,,,105.0,67.0,,,,203.0,987.0,,13.0,,,,,,,,,,,,,,0.0,,1.0,,,,,,,,,,,,,,,,10641974.0,,,,,,,,,,,,5.76,811.9,,,,,0.0,,,,,,,,,,,,,,,,""
16196425185,"18 de out. de 2025, 21:23:54",Pedalada ao entardecer,Corrida,"",1885,"6,00",,,false,,Fila Racer Speedzone,,,,1885.0,1885.0,6000.0,,3.183,0.0,,,,,0.0,,,,,,,,,641.0,,,,,,,,,,,,,,0.0,,0.0,,0.0,,,,,,,,,,,,,,,,,23620613.0,,,,,,,,,,,3.183,0.0,,,,,0.0,,,,,,,0.0,,,,,,,,,""
16196420179,"18 de out. de 2025, 20:17:44",Corrida vespertina,Corrida,"",3205,"10,00",,,false,,Fila Racer Speedzone,,,,3205.0,3205.0,10000.0,,3.12,,,,,,0.0,,,,,,,,,1069.0,,,,,,,,,,,,,,0.0,,0.0,,0.0,,,,,,,,,,,,,,,,,23620613.0,,,,,,,,,,,3.12,0.0,,,,,0.0,,,,,,,,,,,,,,,,media/9bba4874-d9cd-4fa1-bf2e-d1023e1fbafb.jpg
16175394674,"17 de out. de 2025, 22:15:26",Evening Run,Corrida,,3521,"10,26",,,false,,Fila Racer Speedzone,activities/17259097197.fit.gz,,,3521.0,3499.0,10259.7,4.32,2.932,125.6,416.0,752.6,820.5,20.2,0.0,,,,,,,,,622.0,,,,,,,,,,,,,,,,0.0,,1.0,10573.3,,,,,,,,,,,,,,,,23620613.0,,,,,,,,,,,2.914,345.3,,,,,0.0,,,,3.022,,,,,,,,,,,,""
16175394654,"17 de out. de 2025, 20:21:39",Afternoon Workout,Treino,,6511,0,,,false,,,activities/17259097175.fit.gz,,,6511.0,6511.0,0.0,0.0,0.0,0.0,0.0,0.0,0.0,0.0,0.0,,,,,,,,,320.0,,,,,,,,,,,,,,,,0.0,,1.0,,,,,,,,,,,,,,,,,,,,,,,,,,,,0.0,0.0,,,,,0.0,,,,,,,,,,,,,,,,""
16175394684,"16 de out. de 2025, 12:58:51",Morning Workout,Treino,,9969,0,,,false,,,activities/17259097226.fit.gz,,,9969.0,9969.0,0.0,0.0,0.0,0.0,0.0,0.0,0.0,0.0,0.0,,,,,,,,,214.0,,,,,,,,,,,,,,,,0.0,,1.0,,,,,,,,,,,,,,,,,,,,,,,,,,,,0.0,0.0,,,,,0.0,,,,,,,,,,,,,,,,""
16147894910,"15 de out. de 2025, 10:44:33",Morning Run,Corrida,,2801,"8,01",,,false,,Fila Racer Speedzone,activities/17231368405.fit.gz,,,2801.0,2791.0,8015.2,3.82,2.872,75.1,99.0,757.5,803.2,9.1,0.0,,,,,,,,,419.0,,,,,,,,,,,,,,,,0.0,,1.0,8166.7,,,,,,,,,,,,,,,,23620613.0,,,,,,,,,,,2.862,1241.3,,,,,0.0,,,,2.926,,,,,,,,,,,,""
16147895072,"14 de out. de 2025, 22:12:05",Evening Workout,Treino,,3920,0,,,false,,,activities/17231368574.fit.gz,,,3920.0,3920.0,0.0,0.0,0.0,0.0,0.0,0.0,0.0,0.0,0.0,,,,,,,,,185.0,,,,,,,,,,,,,,,,0.0,,1.0,,,,,,,,,,,,,,,,,,,,,,,,,,,,0.0,0.0,,,,,0.0,,,,,,,,,,,,,,,,""
16133153346,"13 de out. de 2025, 22:12:47",Noite Passeio,Pedalada,"",7714,"38,83",,,false,,Show Gravel,activities/17216491606.fit.gz,,11.0,7714.0,6274.0,38829.1,10.8,6.189,293.0,291.0,726.0,801.0,30.1,0.0,,,114.0,71.0,,,,205.0,1367.0,,22.0,,,,,,,,,,,,,,0.0,,1.0,,,,,,,,,,,,,,,,10641974.0,,,,,,,,,,,,5.034,229.5,,,,,0.0,,,,,,,,,,,,,,,,""
16133437486,"13 de out. de 2025, 22:10:54",Evening Workout,Treino,"",7851,0,,,false,,,activities/17216780334.fit.gz,,,7851.0,7851.0,0.0,0.0,0.0,0.0,0.0,0.0,0.0,0.0,0.0,,,,,,,,,1067.0,,,,,,,,,,,,,,0.0,,0.0,,1.0,,,,,,,,,,,,,,,,,,,,,,,,,,,,0.0,0.0,,,,,0.0,,,,,,,0.0,,,,,,,,,""
16133437485,"13 de out. de 2025, 14:44:16",Lunch Workout,Treino,,8742,0,,,false,,,activities/17216780317.fit.gz,,,8742.0,8742.0,0.0,0.0,0.0,0.0,0.0,0.0,0.0,0.0,0.0,,,,,,,,,118.0,,,,,,,,,,,,,,,,0.0,,1.0,,,,,,,,,,,,,,,,,,,,,,,,,,,,0.0,0.0,,,,,0.0,,,,,,,,,,,,,,,,""
16122369576,"12 de out. de 2025, 19:23:45",Afternoon Run,Corrida,,2980,"8,00",,,false,,Fila Racer Speedzone,activities/17205590513.fit.gz,,,2980.0,2844.0,8008.9,3.98,2.816,72.3,170.0,751.1,781.2,27.7,-0.1,,,,,,,,,489.0,,,,,,,,,,,,,,,,0.0,,1.0,8210.4,,,,,,,,,,,,,,,,23620613.0,,,,,,,,,,,2.688,9.7,,,,,0.0,,,,2.887,,,,,,,,,,,,""
16110594874,"11 de out. de 2025, 21:19:13",Evening Run,Corrida,"",3179,"10,01",,,false,,Fila Racer T2 T2,activities/17193628474.fit.gz,,,3179.0,3028.0,10009.1,5.1,3.306,88.7,172.0,756.9,795.0,31.1,-0.2,,,,,,,,,584.0,,,,,,,,,,,,,,0.0,,0.0,,1.0,10191.3,,,,,,,,,,,,,,,,19912724.0,,,,,,,,,,,3.149,412.0,,,,,0.0,,,,3.366,,,0.0,,,,,,,,,""
16110629253,"10 de out. de 2025, 21:29:31",Evening Run,Corrida,"",3597,"10,01",,,false,,Fila Racer Speedzone,activities/17193663338.fit.gz,,,3597.0,3360.0,10017.2,4.14,2.981,70.0,87.0,752.0,794.9,18.2,0.0,,,,,,,,,577.0,,,,,,,,,,,,,,0.0,,0.0,,1.0,10166.4,,,,,,,,,,,,,,,,23620613.0,,,,,,,,,,,2.785,45.5,,,,,0.0,,,,3.026,,,0.0,,,,,,,,,""
16084815403,"9 de out. de 2025, 12:06:29",Morning Run,Corrida,,336,"1,01",,,false,,Fila Racer Speedzone,activities/17167593272.fit.gz,,,336.0,333.0,1011.5,4.26,3.038,2.9,4.0,763.2,766.3,2.4,0.3,,,,,,,,,54.0,,,,,,,,,,,,,,,,0.0,,1.0,1019.5,,,,,,,,,,,,,,,,23620613.0,,,,,,,,,,,3.01,0.0,,,,,0.0,,,,3.062,,,,,,,,,,,,""
16084815464,"9 de out. de 2025, 11:18:51",Morning Run,Corrida,"",2454,"8,09",,,false,,Fila Racer T2 T2,activities/17167593183.fit.gz,,,2454.0,2454.0,8097.8,5.1,3.3,63.2,95.0,751.9,781.2,19.5,-0.2,,,,,,,,,223.0,,,,,,,,,,,,,,0.0,,0.0,,1.0,8444.1,,,,,,,,,,,,,,,,19912724.0,,,,,,,,,,,3.3,19.7,,,,,0.0,,,,3.319,,,0.0,,,,,,,,,media/bbaa3faa-7aa2-4085-8908-a63912d78825.jpg
16084815851,"8 de out. de 2025, 12:55:50",Morning Workout,Treino,,7034,0,,,false,,,activities/17167593636.fit.gz,,,7034.0,7034.0,0.0,0.0,0.0,0.0,0.0,0.0,0.0,0.0,0.0,,,,,,,,,148.0,,,,,,,,,,,,,,,,0.0,,1.0,,,,,,,,,,,,,,,,,,,,,,,,,,,,0.0,0.0,,,,,0.0,,,,,,,,,,,,,,,,""
16084815753,"7 de out. de 2025, 20:30:51",Afternoon Workout,Treino,,5421,0,,,false,,,activities/17167593560.fit.gz,,,5421.0,5421.0,0.0,0.0,0.0,0.0,0.0,0.0,0.0,0.0,0.0,,,,,,,,,121.0,,,,,,,,,,,,,,,,0.0,,1.0,,,,,,,,,,,,,,,,,,,,,,,,,,,,0.0,0.0,,,,,0.0,,,,,,,,,,,,,,,,""
16084815711,"6 de out. de 2025, 22:04:42",Evening Run,Corrida,"",2753,"8,01",,,false,,Fila Racer T2 T2,activities/17167593468.fit.gz,,,2753.0,2735.0,8009.5,4.82,2.929,49.6,125.0,753.5,814.6,9.0,-0.6,,,,,,,,,442.0,,,,,,,,,,,,,,0.0,,0.0,,1.0,8018.6,,,,,,,,,,,,,,,,19912724.0,,,,,,,,,,,2.909,144.2,,,,,0.0,,,,2.932,,,0.0,,,,,,,,,""
16084815622,"6 de out. de 2025, 20:15:08",Afternoon Workout,Treino,,6617,0,,,false,,,activities/17167593375.fit.gz,,,6617.0,6617.0,0.0,0.0,0.0,0.0,0.0,0.0,0.0,0.0,0.0,,,,,,,,,205.0,,,,,,,,,,,,,,,,0.0,,1.0,,,,,,,,,,,,,,,,,,,,,,,,,,,,0.0,0.0,,,,,0.0,,,,,,,,,,,,,,,,""
16046612974,"5 de out. de 2025, 21:10:22",Evening Run,Corrida,,2967,"9,01",,,false,,Fila Racer Speedzone,activities/17129007248.fit.gz,,,2967.0,2964.0,9010.1,4.3,3.04,76.1,95.0,757.5,794.6,13.1,-0.2,,,,,,,,,546.0,,,,,,,,,,,,,,,,0.0,,1.0,9186.7,,,,,,,,,,,,,,,,23620613.0,,,,,,,,,,,3.037,1079.1,,,,,0.0,,,,3.099,,,,,,,,,,,,""
16034839956,"4 de out. de 2025, 20:28:58",Afternoon Run,Corrida,"",3765,"10,01",,,false,,Fila Racer Speedzone,activities/17117041431.fit.gz,,,3765.0,3462.0,10009.7,3.8,2.891,76.9,105.0,753.5,803.2,9.0,-0.1,,,,,,,,,588.0,,,,,,,,,,,,,,0.0,,0.0,,1.0,10083.8,,,,,,,,,,,,,,,,23620613.0,,,,,,,,,,,2.659,1307.5,,,,,0.0,,,,2.913,,,0.0,,,,,,,,,""
16034839931,"4 de out. de 2025, 18:32:23",Afternoon Workout,Treino,,3983,0,,,false,,,activities/17117041387.fit.gz,,,3983.0,3983.0,0.0,0.0,0.0,0.0,0.0,0.0,0.0,0.0,0.0,,,,,,,,,95.0,,,,,,,,,,,,,,,,0.0,,1.0,,,,,,,,,,,,,,,,,,,,,,,,,,,,0.0,0.0,,,,,0.0,,,,,,,,,,,,,,,,""
16025170582,"3 de out. de 2025, 22:01:08",Evening Run,Corrida,,2897,"8,00",,,false,,Fila Racer Speedzone,activities/17107230950.fit.gz,,,2897.0,2866.0,8006.5,4.08,2.794,51.7,79.0,755.8,795.0,25.0,-0.1,,,,,,,,,544.0,,,,,,,,,,,,,,,,0.0,,1.0,8066.6,,,,,,,,,,,,,,,,23620613.0,,,,,,,,,,,2.764,34.5,,,,,0.0,,,,2.815,,,,,,,,,,,,""
16025170375,"3 de out. de 2025, 20:28:09",Afternoon Workout,Treino,,5599,0,,,false,,,activities/17107230813.fit.gz,,,5599.0,5599.0,0.0,0.0,0.0,0.0,0.0,0.0,0.0,0.0,0.0,,,,,,,,,308.0,,,,,,,,,,,,,,,,0.0,,1.0,,,,,,,,,,,,,,,,,,,,,,,,,,,,0.0,0.0,,,,,0.0,,,,,,,,,,,,,,,,""
16025170707,"2 de out. de 2025, 11:27:53",Morning Workout,Treino,,28250,0,,,false,,,activities/17107231163.fit.gz,,,28250.0,28250.0,0.0,0.0,0.0,0.0,0.0,0.0,0.0,0.0,0.0,,,,,,,,,701.0,,,,,,,,,,,,,,,,0.0,,1.0,,,,,,,,,,,,,,,,,,,,,,,,,,,,0.0,0.0,,,,,0.0,,,,,,,,,,,,,,,,""
15998274019,"1 de out. de 2025, 12:57:23",Morning Run,Corrida,,925,"2,01",,,false,,Fila Racer Speedzone,activities/17079995446.fit.gz,,,925.0,684.0,2010.5,4.14,2.939,6.7,16.0,727.6,732.2,6.0,0.0,,,,,,,,,134.0,,,,,,,,,,,,,,,,0.0,,1.0,2030.2,,,,,,,,,,,,,,,,23620613.0,,,,,,,,,,,2.174,0.0,,,,,0.0,,,,2.968,,,,,,,,,,,,""
15998274084,"1 de out. de 2025, 11:44:34",Morning Run,Corrida,,4182,"12,01",,,false,,Fila Racer Speedzone,activities/17079995379.fit.gz,,,4182.0,3567.0,12011.5,4.38,3.367,17.7,105.0,727.4,733.4,8.7,0.0,,,,,,,,,664.0,,,,,,,,,,,,,,,,0.0,,1.0,12037.1,,,,,,,,,,,,,,,,23620613.0,,,,,,,,,,,2.872,65.7,,,,,0.0,,,,3.375,,,,,,,,,,,,""
15998274190,"1 de out. de 2025, 11:34:46",Morning Run,Corrida,,540,"1,39",,,false,,Fila Racer Speedzone,activities/17079995524.fit.gz,,,540.0,491.0,1395.5,3.28,2.842,6.0,10.0,723.6,731.4,15.3,0.0,,,,,,,,,90.0,,,,,,,,,,,,,,,,0.0,,1.0,1430.6,,,,,,,,,,,,,,,,23620613.0,,,,,,,,,,,2.584,662.9,,,,,0.0,,,,2.914,,,,,,,,,,,,""
15998274398,"30 de set. de 2025, 20:35:28",Afternoon Workout,Treino,,2852,0,,,false,,,activities/17079995770.fit.gz,,,2852.0,2852.0,0.0,0.0,0.0,0.0,0.0,0.0,0.0,0.0,0.0,,,,,,,,,71.0,,,,,,,,,,,,,,,,0.0,,1.0,,,,,,,,,,,,,,,,,,,,,,,,,,,,0.0,0.0,,,,,0.0,,,,,,,,,,,,,,,,""
15998274334,"29 de set. de 2025, 20:30:35",Afternoon Workout,Treino,,15375,0,,,false,,,activities/17079995612.fit.gz,,,15375.0,15375.0,0.0,0.0,0.0,0.0,0.0,0.0,0.0,0.0,0.0,,,,,,,,,246.0,,,,,,,,,,,,,,,,0.0,,1.0,,,,,,,,,,,,,,,,,,,,,,,,,,,,0.0,0.0,,,,,0.0,,,,,,,,,,,,,,,,""
15970125258,"28 de set. de 2025, 19:11:27",Afternoon Run,Corrida,"",7039,"21,00",,,false,,Fila Racer T2 T2,activities/17051453688.fit.gz,,,7039.0,6885.0,21006.6,4.3,3.051,156.9,273.0,739.4,795.0,15.8,0.0,,,,,,,,,1341.0,,,,,,,,,,,,,,0.0,,0.0,,1.0,21272.7,,,,,,,,,,,,,,,,19912724.0,,,,,,,,,,,2.984,2070.7,,,,,0.0,,,,3.09,,,0.0,,,,,,,,,""
15970125255,"27 de set. de 2025, 18:41:55",Afternoon Workout,Treino,,7722,0,,,false,,,activities/17051453767.fit.gz,,,7722.0,7722.0,0.0,0.0,0.0,0.0,0.0,0.0,0.0,0.0,0.0,,,,,,,,,370.0,,,,,,,,,,,,,,,,0.0,,1.0,,,,,,,,,,,,,,,,,,,,,,,,,,,,0.0,0.0,,,,,0.0,,,,,,,,,,,,,,,,""
15946768476,"26 de set. de 2025, 21:28:11",Evening Run,Corrida,"",3623,"11,48",,,false,,Fila Racer T2 T2,activities/17027528079.fit.gz,,,3623.0,3599.0,11483.1,4.48,3.191,73.6,135.0,750.6,795.0,14.9,-0.1,,,,,,,,,693.0,,,,,,,,,,,,,,0.0,,0.0,,1.0,11559.3,,,,,,,,,,,,,,,,19912724.0,,,,,,,,,,,3.17,504.9,,,,,0.0,,,,3.212,,,0.0,,,,,,,,,""
15931463827,"25 de set. de 2025, 09:54:21",Morning Run,Corrida,,3735,"11,21",,,false,,Fila Racer Speedzone,activities/17011894638.fit.gz,,,3735.0,3557.0,11215.8,4.36,3.153,82.6,113.0,751.9,803.2,8.5,0.0,,,,,,,,,296.0,,,,,,,,,,,,,,,,0.0,,1.0,11350.1,,,,,,,,,,,,,,,,23620613.0,,,,,,,,,,,3.003,1344.2,,,,,0.0,,,,3.191,,,,,,,,,,,,""
15942430145,"24 de set. de 2025, 13:09:48",Morning Workout,Treino,,6433,0,,,false,,,activities/17023106986.fit.gz,,,6433.0,6433.0,0.0,0.0,0.0,0.0,0.0,0.0,0.0,0.0,0.0,,,,,,,,,107.0,,,,,,,,,,,,,,,,0.0,,1.0,,,,,,,,,,,,,,,,,,,,,,,,,,,,0.0,0.0,,,,,0.0,,,,,,,,,,,,,,,,""
15942430148,"23 de set. de 2025, 20:45:23",Afternoon Workout,Treino,,6606,0,,,false,,,activities/17023106874.fit.gz,,,6606.0,6606.0,0.0,0.0,0.0,0.0,0.0,0.0,0.0,0.0,0.0,,,,,,,,,248.0,,,,,,,,,,,,,,,,0.0,,1.0,,,,,,,,,,,,,,,,,,,,,,,,,,,,0.0,0.0,,,,,0.0,,,,,,,,,,,,,,,,""
15942429828,"22 de set. de 2025, 20:30:50",Afternoon Workout,Treino,,7138,0,,,false,,,activities/17023106590.fit.gz,,,7138.0,7138.0,0.0,0.0,0.0,0.0,0.0,0.0,0.0,0.0,0.0,,,,,,,,,311.0,,,,,,,,,,,,,,,,0.0,,1.0,,,,,,,,,,,,,,,,,,,,,,,,,,,,0.0,0.0,,,,,0.0,,,,,,,,,,,,,,,,""
15893690595,"21 de set. de 2025, 21:07:41",Evening Run,Corrida,,5003,"15,00",,,false,,Fila Racer Speedzone,activities/16973176111.fit.gz,,,5003.0,4856.0,15003.6,4.68,3.09,107.5,405.0,740.2,796.2,23.1,-0.1,,,,,,,,,878.0,,,,,,,,,,,,,,,,0.0,,1.0,15155.5,,,,,,,,,,,,,,,,23620613.0,,,,,,,,,,,2.999,141.8,,,,,0.0,,,,3.121,,,,,,,,,,,,""
15893690391,"21 de set. de 2025, 20:55:57",Afternoon Run,Corrida,,638,"1,88",,,false,,Fila Racer Speedzone,activities/16973176005.fit.gz,,,638.0,635.0,1884.7,3.98,2.968,15.0,23.0,771.5,794.7,9.1,-0.5,,,,,,,,,100.0,,,,,,,,,,,,,,,,0.0,,1.0,1922.3,,,,,,,,,,,,,,,,23620613.0,,,,,,,,,,,2.954,0.0,,,,,0.0,,,,3.027,,,,,,,,,,,,""
15869800729,"19 de set. de 2025, 21:27:59",Evening Run,Corrida,,5080,"15,00",,,false,,Fila Racer Speedzone,activities/16948582819.fit.gz,,,5080.0,4912.0,15008.6,4.46,3.055,99.5,248.0,739.9,794.9,47.8,-0.1,,,,,,,,,914.0,,,,,,,,,,,,,,,,0.0,,1.0,15176.5,,,,,,,,,,,,,,,,23620613.0,,,,,,,,,,,2.954,111.0,,,,,0.0,,,,3.09,,,,,,,,,,,,""
15853112512,"18 de set. de 2025, 10:09:59",Morning Run,Corrida,"",5359,"15,01",,,false,,Fila Racer T2 T2,activities/16931492978.fit.gz,,,5359.0,4882.0,15014.0,4.92,3.075,203.7,252.0,764.0,826.4,49.6,0.0,,,,,,,,,983.0,,,,,,,,,,,,,,0.0,,0.0,,1.0,15464.2,,,,,,,,,,,,,,,,19912724.0,,,,,,,,,,,2.802,152.4,,,,,0.0,,,,3.168,,,0.0,,,,,,,,,""
15853112894,"17 de set. de 2025, 12:21:52",Morning Workout,Treino,,26426,0,,,false,,,activities/16931493366.fit.gz,,,26426.0,26426.0,0.0,0.0,0.0,0.0,0.0,0.0,0.0,0.0,0.0,,,,,,,,,545.0,,,,,,,,,,,,,,,,0.0,,1.0,,,,,,,,,,,,,,,,,,,,,,,,,,,,0.0,0.0,,,,,0.0,,,,,,,,,,,,,,,,""
15853112386,"16 de set. de 2025, 11:28:44",Morning Workout,Treino,,4534,0,,,false,,,activities/16931493106.fit.gz,,,4534.0,4534.0,0.0,0.0,0.0,0.0,0.0,0.0,0.0,0.0,0.0,,,,,,,,,112.0,,,,,,,,,,,,,,,,0.0,,1.0,,,,,,,,,,,,,,,,,,,,,,,,,,,,0.0,0.0,,,,,0.0,,,,,,,,,,,,,,,,""
15824753859,"15 de set. de 2025, 21:24:53",Evening Run,Corrida,,5503,"16,01",,,false,,Fila Racer Speedzone,activities/16902374349.fit.gz,,,5503.0,5279.0,16012.6,4.46,3.033,118.3,320.0,739.4,795.0,21.1,-0.1,,,,,,,,,927.0,,,,,,,,,,,,,,,,0.0,,1.0,16187.9,,,,,,,,,,,,,,,,23620613.0,,,,,,,,,,,2.91,933.9,,,,,0.0,,,,3.066,,,,,,,,,,,,""
15824753720,"15 de set. de 2025, 14:20:59",Lunch Workout,Treino,,4850,0,,,false,,,activities/16902374280.fit.gz,,,4850.0,4850.0,0.0,0.0,0.0,0.0,0.0,0.0,0.0,0.0,0.0,,,,,,,,,81.0,,,,,,,,,,,,,,,,0.0,,1.0,,,,,,,,,,,,,,,,,,,,,,,,,,,,0.0,0.0,,,,,0.0,,,,,,,,,,,,,,,,""
15802247166,"13 de set. de 2025, 19:43:18",Quase um treino de tiros,Pedalada,"",9746,"57,09",,,false,,Show Gravel,activities/16878848525.fit.gz,,11.0,9746.0,8402.0,57098.8,13.48,6.796,486.0,475.0,717.0,822.0,40.4,0.1,,,110.0,75.0,,,,231.0,2099.0,,18.0,,,,,,,,,,,,0.0,,0.0,,1.0,,,,,,,,,,,,,,,,10641974.0,,,,,,,,,,,,5.859,36.0,,,,,0.0,,,,,,,0.0,,,,,,,,,""
15824753866,"13 de set. de 2025, 19:41:37",Afternoon Workout,Treino,,9868,0,,,false,,,activities/16902374385.fit.gz,,,9868.0,9868.0,0.0,0.0,0.0,0.0,0.0,0.0,0.0,0.0,0.0,,,,,,,,,1374.0,,,,,,,,,,,,,,,,0.0,,1.0,,,,,,,,,,,,,,,,,,,,,,,,,,,,0.0,0.0,,,,,0.0,,,,,,,,,,,,,,,,""
15790982871,"12 de set. de 2025, 23:20:59",Evening Run,Corrida,,372,"1,03",,,false,,Fila Racer Speedzone,activities/16866974384.fit.gz,,,372.0,372.0,1030.0,4.2,2.769,7.6,0.0,763.8,772.0,3.6,0.8,,,,,,,,,63.0,,,,,,,,,,,,,,,,0.0,,1.0,1050.2,,,,,,,,,,,,,,,,23620613.0,,,,,,,,,,,2.769,0.0,,,,,0.0,,,,2.823,,,,,,,,,,,,""
15790982769,"12 de set. de 2025, 22:10:39",Evening Run,Corrida,,4042,"12,01",,,false,,Fila Racer Speedzone,activities/16866974236.fit.gz,,,4042.0,3872.0,12012.1,4.8,3.102,146.1,212.0,750.6,820.5,48.5,-0.1,,,,,,,,,578.0,,,,,,,,,,,,,,,,0.0,,1.0,12337.8,,,,,,,,,,,,,,,,23620613.0,,,,,,,,,,,2.972,443.1,,,,,0.0,,,,3.186,,,,,,,,,,,,""
15790982799,"12 de set. de 2025, 20:16:32",Afternoon Workout,Treino,,6583,0,,,false,,,activities/16866974279.fit.gz,,,6583.0,6583.0,0.0,0.0,0.0,0.0,0.0,0.0,0.0,0.0,0.0,,,,,,,,,168.0,,,,,,,,,,,,,,,,0.0,,1.0,,,,,,,,,,,,,,,,,,,,,,,,,,,,0.0,0.0,,,,,0.0,,,,,,,,,,,,,,,,""
15790982800,"11 de set. de 2025, 12:21:41",Morning Workout,Treino,,3081,0,,,false,,,activities/16866974316.fit.gz,,,3081.0,3081.0,0.0,0.0,0.0,0.0,0.0,0.0,0.0,0.0,0.0,,,,,,,,,70.0,,,,,,,,,,,,,,,,0.0,,1.0,,,,,,,,,,,,,,,,,,,,,,,,,,,,0.0,0.0,,,,,0.0,,,,,,,,,,,,,,,,""
15762836410,"10 de set. de 2025, 10:06:36",Morning Run,Corrida,,2475,"8,02",,,false,,Fila Racer Speedzone,activities/16837263763.fit.gz,,,2475.0,2472.0,8020.3,4.88,3.244,75.7,91.0,757.2,802.9,15.7,0.3,,,,,,,,,427.0,,,,,,,,,,,,,,,,0.0,,1.0,8177.9,,,,,,,,,,,,,,,,23620613.0,,,,,,,,,,,3.241,507.0,,,,,0.0,,,,3.308,,,,,,,,,,,,""
15762836148,"9 de set. de 2025, 22:19:08",Evening Workout,Treino,,9783,0,,,false,,,activities/16837263689.fit.gz,,,9783.0,9783.0,0.0,0.0,0.0,0.0,0.0,0.0,0.0,0.0,0.0,,,,,,,,,242.0,,,,,,,,,,,,,,,,0.0,,1.0,,,,,,,,,,,,,,,,,,,,,,,,,,,,0.0,0.0,,,,,0.0,,,,,,,,,,,,,,,,""
15745919777,"8 de set. de 2025, 23:17:17",Evening Run,Corrida,,953,"2,02",,,false,,Fila Racer Speedzone,activities/16819359126.fit.gz,,,953.0,822.0,2023.7,3.34,2.462,14.6,4.0,758.0,773.1,32.8,0.7,,,,,,,,,142.0,,,,,,,,,,,,,,,,0.0,,1.0,2066.1,,,,,,,,,,,,,,,,23620613.0,,,,,,,,,,,2.124,19.6,,,,,0.0,,,,2.514,,,,,,,,,,,,""
15745919820,"8 de set. de 2025, 22:22:51",Evening Run,Corrida,"",3054,"10,01",,,false,,Fila Racer T2 T2,activities/16819359061.fit.gz,,,3054.0,3030.0,10017.2,5.62,3.306,77.1,152.0,742.3,771.6,20.5,0.0,,,,,,,,,587.0,,,,,,,,,,,,,,0.0,,0.0,,1.0,10136.4,,,,,,,,,,,,,,,,19912724.0,,,,,,,,,,,3.28,434.9,,,,,0.0,,,,3.345,,,0.0,,,,,,,,,""
15745919634,"8 de set. de 2025, 22:08:41",Evening Run,Corrida,,709,"2,05",,,false,,Fila Racer Speedzone,activities/16819358999.fit.gz,,,709.0,706.0,2055.7,3.52,2.912,14.8,32.0,769.9,794.9,8.1,-0.5,,,,,,,,,121.0,,,,,,,,,,,,,,,,0.0,,1.0,2093.3,,,,,,,,,,,,,,,,23620613.0,,,,,,,,,,,2.899,0.0,,,,,0.0,,,,2.965,,,,,,,,,,,,""
15745919619,"8 de set. de 2025, 20:38:26",Afternoon Workout,Treino,,5105,0,,,false,,,activities/16819358937.fit.gz,,,5105.0,5105.0,0.0,0.0,0.0,0.0,0.0,0.0,0.0,0.0,0.0,,,,,,,,,206.0,,,,,,,,,,,,,,,,0.0,,1.0,,,,,,,,,,,,,,,,,,,,,,,,,,,,0.0,0.0,,,,,0.0,,,,,,,,,,,,,,,,""
15722134033,"6 de set. de 2025, 21:20:35",Evening Run,Corrida,,2717,"8,00",,,false,,Fila Racer Speedzone,activities/16794132122.fit.gz,,,2717.0,2714.0,8008.0,4.02,2.951,73.1,101.0,757.1,794.7,12.4,-0.1,,,,,,,,,493.0,,,,,,,,,,,,,,,,0.0,,1.0,8150.8,,,,,,,,,,,,,,,,23620613.0,,,,,,,,,,,2.947,684.3,,,,,0.0,,,,3.003,,,,,,,,,,,,""
15711082389,"5 de set. de 2025, 23:07:41",Evening Run,Corrida,,418,"1,10",,,false,,Fila Racer Speedzone,activities/16782440190.fit.gz,,,418.0,415.0,1102.4,3.1,2.656,6.2,106.0,759.7,766.1,3.9,0.6,,,,,,,,,59.0,,,,,,,,,,,,,,,,0.0,,1.0,1119.7,,,,,,,,,,,,,,,,23620613.0,,,,,,,,,,,2.637,0.0,,,,,0.0,,,,2.698,,,,,,,,,,,,""
15711082447,"5 de set. de 2025, 22:12:37",Evening Run,Corrida,,3122,"10,14",,,false,,Fila Racer Speedzone,activities/16782440109.fit.gz,,,3122.0,3098.0,10147.3,4.72,3.275,73.3,187.0,750.3,794.9,25.2,-0.2,,,,,,,,,627.0,,,,,,,,,,,,,,,,0.0,,1.0,10229.1,,,,,,,,,,,,,,,,23620613.0,,,,,,,,,,,3.25,436.8,,,,,0.0,,,,3.302,,,,,,,,,,,,""
15711082222,"5 de set. de 2025, 20:30:58",Afternoon Workout,Treino,,4521,0,,,false,,,activities/16782439977.fit.gz,,,4521.0,4521.0,0.0,0.0,0.0,0.0,0.0,0.0,0.0,0.0,0.0,,,,,,,,,197.0,,,,,,,,,,,,,,,,0.0,,1.0,,,,,,,,,,,,,,,,,,,,,,,,,,,,0.0,0.0,,,,,0.0,,,,,,,,,,,,,,,,""
15711082788,"4 de set. de 2025, 12:23:41",Morning Workout,Treino,,4524,0,,,false,,,activities/16782440549.fit.gz,,,4524.0,4524.0,0.0,0.0,0.0,0.0,0.0,0.0,0.0,0.0,0.0,,,,,,,,,211.0,,,,,,,,,,,,,,,,0.0,,1.0,,,,,,,,,,,,,,,,,,,,,,,,,,,,0.0,0.0,,,,,0.0,,,,,,,,,,,,,,,,""
15711082811,"3 de set. de 2025, 10:54:30",Morning Run,Corrida,,2901,"8,00",,,false,,Fila Racer Speedzone,activities/16782440500.fit.gz,,,2901.0,2721.0,8008.6,4.02,2.943,47.5,346.0,751.7,781.2,23.6,-0.1,,,,,,,,,450.0,,,,,,,,,,,,,,,,0.0,,1.0,8066.1,,,,,,,,,,,,,,,,23620613.0,,,,,,,,,,,2.761,35.5,,,,,0.0,,,,2.964,,,,,,,,,,,,""
15711082742,"2 de set. de 2025, 20:34:53",Afternoon Workout,Treino,,4683,0,,,false,,,activities/16782440417.fit.gz,,,4683.0,4683.0,0.0,0.0,0.0,0.0,0.0,0.0,0.0,0.0,0.0,,,,,,,,,146.0,,,,,,,,,,,,,,,,0.0,,1.0,,,,,,,,,,,,,,,,,,,,,,,,,,,,0.0,0.0,,,,,0.0,,,,,,,,,,,,,,,,""
15711082679,"1 de set. de 2025, 18:51:29",Afternoon Workout,Treino,,9068,0,,,false,,,activities/16782440378.fit.gz,,,9068.0,9068.0,0.0,0.0,0.0,0.0,0.0,0.0,0.0,0.0,0.0,,,,,,,,,287.0,,,,,,,,,,,,,,,,0.0,,1.0,,,,,,,,,,,,,,,,,,,,,,,,,,,,0.0,0.0,,,,,0.0,,,,,,,,,,,,,,,,""
15802247176,"1 de set. de 2025, 09:56:30",Manhã Passeio,Pedalada,"",2725,"14,18",,,false,,Show Gravel,activities/16878848591.fit.gz,,11.0,2725.0,2455.0,14186.6,11.28,5.779,124.0,68.0,449.0,788.0,49.4,0.1,,,99.0,69.0,,,,193.0,465.0,,19.0,,,,,,,,,,,,,,0.0,,1.0,,,,,,,,,,,,,,,,10641974.0,,,,,,,,,,,,5.206,234.4,,,,,0.0,,,,,,,,,,,,,,,,""
15657615343,"1 de set. de 2025, 08:45:30",Noite Passeio,Pedalada,"",4254,"29,29",,,false,,Show Gravel,activities/16724191767.fit.gz,,11.0,4254.0,3748.0,29295.3,10.56,7.816,78.0,70.0,712.0,950.0,16.1,-0.7,,,104.0,83.0,,,,251.0,1182.0,,18.0,,,,,,,,,,,,,,0.0,,1.0,,,,,,,,,,,,,,,,10641974.0,,,,,,,,,,,,6.887,68.0,,,,,0.0,,,,,,,,,,,,,,,,""
15657596421,"1 de set. de 2025, 08:09:22",Noite Passeio,Pedalada,"",2141,"14,17",,,false,,Show Gravel,activities/16724170726.fit.gz,,11.0,2141.0,2038.0,14170.2,12.6,6.953,71.0,124.0,722.0,776.0,18.2,-0.4,,,112.0,76.0,,,,206.0,513.0,,19.0,,,,,,,,,,,,,,0.0,,1.0,,,,,,,,,,,,,,,,10641974.0,,,,,,,,,,,,6.618,98.6,,,,,0.0,,,,,,,,,,,,,,,,""
15711082558,"1 de set. de 2025, 08:08:03",Morning Workout,Treino,,9221,0,,,false,,,activities/16782440310.fit.gz,,,9221.0,9221.0,0.0,0.0,0.0,0.0,0.0,0.0,0.0,0.0,0.0,,,,,,,,,1361.0,,,,,,,,,,,,,,,,0.0,,1.0,,,,,,,,,,,,,,,,,,,,,,,,,,,,0.0,0.0,,,,,0.0,,,,,,,,,,,,,,,,""
15648486188,"31 de ago. de 2025, 10:45:30",Longão - 21km,Corrida,"",6881,"21,00",,,false,,Fila Racer Speedzone,activities/16714108144.fit.gz,,,6881.0,6878.0,21007.6,4.48,3.054,211.6,16182.0,757.2,817.2,25.0,-0.1,,,,,,,,,1295.0,,,,,,,,,,,,,,0.0,,0.0,,1.0,21367.7,,,,,,,,,,,,,,,,23620612.0,,,,,,,,,,,3.053,745.6,,,,,0.0,,,,3.107,,,0.0,,,,,,,,,media/6ee6b450-8559-4e3d-b083-229d4fb67073.jpg
15631941430,"29 de ago. de 2025, 22:02:22",Evening Run,Corrida,"",5207,"15,28",,,false,,Fila Racer Speedzone,activities/16695857118.fit.gz,,,5207.0,4986.0,15280.1,4.94,3.065,208.3,283.0,742.3,820.3,14.9,0.1,,,,,,,,,920.0,,,,,,,,,,,,,,0.0,,0.0,,1.0,15769.2,,,,,,,,,,,,,,,,23620612.0,,,,,,,,,,,2.935,345.3,,,,,0.0,,,,3.163,,,0.0,,,,,,,,,media/d1176b6e-4028-42e8-a046-95143392283a.jpg
15598298890,"26 de ago. de 2025, 21:34:31",Evening Run,Corrida,"",2583,"8,00",,,false,,Fila Racer T2 T2,activities/16659709309.fit.gz,,,2583.0,2580.0,8006.8,4.92,3.103,61.4,127.0,757.2,794.8,14.7,-0.1,,,,,,,,,508.0,,,,,,,,,,,,,,0.0,,0.0,,1.0,8146.6,,,,,,,,,,,,,,,,19912724.0,,,,,,,,,,,3.1,335.0,,,,,0.0,,,,3.158,,,0.0,,,,,,,,,""
15562430984,"23 de ago. de 2025, 19:53:43",Afternoon Run,Corrida,"",2910,"8,00",,,false,,Fila Racer Speedzone,activities/16621077358.fit.gz,,,2910.0,2891.0,8007.6,3.76,2.77,64.3,129.0,757.2,802.9,10.9,-0.1,,,,,,,,,459.0,,,,,,,,,,,,,,0.0,,0.0,,1.0,8096.8,,,,,,,,,,,,,,,,23620612.0,,,,,,,,,,,2.752,502.7,,,,,0.0,,,,2.801,,,0.0,,,,,,,,,media/1fdef916-d788-4935-bafe-9a0bbe6dc65b.jpg
15556223093,"22 de ago. de 2025, 21:34:43",Evening Run,Corrida,"",4813,"13,51",,,false,,Fila Racer Speedzone,activities/16614297908.fit.gz,,,4813.0,4568.0,13517.5,4.46,2.959,153.8,279.0,742.3,795.6,47.9,-0.1,,,,,,,,,837.0,,,,,,,,,,,,,,0.0,,0.0,,1.0,13841.1,,,,,,,,,,,,,,,,23620612.0,,,,,,,,,,,2.809,70.9,,,,,0.0,,,,3.03,,,0.0,,,,,,,,,media/7420182d-65b4-4735-9219-b1bb31e0908e.jpg
15519491579,"19 de ago. de 2025, 22:05:44",Cadência baixa - 400 D+,Pedalada,"",9822,"52,51",,,false,,Show Gravel,activities/16573737204.fit.gz,,11.0,9822.0,8368.0,52514.5,11.9,6.276,459.0,452.0,718.0,817.0,45.9,0.0,,,113.0,68.0,,,,207.0,1829.0,,21.0,,,,,,,,,,,,0.0,,0.0,,1.0,,,,,,,,,,,,,,,,10641974.0,,,,,,,,,,,,5.347,949.8,,,,,0.0,,,,,,,0.0,,,,,,,,,media/f91dde71-f595-49fa-abf6-30dced1b39b8.jpg
15531432229,"19 de ago. de 2025, 22:03:57",Evening Workout,Treino,,9943,0,,,false,,,activities/16586468236.fit.gz,,,9943.0,9943.0,0.0,0.0,0.0,0.0,0.0,0.0,0.0,0.0,0.0,,,,,,,,,1302.0,,,,,,,,,,,,,,,,0.0,,1.0,,,,,,,,,,,,,,,,,,,,,,,,,,,,0.0,0.0,,,,,0.0,,,,,,,,,,,,,,,,""
15506019462,"18 de ago. de 2025, 21:43:07",Ritmo leve,Corrida,"",3428,"10,03",,,false,,Fila Racer Speedzone,activities/16559418824.fit.gz,,,3428.0,3428.0,10030.0,4.2,2.926,100.7,110.4,757.2,794.9,23.3,-0.1,,,,,,,,,727.0,,,,,,,,,,,,,,0.0,,0.0,,1.0,10290.1,,,,,,,,,,,,,,,,23620612.0,,,,,,,,,,,2.926,900.0,,,,,0.0,,,,3.002,,,0.0,,,,,,,,,media/c0b527ce-c661-4cce-a30d-c228ddf83ab7.jpg
15531432352,"16 de ago. de 2025, 19:34:56",Afternoon Workout,Treino,,9164,0,,,false,,,activities/16586468373.fit.gz,,,9164.0,9164.0,0.0,0.0,0.0,0.0,0.0,0.0,0.0,0.0,0.0,,,,,,,,,1529.0,,,,,,,,,,,,,,,,0.0,,1.0,,,,,,,,,,,,,,,,,,,,,,,,,,,,0.0,0.0,,,,,0.0,,,,,,,,,,,,,,,,""
15483210161,"16 de ago. de 2025, 19:34:22",Controle de cadência,Pedalada,"",9168,"58,53",,,false,,Show Gravel,activities/16534981111.fit.gz,,11.0,9168.0,8754.0,58535.4,13.08,6.687,309.0,307.0,714.0,786.0,44.6,0.0,,,103.0,74.0,,,,211.0,2085.0,,18.0,,,,,,,,,,,,0.0,,0.0,,1.0,,,,,,,,,,,,,,,,10641974.0,,,,,,,,,,,,6.385,532.1,,,,,0.0,,,,,,,,,,,,,,,,media/063c84a7-34b3-47e5-98e9-3e7e912a745a.jpg
15531432321,"12 de ago. de 2025, 21:18:19",Evening Run,Corrida,,2055,"5,05",,,false,,Fila Racer Speedzone,activities/16586468347.fit.gz,,,2055.0,1866.0,5049.1,3.42,2.706,25.8,62.0,757.2,794.8,16.9,-0.3,,,,,,,,,162.0,,,,,,,,,,,,,,,,0.0,,1.0,5097.6,,,,,,,,,,,,,,,,23620612.0,,,,,,,,,,,2.457,378.9,,,,,0.0,,,,2.732,,,,,,,,,,,,""
15531432307,"8 de ago. de 2025, 21:05:26",Evening Workout,Treino,,2108,0,,,false,,,activities/16586468310.fit.gz,,,2108.0,2108.0,0.0,0.0,0.0,0.0,0.0,0.0,0.0,0.0,0.0,,,,,,,,,286.0,,,,,,,,,,,,,,,,0.0,,1.0,,,,,,,,,,,,,,,,,,,,,,,,,,,,0.0,0.0,,,,,0.0,,,,,,,,,,,,,,,,""
15531432272,"7 de ago. de 2025, 13:17:47",Morning Workout,Treino,,2032,0,,,false,,,activities/16586468298.fit.gz,,,2032.0,2032.0,0.0,0.0,0.0,0.0,0.0,0.0,0.0,0.0,0.0,,,,,,,,,77.0,,,,,,,,,,,,,,,,0.0,,1.0,,,,,,,,,,,,,,,,,,,,,,,,,,,,0.0,0.0,,,,,0.0,,,,,,,,,,,,,,,,""
15531432262,"6 de ago. de 2025, 12:56:33",Morning Workout,Treino,,2611,0,,,false,,,activities/16586468279.fit.gz,,,2611.0,2611.0,0.0,0.0,0.0,0.0,0.0,0.0,0.0,0.0,0.0,,,,,,,,,60.0,,,,,,,,,,,,,,,,0.0,,1.0,,,,,,,,,,,,,,,,,,,,,,,,,,,,0.0,0.0,,,,,0.0,,,,,,,,,,,,,,,,""
15531432274,"5 de ago. de 2025, 21:37:34",Evening Run,Corrida,,2809,"8,02",,,false,,Fila Racer Speedzone,activities/16586468260.fit.gz,,,2809.0,2644.0,8020.9,4.58,3.034,75.0,168.0,757.7,794.9,13.6,-0.1,,,,,,,,,499.0,,,,,,,,,,,,,,,,0.0,,1.0,8160.6,,,,,,,,,,,,,,,,23620612.0,,,,,,,,,,,2.855,200.0,,,,,0.0,,,,3.086,,,,,,,,,,,,""
15347485203,"4 de ago. de 2025, 22:39:42",Evening Ride,Pedalada,,8234,"52,83",,,false,,Show Gravel,activities/16390008093.fit.gz,,11.0,8234.0,7531.0,52831.0,13.8,7.015,338.0,441.0,723.5,799.9,46.7,0.0,,,,,,,,221.0,1176.0,,,,,,,,,,,,,,,,0.0,,1.0,,,,,,,,,,,,,,,,10641974.0,,,,,,,,,,,,6.416,766.0,,,,,0.0,,,,,,,,,,,,,,,,""
15347485028,"4 de ago. de 2025, 20:25:10",Afternoon Workout,Treino,,2768,0,,,false,,,activities/16390008021.fit.gz,,,2768.0,2768.0,0.0,0.0,0.0,0.0,0.0,0.0,0.0,0.0,0.0,,,,,,,,,47.0,,,,,,,,,,,,,,,,0.0,,1.0,,,,,,,,,,,,,,,,,,,,,,,,,,,,0.0,0.0,,,,,0.0,,,,,,,,,,,,,,,,""
15335674958,"3 de ago. de 2025, 21:31:41",Evening Run,Corrida,,3200,"10,00",,,false,,Fila Racer Speedzone,activities/16377318697.fit.gz,,,3200.0,3018.0,10003.2,4.86,3.315,83.6,135.0,757.2,794.9,14.4,-0.1,,,,,,,,,572.0,,,,,,,,,,,,,,,,0.0,,1.0,10178.8,,,,,,,,,,,,,,,,23620612.0,,,,,,,,,,,3.126,442.9,,,,,0.0,,,,3.373,,,,,,,,,,,,""
15324332231,"2 de ago. de 2025, 19:34:14",Afternoon Run,Corrida,,4417,"13,01",,,false,,Fila Racer Speedzone,activities/16365180186.fit.gz,,,4417.0,4411.0,13012.1,4.12,2.95,122.6,219.0,750.5,802.9,16.1,-0.1,,,,,,,,,763.0,,,,,,,,,,,,,,,,0.0,,1.0,13184.0,,,,,,,,,,,,,,,,23620612.0,,,,,,,,,,,2.946,950.5,,,,,0.0,,,,2.989,,,,,,,,,,,,""
15324332315,"1 de ago. de 2025, 21:32:09",Evening Workout,Treino,,2558,0,,,false,,,activities/16365180308.fit.gz,,,2558.0,2558.0,0.0,0.0,0.0,0.0,0.0,0.0,0.0,0.0,0.0,,,,,,,,,315.0,,,,,,,,,,,,,,,,0.0,,1.0,,,,,,,,,,,,,,,,,,,,,,,,,,,,0.0,0.0,,,,,0.0,,,,,,,,,,,,,,,,""
15324332257,"31 de jul. de 2025, 13:23:00",Morning Workout,Treino,,6722,0,,,false,,,activities/16365180282.fit.gz,,,6722.0,6722.0,0.0,0.0,0.0,0.0,0.0,0.0,0.0,0.0,0.0,,,,,,,,,270.0,,,,,,,,,,,,,,,,0.0,,1.0,,,,,,,,,,,,,,,,,,,,,,,,,,,,0.0,0.0,,,,,0.0,,,,,,,,,,,,,,,,""
15280544104,"29 de jul. de 2025, 21:51:34",Evening Run,Corrida,,3123,"10,02",,,false,,Fila Racer Speedzone,activities/16318331534.fit.gz,,,3123.0,3120.0,10022.4,4.8,3.212,63.0,124.0,751.7,794.8,9.9,-0.2,,,,,,,,,579.0,,,,,,,,,,,,,,,,0.0,,1.0,10120.6,,,,,,,,,,,,,,,,23620612.0,,,,,,,,,,,3.209,363.6,,,,,0.0,,,,3.244,,,,,,,,,,,,""
15280543884,"29 de jul. de 2025, 20:11:18",Afternoon Workout,Treino,,4015,0,,,false,,,activities/16318331386.fit.gz,,,4015.0,4015.0,0.0,0.0,0.0,0.0,0.0,0.0,0.0,0.0,0.0,,,,,,,,,192.0,,,,,,,,,,,,,,,,0.0,,1.0,,,,,,,,,,,,,,,,,,,,,,,,,,,,0.0,0.0,,,,,0.0,,,,,,,,,,,,,,,,""
15269126342,"28 de jul. de 2025, 21:15:52",Evening Run,Corrida,,2636,"7,01",,,false,,Fila Racer Speedzone,activities/16306189953.fit.gz,,,2636.0,2485.0,7013.0,3.82,2.822,53.9,159.0,757.7,794.7,13.4,-0.2,,,,,,,,,412.0,,,,,,,,,,,,,,,,0.0,,1.0,7164.9,,,,,,,,,,,,,,,,23620612.0,,,,,,,,,,,2.66,194.6,,,,,0.0,,,,2.883,,,,,,,,,,,,""
15269126119,"28 de jul. de 2025, 14:39:45",Lunch Workout,Treino,,3755,0,,,false,,,activities/16306189836.fit.gz,,,3755.0,3755.0,0.0,0.0,0.0,0.0,0.0,0.0,0.0,0.0,0.0,,,,,,,,,78.0,,,,,,,,,,,,,,,,0.0,,1.0,,,,,,,,,,,,,,,,,,,,,,,,,,,,0.0,0.0,,,,,0.0,,,,,,,,,,,,,,,,""
15258200095,"27 de jul. de 2025, 20:13:21",Afternoon Run,Corrida,,5629,"15,02",,,false,,Fila Racer Speedzone,activities/16294471117.fit.gz,,,5629.0,5347.0,15023.7,4.66,2.81,123.1,274.0,750.5,782.0,17.1,-0.1,,,,,,,,,892.0,,,,,,,,,,,,,,,,0.0,,1.0,15246.9,,,,,,,,,,,,,,,,23620612.0,,,,,,,,,,,2.669,816.2,,,,,0.0,,,,2.851,,,,,,,,,,,,""
15236500624,"25 de jul. de 2025, 22:03:34",Evening Run,Corrida,"",2766,"8,00",,,false,,Fila Racer T2 T2,activities/16271255424.fit.gz,,,2766.0,2636.0,8008.2,4.48,3.038,74.7,103.0,757.7,794.6,40.0,0.0,,,,,,,,,490.0,,,,,,,,,,,,,,0.0,,0.0,,1.0,8215.0,,,,,,,,,,,,,,,,19912724.0,,,,,,,,,,,2.895,400.7,,,,,0.0,,,,3.116,,,,,,,,,,,,""
15236500559,"25 de jul. de 2025, 20:16:17",Afternoon Workout,Treino,,4928,0,,,false,,,activities/16271255351.fit.gz,,,4928.0,4928.0,0.0,0.0,0.0,0.0,0.0,0.0,0.0,0.0,0.0,,,,,,,,,131.0,,,,,,,,,,,,,,,,0.0,,1.0,,,,,,,,,,,,,,,,,,,,,,,,,,,,0.0,0.0,,,,,0.0,,,,,,,,,,,,,,,,""
15219716734,"24 de jul. de 2025, 10:03:37",Morning Run,Corrida,,3350,"10,02",,,false,,Fila Racer Speedzone,activities/16253312260.fit.gz,,,3350.0,3336.0,10024.1,4.34,3.005,85.7,184.0,750.3,787.6,19.1,-0.1,,,,,,,,,630.0,,,,,,,,,,,,,,,,0.0,,1.0,10181.6,,,,,,,,,,,,,,,,23620612.0,,,,,,,,,,,2.992,1045.1,,,,,0.0,,,,3.052,,,,,,,,,,,,""
15203822885,"22 de jul. de 2025, 21:38:27",Evening Run,Corrida,,4200,"13,01",,,false,,Fila Racer Speedzone,activities/16236276898.fit.gz,,,4200.0,4197.0,13009.6,5.88,3.1,104.8,278.0,746.0,778.6,19.8,-0.1,,,,,,,,,778.0,,,,,,,,,,,,,,,,0.0,,1.0,13186.6,,,,,,,,,,,,,,,,23620612.0,,,,,,,,,,,3.098,789.1,,,,,0.0,,,,3.142,,,,,,,,,,,,""
15191193741,"21 de jul. de 2025, 20:34:25",Afternoon Run,Corrida,,2636,"5,00",,,false,,Fila Racer Speedzone,activities/16222683130.fit.gz,,,2636.0,2636.0,5004.0,2.92,1.898,0.0,0.0,0.0,0.0,0.0,0.0,,,,,,,,,353.0,,,,,,,,,,,,,,,,0.0,,1.0,5004.0,,,,,,,,,,,,,,,,23620612.0,,,,,,,,,,0.0,1.898,0.0,,,,,0.0,,,,,,,,,,,,,,,,""
15191193662,"21 de jul. de 2025, 19:41:03",Afternoon Workout,Treino,,2752,0,,,false,,,activities/16222683097.fit.gz,,,2752.0,2752.0,0.0,0.0,0.0,0.0,0.0,0.0,0.0,0.0,0.0,,,,,,,,,51.0,,,,,,,,,,,,,,,,0.0,,1.0,,,,,,,,,,,,,,,,,,,,,,,,,,,0.0,0.0,0.0,,,,,0.0,,,,,,,,,,,,,,,,""
15181587702,"20 de jul. de 2025, 21:02:23",Evening Run,Corrida,"",4640,"15,01",,,false,,Fila Racer Speedzone,activities/16212148497.fit.gz,,,4640.0,4632.0,15014.4,5.8,3.241,113.4,191.0,742.3,794.8,26.1,-0.1,,,,,,,,,962.0,,,,,,,,,,,,,,0.0,,0.0,,1.0,15219.9,,,,,,,,,,,,,,,,23620612.0,,,,,,,,,,0.0,3.236,466.7,,,,,0.0,,,,3.286,,,,,,,,,,,,media/8c5813af-d558-4377-b504-f0d9232458c2.jpg
15169691893,"19 de jul. de 2025, 19:29:34",Afternoon Run,Corrida,,3708,"9,82",,,false,,Fila Racer Speedzone,activities/16199068855.fit.gz,,,3708.0,3452.0,9822.8,4.36,2.846,57.6,149.0,750.3,781.2,13.6,-0.1,,,,,,,,,639.0,,,,,,,,,,,,,,,,0.0,,1.0,9912.1,,,,,,,,,,,,,,,,23620612.0,,,,,,,,,,0.0,2.649,247.6,,,,,0.0,,,,2.871,,,,,,,,,,,,""
15169691974,"18 de jul. de 2025, 20:24:30",Afternoon Workout,Treino,,6758,0,,,false,,,activities/16199068975.fit.gz,,,6758.0,6758.0,0.0,0.0,0.0,0.0,0.0,0.0,0.0,0.0,0.0,,,,,,,,,363.0,,,,,,,,,,,,,,,,0.0,,1.0,,,,,,,,,,,,,,,,,,,,,,,,,,,0.0,0.0,0.0,,,,,0.0,,,,,,,,,,,,,,,,""
15169691913,"16 de jul. de 2025, 14:05:03",Lunch Workout,Treino,,5461,0,,,false,,,activities/16199068900.fit.gz,,,5461.0,5461.0,0.0,0.0,0.0,0.0,0.0,0.0,0.0,0.0,0.0,,,,,,,,,95.0,,,,,,,,,,,,,,,,0.0,,1.0,,,,,,,,,,,,,,,,,,,,,,,,,,,0.0,0.0,0.0,,,,,0.0,,,,,,,,,,,,,,,,""
15169691920,"15 de jul. de 2025, 20:31:39",Afternoon Workout,Treino,,6426,0,,,false,,,activities/16199068936.fit.gz,,,6426.0,6426.0,0.0,0.0,0.0,0.0,0.0,0.0,0.0,0.0,0.0,,,,,,,,,285.0,,,,,,,,,,,,,,,,0.0,,1.0,,,,,,,,,,,,,,,,,,,,,,,,,,,0.0,0.0,0.0,,,,,0.0,,,,,,,,,,,,,,,,""
15115817465,"14 de jul. de 2025, 22:02:07",Evening Run,Corrida,,2737,"7,47",,,false,,Fila Racer Speedzone,activities/16140054718.fit.gz,,,2737.0,2338.0,7473.7,6.1,3.197,172.3,217.0,770.5,802.0,11.3,0.1,,,,,,,,,250.0,,,,,,,,,,,,,,,,0.0,,1.0,7903.9,,,,,,,,,,,,,,,,23620612.0,,,,,,,,,,0.0,2.731,0.0,,,,,,,,,3.381,,,,,,,,,,,,""
15115817408,"14 de jul. de 2025, 21:49:09",Evening Run,Corrida,,554,"1,65",,,false,,Fila Racer Speedzone,activities/16140054590.fit.gz,,,554.0,548.0,1658.7,4.56,3.027,14.3,27.0,771.3,794.6,8.1,-0.6,,,,,,,,,42.0,,,,,,,,,,,,,,,,0.0,,1.0,1689.9,,,,,,,,,,,,,,,,23620612.0,,,,,,,,,,0.0,2.994,0.0,,,,,,,,,3.084,,,,,,,,,,,,""
15105311014,"13 de jul. de 2025, 21:01:10",Evening Run,Corrida,,3485,"10,11",,,false,,Fila Racer Speedzone,activities/16128502720.fit.gz,,,3485.0,3275.0,10118.9,4.72,3.09,122.3,220.0,751.7,820.3,15.5,-0.2,,,,,,,,,550.0,,,,,,,,,,,,,,,,0.0,,1.0,10410.3,,,,,,,,,,,,,,,,23620612.0,,,,,,,,,,0.0,2.904,100.5,,,,,,,,,3.179,,,,,,,,,,,,""
15094334371,"12 de jul. de 2025, 20:33:13",Afternoon Run,Corrida,,3166,"8,45",,,false,,Fila Racer Speedzone,activities/16116475291.fit.gz,,,3166.0,2999.0,8458.5,3.9,2.82,62.1,126.0,753.3,794.9,22.0,-0.1,,,,,,,,,546.0,,,,,,,,,,,,,,,,0.0,,1.0,8586.0,,,,,,,,,,,,,,,,23620612.0,,,,,,,,,,0.0,2.672,124.8,,,,,,,,,2.863,,,,,,,,,,,,""
15083399712,"11 de jul. de 2025, 22:00:47",D+ 500m (60min),Pedalada,"",3837,"22,36",,,false,,Show Gravel,activities/16104428748.fit.gz,,11.0,3837.0,3837.0,22361.8,14.04,5.828,414.0,416.0,751.0,845.0,42.0,0.0,,,111.0,70.0,,,,227.0,755.0,,18.0,,,,,,,,,,,,0.0,,0.0,,1.0,,,,,,,,,,,,,,,,10641974.0,,,,,,,,,,,0.0,5.828,728.1,,,,,,,,,,,,,,,,,,,,,media/48d80196-2d0a-4ce4-a211-b07458ed1150.jpg
15093641421,"11 de jul. de 2025, 21:59:03",Evening Ride,Pedalada,,3970,"21,87",,,false,,Show Gravel,activities/16115695748.fit.gz,,11.0,3970.0,3970.0,21875.0,12.6,5.51,377.0,602.0,761.2,842.3,36.4,0.0,,,,,,,,185.0,652.0,,,,,,,,,,,,,,,,0.0,,1.0,,,,,,,,,,,,,,,,10641974.0,,,,,,,,,,,0.0,5.51,805.0,,,,,,,,,,,,,,,,,,,,,""
15082560195,"11 de jul. de 2025, 19:47:23",Atividade vespertina,Treinamento com peso,"",3644,0,,,false,,,activities/15082560195.gpx,,,3644.0,3644.0,0.0,0.0,0.0,0.0,0.0,0.0,0.0,0.0,0.0,,,,,,,,,,,,,,,,,,,,,,,0.0,,0.0,,1.0,,,,,,,,,,,,,,,,,,,,,,,,,,,0.0,0.0,0.0,,,,,,,,,,,,,,,,,,,,,""
15062653187,"9 de jul. de 2025, 19:46:02",Afternoon Run,Corrida,"",4806,"15,01",,,false,,Fila Racer T2 T2,activities/16081605126.fit.gz,,,4806.0,4630.0,15009.7,4.82,3.242,207.7,286.0,763.9,826.4,49.1,0.0,,,,,,,,,925.0,,,,,,,,,,,,,,0.0,,0.0,,1.0,15475.5,,,,,,,,,,,,,,,,19912724.0,,,,,,,,,,0.0,3.123,158.7,,,,,,,,,3.342,,,,,,,,,,,,""
15062653050,"9 de jul. de 2025, 11:28:40",Morning Workout,Treino,,16325,0,,,false,,,activities/16081605057.fit.gz,,,16325.0,16325.0,0.0,0.0,0.0,0.0,0.0,0.0,0.0,0.0,0.0,,,,,,,,,323.0,,,,,,,,,,,,,,,,0.0,,1.0,,,,,,,,,,,,,,,,,,,,,,,,,,,0.0,0.0,0.0,,,,,,,,,,,,,,,,,,,,,""
15062653464,"8 de jul. de 2025, 21:06:59",Evening Workout,Treino,,4381,0,,,false,,,activities/16081605583.fit.gz,,,4381.0,4381.0,0.0,0.0,0.0,0.0,0.0,0.0,0.0,0.0,0.0,,,,,,,,,174.0,,,,,,,,,,,,,,,,0.0,,1.0,,,,,,,,,,,,,,,,,,,,,,,,,,,0.0,0.0,0.0,,,,,,,,,,,,,,,,,,,,,""
15062653306,"7 de jul. de 2025, 20:20:11",Afternoon Workout,Treino,,4580,0,,,false,,,activities/16081605351.fit.gz,,,4580.0,4580.0,0.0,0.0,0.0,0.0,0.0,0.0,0.0,0.0,0.0,,,,,,,,,260.0,,,,,,,,,,,,,,,,0.0,,1.0,,,,,,,,,,,,,,,,,,,,,,,,,,,0.0,0.0,0.0,,,,,,,,,,,,,,,,,,,,,""
15019462338,"5 de jul. de 2025, 20:07:52",Noite Passeio,Pedalada,"",5945,"37,72",,,false,,Show Gravel,activities/16034295955.fit.gz,,11.0,5945.0,5457.0,37719.0,12.54,6.912,242.0,233.0,712.0,785.0,40.0,0.1,,,129.0,75.0,,,,228.0,1369.0,,17.0,,,,,,,,,,,,0.0,,0.0,,1.0,,,,,,,,,,,,,,,,10641974.0,,,,,,,,,,,0.0,6.345,482.8,,,,,,,,,,,,,,,,,,,,,media/8597a491-dcd3-4363-9140-1f4be37e872f.jpg
15062653220,"5 de jul. de 2025, 20:06:52",Afternoon Workout,Treino,,6061,0,,,false,,,activities/16081605308.fit.gz,,,6061.0,6061.0,0.0,0.0,0.0,0.0,0.0,0.0,0.0,0.0,0.0,,,,,,,,,841.0,,,,,,,,,,,,,,,,0.0,,1.0,,,,,,,,,,,,,,,,,,,,,,,,,,,0.0,0.0,0.0,,,,,,,,,,,,,,,,,,,,,""
15062653167,"4 de jul. de 2025, 21:41:30",Evening Ride,Pedalada,,2915,"0,13",,,false,,Show Gravel,activities/16081605198.fit.gz,,11.0,2915.0,2915.0,132.0,0.0,0.045,0.0,0.0,0.0,0.0,0.0,0.0,,,,,,,,,402.0,,,,,,,,,,,,,,,,0.0,,1.0,,,,,,,,,,,,,,,,10641974.0,,,,,,,,,,,0.0,0.045,0.0,,,,,,,,,,,,,,,,,,,,,""
15062653118,"4 de jul. de 2025, 14:45:05",Lunch Workout,Treino,,9714,0,,,false,,,activities/16081605165.fit.gz,,,9714.0,9714.0,0.0,0.0,0.0,0.0,0.0,0.0,0.0,0.0,0.0,,,,,,,,,458.0,,,,,,,,,,,,,,,,0.0,,1.0,,,,,,,,,,,,,,,,,,,,,,,,,,,0.0,0.0,0.0,,,,,,,,,,,,,,,,,,,,,""
14993095586,"3 de jul. de 2025, 11:02:03",Morning Run,Corrida,,434,"1,18",,,false,,Fila Racer Speedzone,activities/16005154883.fit.gz,,,434.0,431.0,1185.7,3.2,2.751,7.4,0.0,763.3,770.8,3.6,0.6,,,,,,,,,49.0,,,,,,,,,,,,,,,,0.0,,1.0,1201.6,,,,,,,,,,,,,,,,23620612.0,,,,,,,,,,0.0,2.732,0.0,,,,,,,,,2.788,,,,,,,,,,,,""
14993095485,"3 de jul. de 2025, 10:19:16",Morning Run,Corrida,,2471,"8,01",,,false,,Fila Racer Speedzone,activities/16005154721.fit.gz,,,2471.0,2320.0,8010.1,4.68,3.453,67.8,154.0,757.3,794.9,9.8,-0.2,,,,,,,,,306.0,,,,,,,,,,,,,,,,0.0,,1.0,8193.2,,,,,,,,,,,,,,,,23620612.0,,,,,,,,,,0.0,3.242,969.5,,,,,,,,,3.532,,,,,,,,,,,,""
15003493191,"2 de jul. de 2025, 11:23:23",Morning Workout,Treino,,4059,0,,,false,,,activities/16016648241.fit.gz,,,4059.0,4059.0,0.0,0.0,0.0,0.0,0.0,0.0,0.0,0.0,0.0,,,,,,,,,207.0,,,,,,,,,,,,,,,,0.0,,1.0,,,,,,,,,,,,,,,,,,,,,,,,,,,0.0,0.0,0.0,,,,,,,,,,,,,,,,,,,,,""
15003493001,"1 de jul. de 2025, 20:32:12",Afternoon Workout,Treino,,5452,0,,,false,,,activities/16016648061.fit.gz,,,5452.0,5452.0,0.0,0.0,0.0,0.0,0.0,0.0,0.0,0.0,0.0,,,,,,,,,223.0,,,,,,,,,,,,,,,,0.0,,1.0,,,,,,,,,,,,,,,,,,,,,,,,,,,0.0,0.0,0.0,,,,,,,,,,,,,,,,,,,,,""
14968277548,"30 de jun. de 2025, 22:08:07",Evening Ride,Pedalada,,7123,"38,15",,,false,,Show Gravel,activities/15977845362.fit.gz,,11.0,7123.0,6599.0,38152.0,13.6,5.781,242.3,6833.0,728.7,787.2,33.0,0.0,,,,,,,,171.0,934.0,,,,,,,,,,,,,,,,0.0,,1.0,,,,,,,,,,,,,,,,10641974.0,,,,,,,,,,,0.0,5.356,982.0,,,,,,,,,,,,,,,,,,,,,""
14956547852,"29 de jun. de 2025, 18:47:40",Afternoon Run,Corrida,,2866,"8,12",,,false,,Fila Racer Speedzone,activities/15964895620.fit.gz,,,2866.0,2851.0,8128.0,4.2,2.851,64.9,76.7,757.0,802.7,12.2,-0.1,,,,,,,,,572.0,,,,,,,,,,,,,,,,0.0,,1.0,8217.4,,,,,,,,,,,,,,,,23620612.0,,,,,,,,,,0.0,2.836,877.0,,,,,,,,,2.882,,,,,,,,,,,,""
14946378169,"28 de jun. de 2025, 20:28:42",Afternoon Run,Corrida,,4896,"15,04",,,false,,Fila Racer Speedzone,activities/15953745357.fit.gz,,,4896.0,4744.0,15048.9,4.54,3.172,208.2,306.0,763.5,826.2,47.0,0.0,,,,,,,,,435.0,,,,,,,,,,,,,,,,0.0,,1.0,15515.8,,,,,,,,,,,,,,,,23620612.0,,,,,,,,,,0.0,3.074,154.2,,,,,,,,,3.271,,,,,,,,,,,,""
14946378252,"27 de jun. de 2025, 20:10:59",Afternoon Workout,Treino,,5239,0,,,false,,,activities/15953745582.fit.gz,,,5239.0,5239.0,0.0,0.0,0.0,0.0,0.0,0.0,0.0,0.0,0.0,,,,,,,,,170.0,,,,,,,,,,,,,,,,0.0,,1.0,,,,,,,,,,,,,,,,,,,,,,,,,,,0.0,0.0,0.0,,,,,,,,,,,,,,,,,,,,,""
14946378126,"26 de jun. de 2025, 20:06:38",Afternoon Workout,Treino,,6114,0,,,false,,,activities/15953745467.fit.gz,,,6114.0,6114.0,0.0,0.0,0.0,0.0,0.0,0.0,0.0,0.0,0.0,,,,,,,,,151.0,,,,,,,,,,,,,,,,0.0,,1.0,,,,,,,,,,,,,,,,,,,,,,,,,,,0.0,0.0,0.0,,,,,,,,,,,,,,,,,,,,,""
14920643546,"26 de jun. de 2025, 09:38:09",Morning Run,Corrida,,3708,"10,10",,,false,,Fila Racer Speedzone,activities/15925554708.fit.gz,,,3708.0,3534.0,10099.2,4.42,2.858,101.0,155.0,757.0,802.7,22.2,-0.1,,,,,,,,,694.0,,,,,,,,,,,,,,,,0.0,,1.0,10309.3,,,,,,,,,,,,,,,,23620612.0,,,,,,,,,,0.0,2.724,1221.0,,,,,,,,,2.919,,,,,,,,,,,,""
14905493059,"23 de jun. de 2025, 20:28:56",Afternoon Workout,Treino,,5259,0,,,false,,,activities/15909126788.fit.gz,,,5259.0,5259.0,0.0,0.0,0.0,0.0,0.0,0.0,0.0,0.0,0.0,,,,,,,,,247.0,,,,,,,,,,,,,,,,0.0,,1.0,,,,,,,,,,,,,,,,,,,,,,,,,,,0.0,0.0,0.0,,,,,,,,,,,,,,,,,,,,,""
14885246287,"22 de jun. de 2025, 19:20:09",Afternoon Run,Corrida,,7241,"22,00",,,false,,Fila Racer Speedzone,activities/15887165969.fit.gz,,,7241.0,7089.0,22006.8,4.98,3.104,203.0,394.0,738.1,819.3,50.0,0.0,,,,,,,,,946.0,,,,,,,,,,,,,,,,0.0,,1.0,22385.2,,,,,,,,,,,,,,,,23620612.0,,,,,,,,,,0.0,3.039,281.2,,,,,,,,,3.158,,,,,,,,,,,,""
14885246226,"20 de jun. de 2025, 20:21:19",Afternoon Workout,Treino,,5076,0,,,false,,,activities/15887166051.fit.gz,,,5076.0,5076.0,0.0,0.0,0.0,0.0,0.0,0.0,0.0,0.0,0.0,,,,,,,,,203.0,,,,,,,,,,,,,,,,0.0,,1.0,,,,,,,,,,,,,,,,,,,,,,,,,,,0.0,0.0,0.0,,,,,,,,,,,,,,,,,,,,,""
14859430045,"20 de jun. de 2025, 09:51:24",Morning Run,Corrida,,4943,"14,01",,,false,,Fila Racer Speedzone,activities/15859108431.fit.gz,,,4943.0,4409.0,14015.6,5.38,3.179,77.7,139.0,745.4,773.3,49.1,0.1,,,,,,,,,816.0,,,,,,,,,,,,,,,,0.0,,1.0,14382.7,,,,,,,,,,,,,,,,23620612.0,,,,,,,,,,0.0,2.835,1946.4,,,,,,,,,3.262,,,,,,,,,,,,""
14849034225,"19 de jun. de 2025, 11:14:08",Morning Run,Corrida,,2364,"7,00",,,false,,Fila Racer Speedzone,activities/15847826355.fit.gz,,,2364.0,2234.0,7003.9,4.74,3.135,4.8,99.0,727.4,732.4,8.7,0.0,,,,,,,,,403.0,,,,,,,,,,,,,,,,0.0,,1.0,7018.5,,,,,,,,,,,,,,,,23620612.0,,,,,,,,,,0.0,2.963,470.9,,,,,,,,,3.142,,,,,,,,,,,,""
14849034140,"19 de jun. de 2025, 10:43:57",Morning Run,Corrida,,1809,"5,01",,,false,,Fila Racer Speedzone,activities/15847826216.fit.gz,,,1809.0,1644.0,5015.7,4.3,3.051,2.5,25.0,727.4,730.1,4.5,0.0,,,,,,,,,312.0,,,,,,,,,,,,,,,,0.0,,1.0,5021.9,,,,,,,,,,,,,,,,23620612.0,,,,,,,,,,0.0,2.773,10.0,,,,,,,,,3.055,,,,,,,,,,,,""
14849033969,"19 de jun. de 2025, 10:13:42",Morning Run,Corrida,,1387,"1,46",,,false,,Fila Racer Speedzone,activities/15847826092.fit.gz,,,1387.0,505.0,1466.0,3.88,2.903,4.1,6.0,725.1,729.5,4.4,0.1,,,,,,,,,88.0,,,,,,,,,,,,,,,,0.0,,1.0,1473.3,,,,,,,,,,,,,,,,23620612.0,,,,,,,,,,0.0,1.057,0.0,,,,,,,,,2.917,,,,,,,,,,,,""
14849034376,"18 de jun. de 2025, 10:34:51",Morning Workout,Treino,,5333,0,,,false,,,activities/15847826520.fit.gz,,,5333.0,5333.0,0.0,0.0,0.0,0.0,0.0,0.0,0.0,0.0,0.0,,,,,,,,,200.0,,,,,,,,,,,,,,,,0.0,,1.0,,,,,,,,,,,,,,,,,,,,,,,,,,,0.0,0.0,0.0,,,,,,,,,,,,,,,,,,,,,""
14822214818,"16 de jun. de 2025, 20:12:58",Afternoon Walk,Caminhada,,2006,"2,31",,,false,,,activities/15818854072.fit.gz,,,2006.0,1439.0,2310.3,4.1,1.605,96.9,48.0,770.4,826.1,47.5,2.4,,,,,,,,,181.0,,,,,,,,,,,,,,,,0.0,,1.0,,,,,,,,,,,,,,,,,,,,,,,,,,,0.0,1.152,0.0,,,,,,,,,,,,,,,,,,,,,""
14822214508,"16 de jun. de 2025, 15:10:13",Lunch Workout,Treino,,3595,0,,,false,,,activities/15818853876.fit.gz,,,3595.0,3595.0,0.0,0.0,0.0,0.0,0.0,0.0,0.0,0.0,0.0,,,,,,,,,113.0,,,,,,,,,,,,,,,,0.0,,1.0,,,,,,,,,,,,,,,,,,,,,,,,,,,0.0,0.0,0.0,,,,,,,,,,,,,,,,,,,,,""
14812243049,"15 de jun. de 2025, 20:54:12",Afternoon Run,Corrida,,3834,"12,00",,,false,,Fila Racer Speedzone,activities/15808054561.fit.gz,,,3834.0,3688.0,12001.4,5.36,3.254,108.2,312.0,747.6,794.9,44.3,-0.2,,,,,,,,,723.0,,,,,,,,,,,,,,,,0.0,,1.0,12239.1,,,,,,,,,,,,,,,,23620612.0,,,,,,,,,,0.0,3.13,1347.0,,,,,,,,,3.32,,,,,,,,,,,,""
14812243089,"14 de jun. de 2025, 21:14:34",Evening Ride,Pedalada,,6197,"36,41",,,false,,Show Gravel,activities/15808054593.fit.gz,,11.0,6197.0,5820.0,36416.0,13.8,6.257,156.3,247.0,724.8,787.3,23.0,0.0,,,,,,,,177.0,889.0,,,,,,,,,,,,,,,,0.0,,1.0,,,,,,,,,,,,,,,,10641974.0,,,,,,,,,,,0.0,5.876,379.9,,,,,,,,,,,,,,,,,,,,,""
14790774245,"13 de jun. de 2025, 21:17:56",Evening Run,Corrida,,3188,"10,00",,,false,,Fila Racer Speedzone,activities/15784779338.fit.gz,,,3188.0,3040.0,10008.1,4.46,3.292,102.9,198.0,757.3,791.2,13.6,-0.1,,,,,,,,,621.0,,,,,,,,,,,,,,,,0.0,,1.0,10226.8,,,,,,,,,,,,,,,,23620612.0,,,,,,,,,,0.0,3.139,1248.5,,,,,,,,,3.364,,,,,,,,,,,,""
14790774493,"12 de jun. de 2025, 20:08:49",Afternoon Workout,Treino,,4594,0,,,false,,,activities/15784779630.fit.gz,,,4594.0,4594.0,0.0,0.0,0.0,0.0,0.0,0.0,0.0,0.0,0.0,,,,,,,,,235.0,,,,,,,,,,,,,,,,0.0,,1.0,,,,,,,,,,,,,,,,,,,,,,,,,,,0.0,0.0,0.0,,,,,,,,,,,,,,,,,,,,,""
14775091693,"12 de jun. de 2025, 10:00:55",Morning Run,Corrida,,2591,"8,02",,,false,,Fila Racer Speedzone,activities/15767839025.fit.gz,,,2591.0,2588.0,8020.0,4.2,3.099,73.7,86.4,757.8,794.9,14.0,-0.1,,,,,,,,0.0,585.0,,,,,,,,,,,,,,,,0.0,,1.0,8157.3,,,,,,,,,,,,,,,,23620612.0,,,,,,,,,,0.0,3.095,534.0,,,,,,,,,3.152,,,,,,,,,,,,""
14790774372,"12 de jun. de 2025, 09:58:55",Morning Run,Corrida,,1316,"4,01",,,false,,Fila Racer Speedzone,activities/15784779419.fit.gz,,,1316.0,1313.0,4015.6,3.98,3.058,21.9,63.0,759.3,794.9,13.3,-0.4,,,,,,,,,115.0,,,,,,,,,,,,,,,,0.0,,1.0,4036.7,,,,,,,,,,,,,,,,23620612.0,,,,,,,,,,0.0,3.051,0.0,,,,,,,,,3.074,,,,,,,,,,,,""
14774783451,"11 de jun. de 2025, 10:24:16",Morning Workout,Treino,,8994,0,,,false,,,activities/15767507999.fit.gz,,,8994.0,8994.0,0.0,0.0,0.0,0.0,0.0,0.0,0.0,0.0,0.0,,,,,,,,0.0,258.0,,,,,,,,,,,,,,,,0.0,,1.0,,,,,,,,,,,,,,,,,,,,,,,,,,,0.0,0.0,0.0,,,,,,,,,,,,,,,,,,,,,""
14774783804,"10 de jun. de 2025, 20:22:09",Afternoon Workout,Treino,,6264,0,,,false,,,activities/15767507862.fit.gz,,,6264.0,6264.0,0.0,0.0,0.0,0.0,0.0,0.0,0.0,0.0,0.0,,,,,,,,0.0,280.0,,,,,,,,,,,,,,,,0.0,,1.0,,,,,,,,,,,,,,,,,,,,,,,,,,,0.0,0.0,0.0,,,,,,,,,,,,,,,,,,,,,""
14774783790,"9 de jun. de 2025, 20:21:52",Afternoon Workout,Treino,,6346,0,,,false,,,activities/15767507792.fit.gz,,,6346.0,6346.0,0.0,0.0,0.0,0.0,0.0,0.0,0.0,0.0,0.0,,,,,,,,0.0,285.0,,,,,,,,,,,,,,,,0.0,,1.0,,,,,,,,,,,,,,,,,,,,,,,,,,,0.0,0.0,0.0,,,,,,,,,,,,,,,,,,,,,""
14739215511,"8 de jun. de 2025, 21:40:58",Evening Run,Corrida,"",5147,"16,01",,,false,,Fila Racer Speedzone,activities/15729088804.fit.gz,,,5147.0,4999.0,16010.0,5.98,3.203,141.1,242.0,750.3,794.9,18.8,0.0,,,,,,,,,930.0,,,,,,,,,,,,,,0.0,,0.0,,1.0,16296.7,,,,,,,,,,,,,,,,23620612.0,,,,,,,,,,0.0,3.111,1308.6,,,,,,,,,3.26,,,,,,,,,,,,media/fe35cdb8-1f3b-477f-b84d-03acc3743003.jpg
14739215678,"6 de jun. de 2025, 12:30:47",Morning Workout,Treino,,8630,0,,,false,,,activities/15729088952.fit.gz,,,8630.0,8630.0,0.0,0.0,0.0,0.0,0.0,0.0,0.0,0.0,0.0,,,,,,,,,85.0,,,,,,,,,,,,,,,,0.0,,1.0,,,,,,,,,,,,,,,,,,,,,,,,,,,0.0,0.0,0.0,,,,,,,,,,,,,,,,,,,,,""
14703713832,"5 de jun. de 2025, 10:49:19",Morning Run,Corrida,,2901,"8,04",,,false,,Fila Racer Speedzone,activities/15690740652.fit.gz,,,2901.0,2888.0,8046.0,3.94,2.786,58.9,69.0,83.0,112.0,7.2,0.0,,,,,,,,,505.0,,,,,,,,,,,,,,,,0.0,,1.0,8115.4,,,,,,,,,,,,,,,,23620612.0,,,,,,,,,,0.0,2.774,0.0,,,,,,,,,2.81,,,,,,,,,,,,""
14703713893,"4 de jun. de 2025, 18:01:47",Afternoon Workout,Treino,,6945,0,,,false,,,activities/15690740690.fit.gz,,,6945.0,6945.0,0.0,0.0,0.0,0.0,0.0,0.0,0.0,0.0,0.0,,,,,,,,,317.0,,,,,,,,,,,,,,,,0.0,,1.0,,,,,,,,,,,,,,,,,,,,,,,,,,,0.0,0.0,0.0,,,,,,,,,,,,,,,,,,,,,""
14693843391,"4 de jun. de 2025, 11:43:00",Morning Run,Corrida,,3766,"11,28",,,false,,Fila Racer Speedzone,activities/15680154456.fit.gz,,,3766.0,3536.0,11287.5,5.34,3.192,122.9,1219.0,87.0,173.3,38.3,0.0,,,,,,,,,687.0,,,,,,,,,,,,,,,,0.0,,1.0,11432.1,,,,,,,,,,,,,,,,23620612.0,,,,,,,,,,0.0,2.997,0.0,,,,,,,,,3.233,,,,,,,,,,,,""
14693843339,"3 de jun. de 2025, 18:40:10",Afternoon Workout,Treino,,8408,0,,,false,,,activities/15680154540.fit.gz,,,8408.0,8408.0,0.0,0.0,0.0,0.0,0.0,0.0,0.0,0.0,0.0,,,,,,,,,227.0,,,,,,,,,,,,,,,,0.0,,1.0,,,,,,,,,,,,,,,,,,,,,,,,,,,0.0,0.0,0.0,,,,,,,,,,,,,,,,,,,,,""
14682356371,"3 de jun. de 2025, 11:20:55",Morning Run,Corrida,,3147,"10,01",,,false,,Fila Racer Speedzone,activities/15667836078.fit.gz,,,3147.0,3003.0,10014.3,4.42,3.335,97.6,122.0,87.0,151.5,22.0,0.0,,,,,,,,,614.0,,,,,,,,,,,,,,,,0.0,,1.0,10102.3,,,,,,,,,,,,,,,,23620612.0,,,,,,,,,,0.0,3.182,222.3,,,,,,,,,3.364,,,,,,,,,,,,""
14682356357,"2 de jun. de 2025, 18:39:21",Afternoon Workout,Treino,,7244,0,,,false,,,activities/15667836151.fit.gz,,,7244.0,7244.0,0.0,0.0,0.0,0.0,0.0,0.0,0.0,0.0,0.0,,,,,,,,,151.0,,,,,,,,,,,,,,,,0.0,,1.0,,,,,,,,,,,,,,,,,,,,,,,,,,,0.0,0.0,0.0,,,,,,,,,,,,,,,,,,,,,""
14662267142,"1 de jun. de 2025, 10:13:32",Morning Run,Corrida,,3486,"11,00",,,false,,Fila Racer Speedzone,activities/15646202427.fit.gz,,,3486.0,3483.0,11006.5,4.7,3.16,102.0,359.0,191.6,243.5,7.7,-0.2,,,,,,,,,646.0,,,,,,,,,,,,,,,,0.0,,1.0,11087.4,,,,,,,,,,,,,,,,23620612.0,,,,,,,,,,0.0,3.157,436.0,,,,,,,,,3.183,,,,,,,,,,,,""
14650480109,"31 de mai. de 2025, 09:41:21",Morning Run,Corrida,,4115,"12,03",,,false,,Fila Racer Speedzone,activities/15633521378.fit.gz,,,4115.0,3842.0,12033.6,4.56,3.132,102.8,149.0,189.7,245.9,47.2,0.0,,,,,,,,,752.0,,,,,,,,,,,,,,,,0.0,,1.0,12200.3,,,,,,,,,,,,,,,,23620612.0,,,,,,,,,,0.0,2.924,3031.8,,,,,,,,,3.176,,,,,,,,,,,,""
14650480398,"30 de mai. de 2025, 18:08:35",Afternoon Workout,Treino,,5276,0,,,false,,,activities/15633521657.fit.gz,,,5276.0,5276.0,0.0,0.0,0.0,0.0,0.0,0.0,0.0,0.0,0.0,,,,,,,,,108.0,,,,,,,,,,,,,,,,0.0,,1.0,,,,,,,,,,,,,,,,,,,,,,,,,,,0.0,0.0,0.0,,,,,,,,,,,,,,,,,,,,,""
14630400069,"29 de mai. de 2025, 10:47:38",Morning Run,Corrida,,2654,"8,02",,,false,,Fila Racer Speedzone,activities/15611921339.fit.gz,,,2654.0,2525.0,8024.5,3.9,3.178,7.4,39.0,4.3,15.5,31.7,-0.1,,,,,,,,,492.0,,,,,,,,,,,,,,,,0.0,,1.0,8062.8,,,,,,,,,,,,,,,,23620612.0,,,,,,,,,,0.0,3.024,1961.5,,,,,,,,,3.193,,,,,,,,,,,,""
14630400162,"28 de mai. de 2025, 10:32:57",Morning Workout,Treino,,8484,0,,,false,,,activities/15611921455.fit.gz,,,8484.0,8484.0,0.0,0.0,0.0,0.0,0.0,0.0,0.0,0.0,0.0,,,,,,,,,375.0,,,,,,,,,,,,,,,,0.0,,1.0,,,,,,,,,,,,,,,,,,,,,,,,,,,0.0,0.0,0.0,,,,,,,,,,,,,,,,,,,,,""
14615511166,"27 de mai. de 2025, 22:24:09",Evening Run,Corrida,,2661,"8,01",,,false,,Fila Racer Speedzone,activities/15595918709.fit.gz,,,2661.0,2655.0,8014.4,4.22,3.019,75.4,131.0,757.3,794.9,26.0,-0.1,,,,,,,,,452.0,,,,,,,,,,,,,,,,0.0,,1.0,8208.5,,,,,,,,,,,,,,,,23620612.0,,,,,,,,,,0.0,3.012,703.6,,,,,,,,,3.092,,,,,,,,,,,,""
14615511090,"27 de mai. de 2025, 20:23:36",Afternoon Workout,Treino,,6446,0,,,false,,,activities/15595918641.fit.gz,,,6446.0,6446.0,0.0,0.0,0.0,0.0,0.0,0.0,0.0,0.0,0.0,,,,,,,,,228.0,,,,,,,,,,,,,,,,0.0,,1.0,,,,,,,,,,,,,,,,,,,,,,,,,,,0.0,0.0,0.0,,,,,,,,,,,,,,,,,,,,,""
14615511208,"26 de mai. de 2025, 20:34:30",Afternoon Workout,Treino,,6093,0,,,false,,,activities/15595918762.fit.gz,,,6093.0,6093.0,0.0,0.0,0.0,0.0,0.0,0.0,0.0,0.0,0.0,,,,,,,,,293.0,,,,,,,,,,,,,,,,0.0,,1.0,,,,,,,,,,,,,,,,,,,,,,,,,,,0.0,0.0,0.0,,,,,,,,,,,,,,,,,,,,,""
14584229466,"24 de mai. de 2025, 21:07:16",Evening Run,Corrida,,700,"2,01",,,false,,Fila Racer Speedzone,activities/15562242157.fit.gz,,,700.0,697.0,2010.3,3.7,2.884,16.1,95.0,758.4,770.8,28.2,0.6,,,,,,,,,118.0,,,,,,,,,,,,,,,,0.0,,1.0,2066.5,,,,,,,,,,,,,,,,23620612.0,,,,,,,,,,0.0,2.872,67.4,,,,,,,,,2.965,,,,,,,,,,,,""
14584229392,"24 de mai. de 2025, 20:36:04",Afternoon Run,Corrida,,1866,"6,02",,,false,,Fila Racer Speedzone,activities/15562242095.fit.gz,,,1866.0,1855.0,6028.8,4.62,3.25,35.9,81.0,757.0,794.9,25.4,-0.4,,,,,,,,,354.0,,,,,,,,,,,,,,,,0.0,,1.0,6095.9,,,,,,,,,,,,,,,,23620612.0,,,,,,,,,,0.0,3.231,293.0,,,,,,,,,3.286,,,,,,,,,,,,""
14584229411,"23 de mai. de 2025, 20:21:50",Afternoon Workout,Treino,,5142,0,,,false,,,activities/15562242117.fit.gz,,,5142.0,5142.0,0.0,0.0,0.0,0.0,0.0,0.0,0.0,0.0,0.0,,,,,,,,,157.0,,,,,,,,,,,,,,,,0.0,,1.0,,,,,,,,,,,,,,,,,,,,,,,,,,,0.0,0.0,0.0,,,,,,,,,,,,,,,,,,,,,""
14584229412,"22 de mai. de 2025, 20:29:46",Afternoon Workout,Treino,,4876,0,,,false,,,activities/15562242140.fit.gz,,,4876.0,4876.0,0.0,0.0,0.0,0.0,0.0,0.0,0.0,0.0,0.0,,,,,,,,,162.0,,,,,,,,,,,,,,,,0.0,,1.0,,,,,,,,,,,,,,,,,,,,,,,,,,,0.0,0.0,0.0,,,,,,,,,,,,,,,,,,,,,""
14559459813,"22 de mai. de 2025, 09:28:14",Morning Run,Corrida,,2124,"6,01",,,false,,Fila Racer Speedzone,activities/15535560444.fit.gz,,,2124.0,2110.0,6011.7,3.64,2.849,55.8,99.0,757.3,802.7,9.6,-0.3,,,,,,,,,328.0,,,,,,,,,,,,,,,,0.0,,1.0,6107.9,,,,,,,,,,,,,,,,23620612.0,,,,,,,,,,0.0,2.83,845.9,,,,,,,,,2.895,,,,,,,,,,,,""
14559460204,"21 de mai. de 2025, 10:39:51",Morning Workout,Treino,,5696,0,,,false,,,activities/15535561004.fit.gz,,,5696.0,5696.0,0.0,0.0,0.0,0.0,0.0,0.0,0.0,0.0,0.0,,,,,,,,,234.0,,,,,,,,,,,,,,,,0.0,,1.0,,,,,,,,,,,,,,,,,,,,,,,,,,,0.0,0.0,0.0,,,,,,,,,,,,,,,,,,,,,""
14559460173,"20 de mai. de 2025, 20:46:18",Afternoon Workout,Treino,,7441,0,,,false,,,activities/15535560861.fit.gz,,,7441.0,7441.0,0.0,0.0,0.0,0.0,0.0,0.0,0.0,0.0,0.0,,,,,,,,,263.0,,,,,,,,,,,,,,,,0.0,,1.0,,,,,,,,,,,,,,,,,,,,,,,,,,,0.0,0.0,0.0,,,,,,,,,,,,,,,,,,,,,""
14559459807,"19 de mai. de 2025, 20:18:01",Afternoon Workout,Treino,,6084,0,,,false,,,activities/15535560590.fit.gz,,,6084.0,6084.0,0.0,0.0,0.0,0.0,0.0,0.0,0.0,0.0,0.0,,,,,,,,,288.0,,,,,,,,,,,,,,,,0.0,,1.0,,,,,,,,,,,,,,,,,,,,,,,,,,,0.0,0.0,0.0,,,,,,,,,,,,,,,,,,,,,""
14523393666,"18 de mai. de 2025, 19:25:27",Afternoon Ride,Pedalada,,3425,"30,22",,,false,,Show Gravel,activities/15496419811.fit.gz,,11.0,3425.0,3425.0,30228.0,10.8,8.826,7.6,129.0,722.2,726.1,3.4,0.0,,,,,,,,264.0,695.0,,,,,,,,,,,,,,,,0.0,,1.0,,,,,,,,,,,,,,,,10641974.0,,,,,,,,,,,0.0,8.826,0.0,,,,,,,,,,,,,,,,,,,,,""
14523746716,"18 de mai. de 2025, 18:42:59",Tarde Passeio,Pedalada,"",8960,"62,07",,,false,,Show Gravel,activities/15496800962.fit.gz,,11.0,8960.0,8448.0,62070.1,13.52,7.347,334.0,328.0,710.0,791.0,46.7,0.0,,,,0.0,,,,243.0,2335.0,,26.0,,,,,,,,,,,,,,0.0,,1.0,,,,,,,,,,,,,,,,10641974.0,,,,,,,,,,,0.0,6.927,1121.2,,,,,,,,,,,,,,,,,,,,,""
14512693006,"17 de mai. de 2025, 20:37:02",Afternoon Walk,Caminhada,,5053,"9,50",,,false,,,activities/15484263155.fit.gz,,,5053.0,4996.0,9500.9,2.82,1.902,232.2,280.0,755.5,837.7,48.7,-0.1,,,,,,,,,589.0,,,,,,,,,,,,,,,,0.0,,1.0,,,,,,,,,,,,,,,,,,,,,,,,,,,0.0,1.88,194.5,,,,,,,,,,,,,,,,,,,,,""
14502704740,"16 de mai. de 2025, 21:23:40",Noite Passeio,Pedalada,"",4680,"30,25",,,false,,Show Gravel,activities/15473218062.fit.gz,,11.0,4680.0,4359.0,30258.1,13.06,6.942,200.0,208.0,705.0,769.0,29.1,0.0,,,,0.0,,,,234.0,1115.0,,21.0,,,,,,,,,,,,,,0.0,,1.0,,,,,,,,,,,,,,,,10641974.0,,,,,,,,,,,0.0,6.465,471.9,,,,,,,,,,,,,,,,,,,,,""
14512693021,"16 de mai. de 2025, 21:22:24",Evening Workout,Treino,,5159,0,,,false,,,activities/15484263218.fit.gz,,,5159.0,5159.0,0.0,,0.0,0.0,0.0,0.0,0.0,0.0,0.0,,,,,,,,,751.0,,,,,,,,,,,,,,,,0.0,,1.0,,,,,,,,,,,,,,,,,,,,,,,,,,,0.0,0.0,0.0,,,,,,,,,,,,,,,,,,,,,""
14512692977,"15 de mai. de 2025, 20:21:08",Afternoon Workout,Treino,,3477,0,,,false,,,activities/15484263185.fit.gz,,,3477.0,3477.0,0.0,,0.0,0.0,0.0,0.0,0.0,0.0,0.0,,,,,,,,,189.0,,,,,,,,,,,,,,,,0.0,,1.0,,,,,,,,,,,,,,,,,,,,,,,,,,,0.0,0.0,0.0,,,,,,,,,,,,,,,,,,,,,""
14487232388,"15 de mai. de 2025, 09:49:13",Morning Run,Corrida,,2583,"8,17",,,false,,Adidas Adizero SL Adizero SL,activities/15456619097.fit.gz,,,2583.0,2567.0,8169.2,4.18,3.182,67.6,284.0,757.3,802.7,11.7,-0.2,,,,,,,,,461.0,,,,,,,,,,,,,,,,0.0,,1.0,8248.0,,,,,,,,,,,,,,,,21177172.0,,,,,,,,,,0.0,3.163,872.8,,,,,,,,,3.213,,,,,,,,,,,,""
14487467080,"14 de mai. de 2025, 10:56:30",Morning Workout,Treino,,6589,0,,,false,,,activities/15456866313.fit.gz,,,6589.0,6589.0,0.0,,0.0,0.0,0.0,0.0,0.0,0.0,0.0,,,,,,,,,257.0,,,,,,,,,,,,,,,,0.0,,1.0,,,,,,,,,,,,,,,,,,,,,,,,,,,0.0,0.0,0.0,,,,,,,,,,,,,,,,,,,,,""
14487467051,"13 de mai. de 2025, 20:32:57",Afternoon Workout,Treino,,4637,0,,,false,,,activities/15456866275.fit.gz,,,4637.0,4637.0,0.0,,0.0,0.0,0.0,0.0,0.0,0.0,0.0,,,,,,,,,142.0,,,,,,,,,,,,,,,,0.0,,1.0,,,,,,,,,,,,,,,,,,,,,,,,,,,0.0,0.0,0.0,,,,,,,,,,,,,,,,,,,,,""
14487466960,"12 de mai. de 2025, 20:25:49",Afternoon Workout,Treino,,5111,0,,,false,,,activities/15456866227.fit.gz,,,5111.0,5111.0,0.0,,0.0,0.0,0.0,0.0,0.0,0.0,0.0,,,,,,,,,234.0,,,,,,,,,,,,,,,,0.0,,1.0,,,,,,,,,,,,,,,,,,,,,,,,,,,0.0,0.0,0.0,,,,,,,,,,,,,,,,,,,,,""
14451281912,"11 de mai. de 2025, 20:58:05",Afternoon Ride,Pedalada,,3675,"22,82",,,false,,Show Gravel,activities/15418531537.fit.gz,,11.0,3675.0,3652.0,22827.0,13.0,6.251,245.1,317.0,736.0,818.9,38.3,0.0,,,,,,,,194.0,566.0,,,,,,,,,,,,,,,,0.0,,1.0,,,,,,,,,,,,,,,,10641974.0,,,,,,,,,,,0.0,6.211,650.0,,,,,,,,,,,,,,,,,,,,,""
14451281992,"10 de mai. de 2025, 20:07:02",Afternoon Run,Corrida,,3084,"8,00",,,false,,Adidas Adizero SL Adizero SL,activities/15418531641.fit.gz,,,3084.0,2923.0,8005.5,3.78,2.739,82.0,124.0,757.7,794.9,31.4,0.0,,,,,,,,,430.0,,,,,,,,,,,,,,,,0.0,,1.0,8217.0,,,,,,,,,,,,,,,,21177172.0,,,,,,,,,,0.0,2.596,326.7,,,,,,,,,2.811,,,,,,,,,,,,""
14451281923,"8 de mai. de 2025, 20:31:53",Afternoon Workout,Treino,,1088,0,,,false,,,activities/15418531585.fit.gz,,,1088.0,1088.0,0.0,0.0,0.0,0.0,0.0,0.0,0.0,0.0,0.0,,,,,,,,,19.0,,,,,,,,,,,,,,,,0.0,,1.0,,,,,,,,,,,,,,,,,,,,,,,,,,,0.0,0.0,0.0,,,,,,,,,,,,,,,,,,,,,""
14414417507,"8 de mai. de 2025, 09:44:23",Morning Run,Corrida,,4936,"15,07",,,false,,Adidas Adizero SL Adizero SL,activities/15379565783.fit.gz,,,4936.0,4625.0,15072.0,4.92,3.259,171.4,268.0,742.1,819.3,18.4,-0.1,,,,,,,,,822.0,,,,,,,,,,,,,,,,0.0,,1.0,15399.9,,,,,,,,,,,,,,,,21177172.0,,,,,,,,,,0.0,3.053,147.0,,,,,,,,,3.33,,,,,,,,,,,,""
14414491015,"7 de mai. de 2025, 11:06:29",Morning Workout,Treino,,7167,0,,,false,,,activities/15379642202.fit.gz,,,7167.0,7167.0,0.0,0.0,0.0,0.0,0.0,0.0,0.0,0.0,0.0,,,,,,,,,276.0,,,,,,,,,,,,,,,,0.0,,1.0,,,,,,,,,,,,,,,,,,,,,,,,,,,0.0,0.0,0.0,,,,,,,,,,,,,,,,,,,,,""
14414490849,"6 de mai. de 2025, 20:20:09",Afternoon Workout,Treino,,6879,0,,,false,,,activities/15379642043.fit.gz,,,6879.0,6879.0,0.0,0.0,0.0,0.0,0.0,0.0,0.0,0.0,0.0,,,,,,,,,243.0,,,,,,,,,,,,,,,,0.0,,1.0,,,,,,,,,,,,,,,,,,,,,,,,,,,0.0,0.0,0.0,,,,,,,,,,,,,,,,,,,,,""
14414490840,"5 de mai. de 2025, 20:28:25",Afternoon Workout,Treino,,6974,0,,,false,,,activities/15379641941.fit.gz,,,6974.0,6974.0,0.0,0.0,0.0,0.0,0.0,0.0,0.0,0.0,0.0,,,,,,,,,392.0,,,,,,,,,,,,,,,,0.0,,1.0,,,,,,,,,,,,,,,,,,,,,,,,,,,0.0,0.0,0.0,,,,,,,,,,,,,,,,,,,,,""
14379931853,"4 de mai. de 2025, 21:51:37",Evening Run,Corrida,,395,"1,01",,,false,,Adidas Adizero SL Adizero SL,activities/15343384609.fit.gz,,,395.0,392.0,1016.2,3.2,2.592,6.1,2.0,763.2,769.6,4.0,0.6,,,,,,,,,60.0,,,,,,,,,,,,,,,,0.0,,1.0,1031.1,,,,,,,,,,,,,,,,21177172.0,,,,,,,,,,0.0,2.573,0.0,,,,,,,,,2.63,,,,,,,,,,,,""
14379931884,"4 de mai. de 2025, 20:59:46",Afternoon Run,Corrida,,2892,"10,01",,,false,,Adidas Adizero SL Adizero SL,activities/15343384572.fit.gz,,,2892.0,2882.0,10010.8,6.04,3.474,59.0,172.0,753.1,794.9,8.9,-0.2,,,,,,,,,496.0,,,,,,,,,,,,,,,,0.0,,1.0,10077.9,,,,,,,,,,,,,,,,21177172.0,,,,,,,,,,0.0,3.462,1084.9,,,,,,,,,3.497,,,,,,,,,,,,""
14379932129,"3 de mai. de 2025, 20:10:00",Afternoon Run,Corrida,,3329,"10,00",,,false,,Adidas Adizero SL Adizero SL,activities/15343384850.fit.gz,,,3329.0,3326.0,10008.9,4.04,3.009,155.0,199.0,755.5,824.8,37.4,0.0,,,,,,,,,549.0,,,,,,,,,,,,,,,,0.0,,1.0,10466.9,,,,,,,,,,,,,,,,21177172.0,,,,,,,,,,0.0,3.007,353.7,,,,,,,,,3.147,,,,,,,,,,,,""
14379932068,"2 de mai. de 2025, 22:21:56",Evening Run,Corrida,,2919,"8,01",,,false,,Adidas Adizero SL Adizero SL,activities/15343384767.fit.gz,,,2919.0,2913.0,8010.0,3.96,2.75,59.5,109.0,754.0,794.9,23.6,-0.1,,,,,,,,,495.0,,,,,,,,,,,,,,,,0.0,,1.0,8121.4,,,,,,,,,,,,,,,,21177172.0,,,,,,,,,,0.0,2.744,357.8,,,,,,,,,2.788,,,,,,,,,,,,""
14379931983,"2 de mai. de 2025, 20:39:03",Afternoon Workout,Treino,,6252,0,,,false,,,activities/15343384692.fit.gz,,,6252.0,6252.0,0.0,0.0,0.0,0.0,0.0,0.0,0.0,0.0,0.0,,,,,,,,,268.0,,,,,,,,,,,,,,,,0.0,,1.0,,,,,,,,,,,,,,,,,,,,,,,,,,,0.0,0.0,0.0,,,,,,,,,,,,,,,,,,,,,""
14502692718,"1 de mai. de 2025, 12:46:57",Manhã Passeio,Pedalada,"",3856,"17,34",,,false,,Show Gravel,activities/15473205178.fit.gz,,11.0,3856.0,3395.0,17343.8,10.98,5.109,184.0,117.0,725.0,800.0,26.3,0.4,,,,0.0,,,,168.0,559.0,,25.0,,,,,,,,,,,,,,0.0,,1.0,,,,,,,,,,,,,,,,10641974.0,,,,,,,,,,,0.0,4.498,310.8,,,,,,,,,,,,,,,,,,,,,""
14344407837,"1 de mai. de 2025, 10:56:19",Manhã Passeio,Pedalada,"",4992,"43,56",,,false,,Show Gravel,activities/15306021821.fit.gz,,11.0,4992.0,4894.0,43560.9,10.56,8.901,135.0,137.0,708.0,728.0,17.4,0.0,,,,0.0,,,,291.0,1782.0,,21.0,,,,,,,,,,,,,,0.0,,1.0,,,,,,,,,,,,,,,,10641974.0,,,,,,,,,,,0.0,8.726,0.0,,,,,,,,,,,,,,,,,,,,,""
14344363457,"1 de mai. de 2025, 09:59:18",Manhã Passeio,Pedalada,"",3385,"20,03",,,false,,Show Gravel,activities/15305975510.fit.gz,,11.0,3385.0,2731.0,20030.4,14.88,7.334,177.0,233.0,718.0,795.0,21.3,-0.2,,,,0.0,,,,255.0,770.0,,18.0,,,,,,,,,,,,,,0.0,,1.0,,,,,,,,,,,,,,,,10641974.0,,,,,,,,,,,0.0,5.917,0.0,,,,,,,,,,,,,,,,,,,,,""
14352700807,"1 de mai. de 2025, 09:58:23",Morning Ride,Pedalada,,1446,"6,68",,,false,,Show Gravel,activities/15314733420.fit.gz,,11.0,1446.0,1312.0,6687.0,14.4,5.097,102.1,171.0,749.8,799.7,15.4,-0.5,,,,,,,,164.0,162.0,,,,,,,,,,,,,,,,0.0,,1.0,,,,,,,,,,,,,,,,10641974.0,,,,,,,,,,,0.0,4.624,0.0,,,,,,,,,,,,,,,,,,,,,""
14352700947,"30 de abr. de 2025, 09:15:26",Morning Workout,Treino,,5501,0,,,false,,,activities/15314733597.fit.gz,,,5501.0,5501.0,0.0,0.0,0.0,0.0,0.0,0.0,0.0,0.0,0.0,,,,,,,,,228.0,,,,,,,,,,,,,,,,0.0,,1.0,,,,,,,,,,,,,,,,,,,,,,,,,,,0.0,0.0,0.0,,,,,,,,,,,,,,,,,,,,,""
14327735102,"29 de abr. de 2025, 22:23:07",Evening Run,Corrida,"",2373,"8,04",,,false,,Fila Racer T2 T2,activities/15288582181.fit.gz,,,2373.0,2370.0,8041.7,5.42,3.393,53.2,140.0,753.1,794.9,10.8,-0.2,,,,,,,,,441.0,,,,,,,,,,,,,,0.0,,0.0,,1.0,8126.9,,,,,,,,,,,,,,,,19912724.0,,,,,,,,,,0.0,3.389,332.5,,,,,,,,,3.429,,,,,,,,,,,,""
14327735156,"28 de abr. de 2025, 20:25:01",Afternoon Workout,Treino,,5551,0,,,false,,,activities/15288582232.fit.gz,,,5551.0,5551.0,0.0,0.0,0.0,0.0,0.0,0.0,0.0,0.0,0.0,,,,,,,,,204.0,,,,,,,,,,,,,,,,0.0,,1.0,,,,,,,,,,,,,,,,,,,,,,,,,,,0.0,0.0,0.0,,,,,,,,,,,,,,,,,,,,,""
14307159141,"27 de abr. de 2025, 21:05:44",Evening Run,Corrida,,4960,"15,00",,,false,,Adidas Adizero SL Adizero SL,activities/15267082973.fit.gz,,,4960.0,4819.0,15006.8,4.74,3.114,108.7,192.0,740.0,794.9,33.9,-0.1,,,,,,,,,878.0,,,,,,,,,,,,,,,,0.0,,1.0,15196.2,,,,,,,,,,,,,,,,21177172.0,,,,,,,,,,0.0,3.026,345.8,,,,,,,,,3.153,,,,,,,,,,,,""
14307737916,"26 de abr. de 2025, 20:32:44",Afternoon Run,Corrida,,5095,"15,01",,,false,,Adidas Adizero SL Adizero SL,activities/15267697344.fit.gz,,,5095.0,4890.0,15011.2,4.62,3.07,205.9,302.0,762.7,826.2,35.3,0.0,,,,,,,,,846.0,,,,,,,,,,,,,,,,0.0,,1.0,15471.5,,,,,,,,,,,,,,,,21177172.0,,,,,,,,,,0.0,2.946,325.2,,,,,,,,,3.164,,,,,,,,,,,,""
14307737836,"25 de abr. de 2025, 20:30:11",Afternoon Workout,Treino,,5766,0,,,false,,,activities/15267697271.fit.gz,,,5766.0,5766.0,0.0,0.0,0.0,0.0,0.0,0.0,0.0,0.0,0.0,,,,,,,,,277.0,,,,,,,,,,,,,,,,0.0,,1.0,,,,,,,,,,,,,,,,,,,,,,,,,,,0.0,0.0,0.0,,,,,,,,,,,,,,,,,,,,,""
14271743653,"24 de abr. de 2025, 10:33:48",Morning Run,Corrida,,4147,"12,03",,,false,,Adidas Adizero SL Adizero SL,activities/15229994205.fit.gz,,,4147.0,3966.0,12036.6,4.42,3.035,208.4,286.0,755.5,824.8,34.5,-0.1,,,,,,,,,661.0,,,,,,,,,,,,,,,,0.0,,1.0,12632.2,,,,,,,,,,,,,,,,21177172.0,,,,,,,,,,0.0,2.902,255.3,,,,,,,,,3.185,,,,,,,,,,,,""
14271743706,"23 de abr. de 2025, 11:12:09",Morning Workout,Treino,,9303,0,,,false,,,activities/15229994440.fit.gz,,,9303.0,9303.0,0.0,0.0,0.0,0.0,0.0,0.0,0.0,0.0,0.0,,,,,,,,,503.0,,,,,,,,,,,,,,,,0.0,,1.0,,,,,,,,,,,,,,,,,,,,,,,,,,,0.0,0.0,0.0,,,,,,,,,,,,,,,,,,,,,""
14271743682,"22 de abr. de 2025, 20:22:00",Afternoon Workout,Treino,,6580,0,,,false,,,activities/15229994345.fit.gz,,,6580.0,6580.0,0.0,0.0,0.0,0.0,0.0,0.0,0.0,0.0,0.0,,,,,,,,,346.0,,,,,,,,,,,,,,,,0.0,,1.0,,,,,,,,,,,,,,,,,,,,,,,,,,,0.0,0.0,0.0,,,,,,,,,,,,,,,,,,,,,""
14236790864,"20 de abr. de 2025, 20:44:00",Afternoon Run,Corrida,"",3647,"12,03",,,false,,Fila Racer T2 T2,activities/15193500221.fit.gz,,,3647.0,3641.0,12035.4,4.34,3.306,100.7,187.0,751.7,786.9,11.4,-0.1,,,,,,,,,663.0,,,,,,,,,,,,,,0.0,,0.0,,1.0,12208.4,,,,,,,,,,,,,,,,19912724.0,,,,,,,,,,0.0,3.3,1551.7,,,,,,,,,3.353,,,,,,,,,,,,""
14235344534,"19 de abr. de 2025, 20:54:29",Afternoon Run,Corrida,,2516,"8,01",,,false,,Adidas Adizero SL Adizero SL,activities/15191970093.fit.gz,,,2516.0,2510.0,8010.8,4.52,3.192,67.9,108.0,754.0,802.7,11.4,-0.2,,,,,,,,,440.0,,,,,,,,,,,,,,,,0.0,,1.0,8145.9,,,,,,,,,,,,,,,,21177172.0,,,,,,,,,,0.0,3.184,1162.7,,,,,,,,,3.245,,,,,,,,,,,,""
14235344405,"19 de abr. de 2025, 12:50:57",Morning Workout,Treino,,8995,0,,,false,,,activities/15191969939.fit.gz,,,8995.0,8995.0,0.0,0.0,0.0,0.0,0.0,0.0,0.0,0.0,0.0,,,,,,,,,475.0,,,,,,,,,,,,,,,,0.0,,1.0,,,,,,,,,,,,,,,,,,,,,,,,,,,0.0,0.0,0.0,,,,,,,,,,,,,,,,,,,,,""
14217765831,"18 de abr. de 2025, 21:57:53",Evening Run,Corrida,,2661,"8,06",,,false,,Adidas Adizero SL Adizero SL,activities/15173514098.fit.gz,,,2661.0,2652.0,8059.4,4.5,3.039,77.6,119.0,757.7,794.9,22.0,-0.1,,,,,,,,,464.0,,,,,,,,,,,,,,,,0.0,,1.0,8245.3,,,,,,,,,,,,,,,,21177172.0,,,,,,,,,,0.0,3.029,24.9,,,,,,,,,3.109,,,,,,,,,,,,""
14217765744,"18 de abr. de 2025, 12:16:12",Morning Workout,Treino,,8349,0,,,false,,,activities/15173514050.fit.gz,,,8349.0,8349.0,0.0,0.0,0.0,0.0,0.0,0.0,0.0,0.0,0.0,,,,,,,,,234.0,,,,,,,,,,,,,,,,0.0,,1.0,,,,,,,,,,,,,,,,,,,,,,,,,,,0.0,0.0,0.0,,,,,,,,,,,,,,,,,,,,,""
14217765792,"17 de abr. de 2025, 20:36:29",Afternoon Workout,Treino,,2726,0,,,false,,,activities/15173514113.fit.gz,,,2726.0,2726.0,0.0,0.0,0.0,0.0,0.0,0.0,0.0,0.0,0.0,,,,,,,,,162.0,,,,,,,,,,,,,,,,0.0,,1.0,,,,,,,,,,,,,,,,,,,,,,,,,,,0.0,0.0,0.0,,,,,,,,,,,,,,,,,,,,,""
14193295141,"16 de abr. de 2025, 10:54:39",Morning Run,Corrida,"",2665,"8,01",,,false,,PUMA Velocity Nitro 3,activities/15147976360.fit.gz,,,2665.0,2651.0,8013.5,4.7,3.023,99.5,155.0,757.7,820.9,18.0,-0.2,,,,,,,,,456.0,,,,,,,,,,,,,,0.0,,0.0,,1.0,8260.1,,,,,,,,,,,,,,,,18352040.0,,,,,,,,,,0.0,3.007,263.9,,,,,,,,,3.116,,,,,,,,,,,,""
14193295729,"15 de abr. de 2025, 20:27:57",Afternoon Workout,Treino,,7315,0,,,false,,,activities/15147977005.fit.gz,,,7315.0,7315.0,0.0,0.0,0.0,0.0,0.0,0.0,0.0,0.0,0.0,,,,,,,,,225.0,,,,,,,,,,,,,,,,0.0,,1.0,,,,,,,,,,,,,,,,,,,,,,,,,,,0.0,0.0,0.0,,,,,,,,,,,,,,,,,,,,,""
14193295543,"14 de abr. de 2025, 20:36:16",Afternoon Workout,Treino,,4248,0,,,false,,,activities/15147976890.fit.gz,,,4248.0,4248.0,0.0,0.0,0.0,0.0,0.0,0.0,0.0,0.0,0.0,,,,,,,,,178.0,,,,,,,,,,,,,,,,0.0,,1.0,,,,,,,,,,,,,,,,,,,,,,,,,,,0.0,0.0,0.0,,,,,,,,,,,,,,,,,,,,,""
14193295611,"13 de abr. de 2025, 20:03:01",Afternoon Run,Corrida,,3216,"8,42",,,false,,Adidas Adizero SL Adizero SL,activities/15147976790.fit.gz,,,3216.0,3064.0,8425.4,5.42,2.75,115.5,154.0,757.3,820.9,49.1,-0.1,,,,,,,,,530.0,,,,,,,,,,,,,,,,0.0,,1.0,8682.0,,,,,,,,,,,,,,,,21177172.0,,,,,,,,,,0.0,2.62,851.6,,,,,,,,,2.834,,,,,,,,,,,,""
14193295413,"13 de abr. de 2025, 19:20:17",Afternoon Workout,Treino,,2635,0,,,false,,,activities/15147976687.fit.gz,,,2635.0,2635.0,0.0,0.0,0.0,0.0,0.0,0.0,0.0,0.0,0.0,,,,,,,,,136.0,,,,,,,,,,,,,,,,0.0,,1.0,,,,,,,,,,,,,,,,,,,,,,,,,,,0.0,0.0,0.0,,,,,,,,,,,,,,,,,,,,,""
14150104575,"11 de abr. de 2025, 21:39:14",Noite Passeio,Pedalada,"",6287,"35,72",,,false,,Show Gravel,activities/15102805275.fit.gz,,11.0,6287.0,5999.0,35719.0,14.36,5.954,582.0,578.0,733.0,832.0,44.5,0.1,,,,0.0,,,,227.0,1250.0,,21.0,,,,,,,,,,,,,,0.0,,1.0,,,,,,,,,,,,,,,,10641974.0,,,,,,,,,,,0.0,5.681,332.8,,,,,,,,,,,,,,,,,,,,,""
14193295330,"11 de abr. de 2025, 21:38:07",Evening Workout,Treino,,6689,0,,,false,,,activities/15147976583.fit.gz,,,6689.0,6689.0,0.0,0.0,0.0,0.0,0.0,0.0,0.0,0.0,0.0,,,,,,,,,978.0,,,,,,,,,,,,,,,,0.0,,1.0,,,,,,,,,,,,,,,,,,,,,,,,,,,0.0,0.0,0.0,,,,,,,,,,,,,,,,,,,,,""
14193295161,"10 de abr. de 2025, 20:20:24",Afternoon Workout,Treino,,4068,0,,,false,,,activities/15147976505.fit.gz,,,4068.0,4068.0,0.0,0.0,0.0,0.0,0.0,0.0,0.0,0.0,0.0,,,,,,,,,198.0,,,,,,,,,,,,,,,,0.0,,1.0,,,,,,,,,,,,,,,,,,,,,,,,,,,0.0,0.0,0.0,,,,,,,,,,,,,,,,,,,,,""
14141740157,"10 de abr. de 2025, 08:59:56",Morning Ride,Pedalada,,1876,"14,52",,,false,,Show Gravel,activities/15094044711.fit.gz,,11.0,1876.0,1737.0,14525.0,10.2,8.362,3.5,24.0,722.2,725.8,8.9,0.0,,,,,,,,249.0,299.0,,,,,,,,,,,,,,,,0.0,,1.0,,,,,,,,,,,,,,,,10641974.0,,,,,,,,,,,0.0,7.743,0.0,,,,,,,,,,,,,,,,,,,,,""
14135859724,"10 de abr. de 2025, 08:01:38",Noite Passeio,Pedalada,"",13511,"55,74",,,false,,Show Gravel,activities/15087922182.fit.gz,,11.0,13511.0,8316.0,55740.7,15.14,6.703,346.0,365.0,278.0,837.0,49.1,-0.7,,,,0.0,,,,213.0,2108.0,,21.0,,,,,,,,,,,,,,0.0,,1.0,,,,,,,,,,,,,,,,10641974.0,,,,,,,,,,,0.0,4.126,716.1,,,,,,,,,,,,,,,,,,,,,""
14141740200,"8 de abr. de 2025, 20:44:41",Afternoon Workout,Treino,,7869,0,,,false,,,activities/15094044749.fit.gz,,,7869.0,7869.0,0.0,0.0,0.0,0.0,0.0,0.0,0.0,0.0,0.0,,,,,,,,,284.0,,,,,,,,,,,,,,,,0.0,,1.0,,,,,,,,,,,,,,,,,,,,,,,,,,,0.0,0.0,0.0,,,,,,,,,,,,,,,,,,,,,""
14111399684,"7 de abr. de 2025, 22:49:05",Evening Run,Corrida,,772,"2,00",,,false,,Adidas Adizero SL Adizero SL,activities/15062456573.fit.gz,,,772.0,769.0,2005.3,3.84,2.608,8.4,24.0,762.6,771.6,4.7,0.4,,,,,,,,,125.0,,,,,,,,,,,,,,,,0.0,,1.0,2027.6,,,,,,,,,,,,,,,,21177172.0,,,,,,,,,,0.0,2.598,44.9,,,,,,,,,2.637,,,,,,,,,,,,""
14111399692,"7 de abr. de 2025, 22:08:33",Evening Run,Corrida,,2395,"8,00",,,false,,Adidas Adizero SL Adizero SL,activities/15062456504.fit.gz,,,2395.0,2392.0,8005.3,5.24,3.347,52.5,118.0,752.0,794.9,19.1,-0.3,,,,,,,,,439.0,,,,,,,,,,,,,,,,0.0,,1.0,8096.3,,,,,,,,,,,,,,,,21177172.0,,,,,,,,,,0.0,3.343,17.9,,,,,,,,,3.385,,,,,,,,,,,,""
14111399541,"7 de abr. de 2025, 20:22:36",Afternoon Workout,Treino,,4687,0,,,false,,,activities/15062456445.fit.gz,,,4687.0,4687.0,0.0,0.0,0.0,0.0,0.0,0.0,0.0,0.0,0.0,,,,,,,,,159.0,,,,,,,,,,,,,,,,0.0,,1.0,,,,,,,,,,,,,,,,,,,,,,,,,,,0.0,0.0,0.0,,,,,,,,,,,,,,,,,,,,,""
14091615467,"5 de abr. de 2025, 21:01:06",Evening Run,Corrida,"",3782,"11,00",,,false,,PUMA Velocity Nitro 3,activities/15041767151.fit.gz,,,3782.0,3549.0,11005.6,5.04,3.101,93.8,151.0,751.1,794.9,21.9,-0.1,,,,,,,,,653.0,,,,,,,,,,,,,,0.0,,0.0,,1.0,11216.2,,,,,,,,,,,,,,,,18352040.0,,,,,,,,,,0.0,2.91,255.0,,,,,,,,,3.16,,,,,,,,,,,,""
14081639093,"4 de abr. de 2025, 20:52:08",Afternoon Run,Corrida,"",2835,"8,00",,,false,,PUMA Velocity Nitro 3,activities/15031254417.fit.gz,,,2835.0,2832.0,8005.5,4.48,2.827,82.2,115.0,757.8,796.0,17.4,-0.1,,,,,,,,,481.0,,,,,,,,,,,,,,0.0,,0.0,,1.0,8197.8,,,,,,,,,,,,,,,,18352040.0,,,,,,,,,,0.0,2.824,252.0,,,,,,,,,2.895,,,,,,,,,,,,""
14081639149,"3 de abr. de 2025, 20:27:50",Afternoon Workout,Treino,,4459,0,,,false,,,activities/15031254476.fit.gz,,,4459.0,4459.0,0.0,0.0,0.0,0.0,0.0,0.0,0.0,0.0,0.0,,,,,,,,,273.0,,,,,,,,,,,,,,,,0.0,,1.0,,,,,,,,,,,,,,,,,,,,,,,,,,,0.0,0.0,0.0,,,,,,,,,,,,,,,,,,,,,""
14067135722,"3 de abr. de 2025, 10:16:29",Morning Run,Corrida,"",2455,"8,04",,,false,,PUMA Velocity Nitro 3,activities/15016012919.fit.gz,,,2455.0,2452.0,8042.4,5.26,3.28,60.4,113.0,753.2,794.9,17.6,-0.2,,,,,,,,,445.0,,,,,,,,,,,,,,0.0,,0.0,,1.0,8177.7,,,,,,,,,,,,,,,,18352040.0,,,,,,,,,,0.0,3.276,33.7,,,,,,,,,3.335,,,,,,,,,,,,""
14057608358,"2 de abr. de 2025, 10:26:04",Morning Run,Corrida,,2584,"8,01",,,false,,Adidas Adizero SL Adizero SL,activities/15005966036.fit.gz,,,2584.0,2570.0,8014.9,5.08,3.119,63.1,119.0,757.5,802.5,9.6,-0.1,,,,,,,,,467.0,,,,,,,,,,,,,,,,0.0,,1.0,8107.7,,,,,,,,,,,,,,,,21177172.0,,,,,,,,,,0.0,3.102,587.1,,,,,,,,,3.155,,,,,,,,,,,,""
14057608457,"1 de abr. de 2025, 20:35:14",Afternoon Workout,Treino,,3744,0,,,false,,,activities/15005966159.fit.gz,,,3744.0,3744.0,0.0,0.0,0.0,0.0,0.0,0.0,0.0,0.0,0.0,,,,,,,,,52.0,,,,,,,,,,,,,,,,0.0,,1.0,,,,,,,,,,,,,,,,,,,,,,,,,,,0.0,0.0,0.0,,,,,,,,,,,,,,,,,,,,,""
14057608411,"31 de mar. de 2025, 15:06:39",Lunch Workout,Treino,,4291,0,,,false,,,activities/15005966124.fit.gz,,,4291.0,4291.0,0.0,0.0,0.0,0.0,0.0,0.0,0.0,0.0,0.0,,,,,,,,,186.0,,,,,,,,,,,,,,,,0.0,,1.0,,,,,,,,,,,,,,,,,,,,,,,,,,,0.0,0.0,0.0,,,,,,,,,,,,,,,,,,,,,""
14024638795,"29 de mar. de 2025, 21:01:47",Evening Run,Corrida,,7215,"21,00",,,false,,Adidas Adizero SL Adizero SL,activities/14970658703.fit.gz,,,7215.0,7010.0,21007.9,5.04,2.997,258.7,445.0,763.2,819.8,15.7,0.0,,,,,,,,,1294.0,,,,,,,,,,,,,,,,0.0,,1.0,21603.8,,,,,,,,,,,,,,,,21177172.0,,,,,,,,,,0.0,2.912,317.3,,,,,,,,,3.082,,,,,,,,,,,,""
14024638793,"28 de mar. de 2025, 20:32:02",Afternoon Workout,Treino,,4888,0,,,false,,,activities/14970658828.fit.gz,,,4888.0,4888.0,0.0,0.0,0.0,0.0,0.0,0.0,0.0,0.0,0.0,,,,,,,,,146.0,,,,,,,,,,,,,,,,0.0,,1.0,,,,,,,,,,,,,,,,,,,,,,,,,,,0.0,0.0,0.0,,,,,,,,,,,,,,,,,,,,,""
14024638939,"27 de mar. de 2025, 21:12:24",Evening Workout,Treino,,1902,0,,,false,,,activities/14970658985.fit.gz,,,1902.0,1902.0,0.0,0.0,0.0,0.0,0.0,0.0,0.0,0.0,0.0,,,,,,,,,72.0,,,,,,,,,,,,,,,,0.0,,1.0,,,,,,,,,,,,,,,,,,,,,,,,,,,0.0,0.0,0.0,,,,,,,,,,,,,,,,,,,,,""
14024638859,"26 de mar. de 2025, 11:23:00",Morning Workout,Treino,,7044,0,,,false,,,activities/14970658904.fit.gz,,,7044.0,7044.0,0.0,0.0,0.0,0.0,0.0,0.0,0.0,0.0,0.0,,,,,,,,,446.0,,,,,,,,,,,,,,,,0.0,,1.0,,,,,,,,,,,,,,,,,,,,,,,,,,,0.0,0.0,0.0,,,,,,,,,,,,,,,,,,,,,""
13987880443,"25 de mar. de 2025, 21:49:02",Evening Run,Corrida,,2999,"8,53",,,false,,Adidas Adizero SL Adizero SL,activities/14931131688.fit.gz,,,2999.0,2867.0,8530.3,4.56,2.975,70.7,128.0,753.2,794.9,30.4,-0.1,,,,,,,,,496.0,,,,,,,,,,,,,,,,0.0,,1.0,8709.2,,,,,,,,,,,,,,,,21177172.0,,,,,,,,,,0.0,2.844,135.8,,,,,,,,,3.038,,,,,,,,,,,,""
13978169454,"24 de mar. de 2025, 23:28:57",Evening Run,Corrida,,417,"1,06",,,false,,Adidas Adizero SL Adizero SL,activities/14920782836.fit.gz,,,417.0,414.0,1066.7,3.12,2.577,5.5,2.0,765.7,771.3,2.9,0.5,,,,,,,,,75.0,,,,,,,,,,,,,,,,0.0,,1.0,1080.0,,,,,,,,,,,,,,,,21177172.0,,,,,,,,,,0.0,2.558,0.0,,,,,,,,,2.609,,,,,,,,,,,,""
13978169437,"24 de mar. de 2025, 22:25:23",Evening Run,Corrida,,3727,"11,03",,,false,,Adidas Adizero SL Adizero SL,activities/14920782802.fit.gz,,,3727.0,3643.0,11035.9,4.74,3.029,199.4,331.0,755.1,824.6,21.1,-0.1,,,,,,,,,673.0,,,,,,,,,,,,,,,,0.0,,1.0,11550.9,,,,,,,,,,,,,,,,21177172.0,,,,,,,,,,0.0,2.961,290.8,,,,,,,,,3.171,,,,,,,,,,,,""
13978169302,"24 de mar. de 2025, 20:28:57",Afternoon Workout,Treino,,4521,0,,,false,,,activities/14920782727.fit.gz,,,4521.0,4521.0,0.0,0.0,0.0,0.0,0.0,0.0,0.0,0.0,0.0,,,,,,,,,149.0,,,,,,,,,,,,,,,,0.0,,1.0,,,,,,,,,,,,,,,,,,,,,,,,,,,0.0,0.0,0.0,,,,,,,,,,,,,,,,,,,,,""
13978169456,"22 de mar. de 2025, 18:51:14",Afternoon Workout,Treino,,5324,0,,,false,,,activities/14920782866.fit.gz,,,5324.0,5324.0,0.0,0.0,0.0,0.0,0.0,0.0,0.0,0.0,0.0,,,,,,,,,179.0,,,,,,,,,,,,,,,,0.0,,1.0,,,,,,,,,,,,,,,,,,,,,,,,,,,0.0,0.0,0.0,,,,,,,,,,,,,,,,,,,,,""
13952981337,"21 de mar. de 2025, 22:04:10",Evening Run,Corrida,,3106,"10,00",,,false,,Adidas Adizero SL Adizero SL,activities/14893717789.fit.gz,,,3106.0,3100.0,10004.5,4.6,3.227,70.6,121.0,751.5,794.9,16.5,-0.1,,,,,,,,,578.0,,,,,,,,,,,,,,,,0.0,,1.0,10164.9,,,,,,,,,,,,,,,,21177172.0,,,,,,,,,,0.0,3.221,42.2,,,,,,,,,3.279,,,,,,,,,,,,""
13952981066,"21 de mar. de 2025, 20:23:39",Afternoon Workout,Treino,,6111,0,,,false,,,activities/14893717644.fit.gz,,,6111.0,6111.0,0.0,0.0,0.0,0.0,0.0,0.0,0.0,0.0,0.0,,,,,,,,,199.0,,,,,,,,,,,,,,,,0.0,,1.0,,,,,,,,,,,,,,,,,,,,,,,,,,,0.0,0.0,0.0,,,,,,,,,,,,,,,,,,,,,""
13952980976,"20 de mar. de 2025, 20:12:21",Afternoon Workout,Treino,,2026,0,,,false,,,activities/14893717385.fit.gz,,,2026.0,2026.0,0.0,0.0,0.0,0.0,0.0,0.0,0.0,0.0,0.0,,,,,,,,,15.0,,,,,,,,,,,,,,,,0.0,,1.0,,,,,,,,,,,,,,,,,,,,,,,,,,,0.0,0.0,0.0,,,,,,,,,,,,,,,,,,,,,""
13952980656,"19 de mar. de 2025, 22:25:44",Evening Workout,Treino,,5758,0,,,false,,,activities/14893717231.fit.gz,,,5758.0,5758.0,0.0,0.0,0.0,0.0,0.0,0.0,0.0,0.0,0.0,,,,,,,,,218.0,,,,,,,,,,,,,,,,0.0,,1.0,,,,,,,,,,,,,,,,,,,,,,,,,,,0.0,0.0,0.0,,,,,,,,,,,,,,,,,,,,,""
13921178492,"18 de mar. de 2025, 21:14:01",Evening Run,Corrida,"",3587,"10,03",,,false,,PUMA Velocity Nitro 3,activities/14859347409.fit.gz,,,3587.0,3584.0,10037.1,4.46,2.801,203.2,295.0,755.1,824.6,22.5,-0.1,,,,,,,,,620.0,,,,,,,,,,,,,,0.0,,0.0,,1.0,10632.4,,,,,,,,,,,,,,,,18352040.0,,,,,,,,,,0.0,2.798,574.6,,,,,,,,,2.967,,,,,,,,,,,,""
13909942793,"16 de mar. de 2025, 21:00:14",Evening Run,Corrida,"",3610,"10,01",,,false,,PUMA Velocity Nitro 3,activities/14847220296.fit.gz,,,3610.0,3601.0,10009.4,3.58,2.78,77.7,132.0,753.2,802.5,16.1,-0.1,,,,,,,,,552.0,,,,,,,,,,,,,,0.0,,0.0,,1.0,10120.5,,,,,,,,,,,,,,,,18352040.0,,,,,,,,,,0.0,2.773,676.2,,,,,,,,,2.81,,,,,,,,,,,,""
13893155379,"15 de mar. de 2025, 20:29:17",Afternoon Run,Corrida,,5189,"16,00",,,false,,Adidas Adizero SL Adizero SL,activities/14828944831.fit.gz,,,5189.0,5186.0,16007.1,4.14,3.087,126.9,298.0,739.6,791.2,19.8,0.0,,,,,,,,,970.0,,,,,,,,,,,,,,,,0.0,,1.0,16189.2,,,,,,,,,,,,,,,,21177172.0,,,,,,,,,,0.0,3.085,1135.3,,,,,,,,,3.122,,,,,,,,,,,,""
13893155862,"14 de mar. de 2025, 19:57:49",Afternoon Workout,Treino,,10005,0,,,false,,,activities/14828944901.fit.gz,,,10005.0,10005.0,0.0,0.0,0.0,0.0,0.0,0.0,0.0,0.0,0.0,,,,,,,,,131.0,,,,,,,,,,,,,,,,0.0,,1.0,,,,,,,,,,,,,,,,,,,,,,,,,,,0.0,0.0,0.0,,,,,,,,,,,,,,,,,,,,,""
13893155344,"13 de mar. de 2025, 19:59:04",Afternoon Workout,Treino,,3990,0,,,false,,,activities/14828944860.fit.gz,,,3990.0,3990.0,0.0,0.0,0.0,0.0,0.0,0.0,0.0,0.0,0.0,,,,,,,,,156.0,,,,,,,,,,,,,,,,0.0,,1.0,,,,,,,,,,,,,,,,,,,,,,,,,,,0.0,0.0,0.0,,,,,,,,,,,,,,,,,,,,,""
13856993538,"11 de mar. de 2025, 21:32:11",Evening Run,Corrida,"",3408,"10,00",,,false,,PUMA Velocity Nitro 3,activities/14790451023.fit.gz,,,3408.0,3391.0,10007.1,4.44,2.951,82.2,514.0,751.5,794.9,19.7,0.0,,,,,,,,,577.0,,,,,,,,,,,,,,0.0,,0.0,,1.0,10195.6,,,,,,,,,,,,,,,,18352040.0,,,,,,,,,,0.0,2.936,90.4,,,,,,,,,3.007,,,,,,,,,,,,""
13846032764,"10 de mar. de 2025, 18:38:27",Afternoon Workout,Treino,,4233,0,,,false,,,activities/14778678206.fit.gz,,,4233.0,4233.0,0.0,0.0,0.0,0.0,0.0,0.0,0.0,0.0,0.0,,,,,,,,,131.0,,,,,,,,,,,,,,,,0.0,,1.0,,,,,,,,,,,,,,,,,,,,,,,,,,,0.0,0.0,0.0,,,,,,,,,,,,,,,,,,,,,""
13840743174,"9 de mar. de 2025, 21:01:52",Evening Run,Corrida,,2986,"9,00",,,false,,Adidas Adizero SL Adizero SL,activities/14772944493.fit.gz,,,2986.0,2972.0,9008.7,4.08,3.031,88.7,147.0,757.5,802.5,11.1,0.0,,,,,,,,,487.0,,,,,,,,,,,,,,,,0.0,,1.0,9150.6,,,,,,,,,,,,,,,,21177172.0,,,,,,,,,,0.0,3.017,897.8,,,,,,,,,3.079,,,,,,,,,,,,""
13828782884,"8 de mar. de 2025, 19:43:56",Afternoon Run,Corrida,"",5509,"16,05",,,false,,Adidas Adizero SL Adizero SL,activities/14759898726.fit.gz,,,5509.0,5407.0,16052.9,4.36,2.969,231.0,746.0,763.2,826.0,27.3,0.1,,,,,,,,,968.0,,,,,,,,,,,,,,0.0,,0.0,,1.0,16575.7,,,,,,,,,,,,,,,,21177172.0,,,,,,,,,,0.0,2.914,168.9,,,,,,,,,3.066,,,,,,,,,,,,media/e3f46788-13ea-4c6e-a3d5-da547a0b5f39.mp4
13810201370,"6 de mar. de 2025, 21:33:43",Evening Ride,Pedalada,,9494,"37,20",,,false,,Show Gravel,activities/14739677623.fit.gz,,11.0,9494.0,8207.0,37199.0,12.6,4.533,164.6,534.0,725.6,787.2,35.0,0.0,,,,,,,,117.0,796.0,,,,,,,,,,,,,,,,0.0,,1.0,,,,,,,,,,,,,,,,10641974.0,,,,,,,,,,,0.0,3.918,763.0,,,,,,,,,,,,,,,,,,,,,""
13810201229,"6 de mar. de 2025, 19:28:58",Afternoon Workout,Treino,,6983,0,,,false,,,activities/14739677534.fit.gz,,,6983.0,6983.0,0.0,0.0,0.0,0.0,0.0,0.0,0.0,0.0,0.0,,,,,,,,,185.0,,,,,,,,,,,,,,,,0.0,,1.0,,,,,,,,,,,,,,,,,,,,,,,,,,,0.0,0.0,0.0,,,,,,,,,,,,,,,,,,,,,""
13799897990,"5 de mar. de 2025, 19:55:18",Afternoon Run,Corrida,,3081,"10,01",,,false,,Adidas Adizero SL Adizero SL,activities/14728537325.fit.gz,,,3081.0,3073.0,10010.0,4.96,3.257,65.5,268.0,751.5,794.9,14.0,-0.1,,,,,,,,,572.0,,,,,,,,,,,,,,,,0.0,,1.0,10126.2,,,,,,,,,,,,,,,,21177172.0,,,,,,,,,,0.0,3.249,44.2,,,,,,,,,3.295,,,,,,,,,,,,""
13791716208,"4 de mar. de 2025, 21:17:10",Evening Ride,Pedalada,,10153,"40,01",,,false,,Show Gravel,activities/14719682412.fit.gz,,11.0,10153.0,8734.0,40012.0,15.4,4.581,467.6,2489.0,742.2,819.8,38.6,0.1,,,,,,,,133.0,897.0,,,,,,,,,,,,,,,,0.0,,1.0,,,,,,,,,,,,,,,,10641974.0,,,,,,,,,,,0.0,3.941,1399.0,,,,,,,,,,,,,,,,,,,,,""
13791715972,"4 de mar. de 2025, 21:14:07",Evening Ride,Pedalada,,154,"1,12",,,false,,Show Gravel,activities/14719682311.fit.gz,,11.0,154.0,154.0,1119.0,10.0,7.266,0.0,15.0,767.2,780.9,5.2,-1.0,,,,,,,,141.0,18.0,,,,,,,,,,,,,,,,0.0,,1.0,,,,,,,,,,,,,,,,10641974.0,,,,,,,,,,,0.0,7.266,0.0,,,,,,,,,,,,,,,,,,,,,""
13791715913,"4 de mar. de 2025, 12:01:36",Morning Workout,Treino,,12202,0,,,false,,,activities/14719682295.fit.gz,,,12202.0,12202.0,0.0,0.0,0.0,0.0,0.0,0.0,0.0,0.0,0.0,,,,,,,,,247.0,,,,,,,,,,,,,,,,0.0,,1.0,,,,,,,,,,,,,,,,,,,,,,,,,,,0.0,0.0,0.0,,,,,,,,,,,,,,,,,,,,,""
13763486321,"1 de mar. de 2025, 20:46:06",Afternoon Ride,Pedalada,"",4621,"33,90",,,false,,Show Gravel,activities/14689049378.fit.gz,,11.0,4621.0,4386.0,33899.0,10.6,7.729,14.8,128.0,722.4,726.7,6.5,0.0,,,,,,,,217.0,699.0,,,,,,,,,,,,,,0.0,,0.0,,1.0,,,,,,,,,,,,,,,,10641974.0,,,,,,,,,,,0.0,7.336,0.0,,,,,,,,,,,,,,,,,,,,,media/34bc4b93-f09c-49a2-8496-0564e221cf7c.jpg
13763505497,"1 de mar. de 2025, 20:02:35",Noite Passeio,Pedalada,"",10600,"67,19",,,false,,Show Gravel,activities/14689069784.fit.gz,,11.0,10600.0,9635.0,67196.6,12.16,6.974,401.0,403.0,715.0,797.0,40.0,0.0,,,,0.0,,,,225.0,2447.0,,27.0,,,,,,,,,,,,0.0,,0.0,,1.0,,,,,,,,,,,,,,,,10641974.0,,,,,,,,,,,0.0,6.339,1506.3,,,,,,,,,,,,,,,,,,,,,media/f9f71e0a-07a2-404f-9865-37aa08beed71.jpg
13763486134,"1 de mar. de 2025, 20:01:37",Afternoon Workout,Treino,,2651,0,,,false,,,activities/14689049272.fit.gz,,,2651.0,2651.0,0.0,0.0,0.0,0.0,0.0,0.0,0.0,0.0,0.0,,,,,,,,,323.0,,,,,,,,,,,,,,,,0.0,,1.0,,,,,,,,,,,,,,,,,,,,,,,,,,,0.0,0.0,0.0,,,,,,,,,,,,,,,,,,,,,""
13755111673,"28 de fev. de 2025, 22:06:12",Evening Run,Corrida,,3163,"10,00",,,false,,Adidas Adizero SL Adizero SL,activities/14679902643.fit.gz,,,3163.0,3160.0,10006.8,4.66,3.167,72.8,235.0,751.9,794.9,20.9,-0.1,,,,,,,,,573.0,,,,,,,,,,,,,,,,0.0,,1.0,10192.3,,,,,,,,,,,,,,,,21177172.0,,,,,,,,,,0.0,3.164,41.5,,,,,,,,,3.225,,,,,,,,,,,,""
13755111645,"28 de fev. de 2025, 20:14:38",Afternoon Workout,Treino,,4809,0,,,false,,,activities/14679902610.fit.gz,,,4809.0,4809.0,0.0,0.0,0.0,0.0,0.0,0.0,0.0,0.0,0.0,,,,,,,,,128.0,,,,,,,,,,,,,,,,0.0,,1.0,,,,,,,,,,,,,,,,,,,,,,,,,,,0.0,0.0,0.0,,,,,,,,,,,,,,,,,,,,,""
13755111793,"27 de fev. de 2025, 20:30:08",Afternoon Workout,Treino,,2890,0,,,false,,,activities/14679902798.fit.gz,,,2890.0,2890.0,0.0,0.0,0.0,0.0,0.0,0.0,0.0,0.0,0.0,,,,,,,,,138.0,,,,,,,,,,,,,,,,0.0,,1.0,,,,,,,,,,,,,,,,,,,,,,,,,,,0.0,0.0,0.0,,,,,,,,,,,,,,,,,,,,,""
13755111795,"26 de fev. de 2025, 20:27:42",Afternoon Workout,Treino,,4667,0,,,false,,,activities/14679902784.fit.gz,,,4667.0,4667.0,0.0,0.0,0.0,0.0,0.0,0.0,0.0,0.0,0.0,,,,,,,,,132.0,,,,,,,,,,,,,,,,0.0,,1.0,,,,,,,,,,,,,,,,,,,,,,,,,,,0.0,0.0,0.0,,,,,,,,,,,,,,,,,,,,,""
13755111779,"26 de fev. de 2025, 10:28:35",Morning Run,Corrida,,2673,"8,00",,,false,,Adidas Adizero SL Adizero SL,activities/14679902757.fit.gz,,,2673.0,2533.0,8007.1,4.32,3.161,80.0,13844.0,757.5,802.5,24.6,0.0,,,,,,,,,454.0,,,,,,,,,,,,,,,,0.0,,1.0,8193.5,,,,,,,,,,,,,,,,21177172.0,,,,,,,,,,0.0,2.996,489.2,,,,,,,,,3.235,,,,,,,,,,,,""
13755111700,"24 de fev. de 2025, 16:45:53",Afternoon Workout,Treino,,7908,0,,,false,,,activities/14679902680.fit.gz,,,7908.0,7908.0,0.0,0.0,0.0,0.0,0.0,0.0,0.0,0.0,0.0,,,,,,,,,148.0,,,,,,,,,,,,,,,,0.0,,1.0,,,,,,,,,,,,,,,,,,,,,,,,,,,0.0,0.0,0.0,,,,,,,,,,,,,,,,,,,,,""
13709564187,"23 de fev. de 2025, 21:14:50",Evening Workout,Treino,,3593,0,,,false,,,activities/14630438019.fit.gz,,,3593.0,3593.0,0.0,0.0,0.0,0.0,0.0,0.0,0.0,0.0,0.0,,,,,,,,,423.0,,,,,,,,,,,,,,,,0.0,,1.0,,,,,,,,,,,,,,,,,,,,,,,,,,,0.0,0.0,0.0,,,,,,,,,,,,,,,,,,,,,""
13709564238,"23 de fev. de 2025, 20:12:00",Afternoon Ride,Pedalada,"",3687,"30,20",,,false,,Show Gravel,activities/14630437989.fit.gz,,11.0,3687.0,3687.0,30202.0,11.8,8.191,12.8,182.0,722.4,727.0,7.2,0.0,,,,,,,,233.0,493.0,,,,,,,,,,,,,,0.0,,0.0,,1.0,,,,,,,,,,,,,,,,10641974.0,,,,,,,,,,,0.0,8.191,0.0,,,,,,,,,,,,,,,,,,,,,""
13709564127,"23 de fev. de 2025, 19:25:46",Afternoon Workout,Treino,,2518,0,,,false,,,activities/14630437870.fit.gz,,,2518.0,2518.0,0.0,0.0,0.0,0.0,0.0,0.0,0.0,0.0,0.0,,,,,,,,,323.0,,,,,,,,,,,,,,,,0.0,,1.0,,,,,,,,,,,,,,,,,,,,,,,,,,,0.0,0.0,0.0,,,,,,,,,,,,,,,,,,,,,""
13709514128,"23 de fev. de 2025, 19:23:47",1.000 atividades,Pedalada,"",10247,"63,70",,,false,,Show Gravel,activities/14630383218.fit.gz,,11.0,10247.0,9261.0,63705.9,13.3,6.879,561.7,423.0,708.5,789.9,35.7,0.0,,,,0.0,,,,218.0,2390.0,,28.0,,,,,,,,,,,,0.0,,0.0,,1.0,,,,,,,,,,,,,,,,10641974.0,,,,,,,,,,,0.0,6.217,135.8,,,,,,,,,,,,,,,,,,,,,media/1deaa9dd-9d3d-4cc5-9b4a-fef94277dbf6.jpg
13699580828,"22 de fev. de 2025, 21:14:11",Evening Run,Corrida,,429,"1,08",,,false,,Adidas Adizero SL Adizero SL,activities/14619605120.fit.gz,,,429.0,426.0,1083.3,3.1,2.543,5.9,74.0,763.2,769.5,2.5,0.5,,,,,,,,,69.0,,,,,,,,,,,,,,,,0.0,,1.0,1096.0,,,,,,,,,,,,,,,,21177172.0,,,,,,,,,,0.0,2.525,0.0,,,,,,,,,2.573,,,,,,,,,,,,""
13699580632,"22 de fev. de 2025, 20:29:48",Afternoon Run,Corrida,,2592,"8,01",,,false,,Adidas Adizero SL Adizero SL,activities/14619605048.fit.gz,,,2592.0,2462.0,8013.4,5.3,3.255,57.6,120.0,751.5,794.9,23.4,-0.2,,,,,,,,,439.0,,,,,,,,,,,,,,,,0.0,,1.0,8162.6,,,,,,,,,,,,,,,,21177172.0,,,,,,,,,,0.0,3.092,29.2,,,,,,,,,3.315,,,,,,,,,,,,""
13690834186,"21 de fev. de 2025, 22:15:59",Noite Passeio,Pedalada,,4510,"28,54",,,false,,Show Gravel,activities/14610031358.fit.gz,,11.0,4510.0,4389.0,28546.2,13.62,6.504,384.0,379.0,756.0,821.0,47.2,0.0,,,,0.0,,,,226.0,1034.0,,25.0,,,,,,,,,,,,,,0.0,,1.0,,,,,,,,,,,,,,,,10641974.0,,,,,,,,,,,0.0,6.33,522.7,,,,,,,,,,,,,,,,,,,,,""
13690795155,"20 de fev. de 2025, 19:19:39",Afternoon Workout,Treino,,4464,0,,,false,,,activities/14609989840.fit.gz,,,4464.0,4464.0,0.0,0.0,0.0,0.0,0.0,0.0,0.0,0.0,0.0,,,,,,,,,134.0,,,,,,,,,,,,,,,,0.0,,1.0,,,,,,,,,,,,,,,,,,,,,,,,,,,0.0,0.0,0.0,,,,,,,,,,,,,,,,,,,,,""
13690795135,"19 de fev. de 2025, 20:09:06",Afternoon Run,Corrida,,2752,"8,05",,,false,,Adidas Adizero SL Adizero SL,activities/14609989743.fit.gz,,,2752.0,2749.0,8055.3,4.28,2.93,64.7,108.0,753.2,794.9,24.6,-0.2,,,,,,,,,431.0,,,,,,,,,,,,,,,,0.0,,1.0,8224.4,,,,,,,,,,,,,,,,21177172.0,,,,,,,,,,0.0,2.927,39.7,,,,,,,,,2.992,,,,,,,,,,,,""
13690795017,"19 de fev. de 2025, 12:12:24",Morning Workout,Treino,,10813,0,,,false,,,activities/14609989630.fit.gz,,,10813.0,10813.0,0.0,0.0,0.0,0.0,0.0,0.0,0.0,0.0,0.0,,,,,,,,,203.0,,,,,,,,,,,,,,,,0.0,,1.0,,,,,,,,,,,,,,,,,,,,,,,,,,,0.0,0.0,0.0,,,,,,,,,,,,,,,,,,,,,""
13690794886,"18 de fev. de 2025, 21:45:59",Evening Workout,Treino,,364,0,,,false,,,activities/14609989551.fit.gz,,,364.0,364.0,0.0,0.0,0.0,0.0,0.0,0.0,0.0,0.0,0.0,,,,,,,,,,,,,,,,,,,,,,,,,0.0,,1.0,,,,,,,,,,,,,,,,,,,,,,,,,,,0.0,0.0,0.0,,,,,,,,,,,,,,,,,,,,,""
13690794895,"18 de fev. de 2025, 20:03:43",Afternoon Workout,Treino,,5577,0,,,false,,,activities/14609989523.fit.gz,,,5577.0,5577.0,0.0,0.0,0.0,0.0,0.0,0.0,0.0,0.0,0.0,,,,,,,,,270.0,,,,,,,,,,,,,,,,0.0,,1.0,,,,,,,,,,,,,,,,,,,,,,,,,,,0.0,0.0,0.0,,,,,,,,,,,,,,,,,,,,,""
13656415392,"17 de fev. de 2025, 21:03:59",Evening Run,Corrida,"",4098,"12,00",,,false,,PUMA Velocity Nitro 3,activities/14572406991.fit.gz,,,4098.0,4089.0,12006.7,4.76,2.936,181.4,338.0,762.4,826.0,16.1,0.1,,,,,,,,,735.0,,,,,,,,,,,,,,0.0,,0.0,,1.0,12417.9,,,,,,,,,,,,,,,,18352040.0,,,,,,,,,,0.0,2.93,205.7,,,,,,,,,3.037,,,,,,,,,,,,""
13656415315,"17 de fev. de 2025, 18:40:41",Afternoon Workout,Treino,,3409,0,,,false,,,activities/14572406961.fit.gz,,,3409.0,3409.0,0.0,0.0,0.0,0.0,0.0,0.0,0.0,0.0,0.0,,,,,,,,,52.0,,,,,,,,,,,,,,,,0.0,,1.0,,,,,,,,,,,,,,,,,,,,,,,,,,,0.0,0.0,0.0,,,,,,,,,,,,,,,,,,,,,""
13637352840,"15 de fev. de 2025, 21:47:16",Evening Run,Corrida,,829,"2,00",,,false,,Adidas Adizero SL Adizero SL,activities/14551494893.fit.gz,,,829.0,809.0,2004.8,4.34,2.478,15.3,46.0,757.8,771.3,9.9,0.0,,,,,,,,,147.0,,,,,,,,,,,,,,,,0.0,,1.0,2051.3,,,,,,,,,,,,,,,,21177172.0,,,,,,,,,,0.0,2.418,21.2,,,,,,,,,2.536,,,,,,,,,,,,""
13637352801,"15 de fev. de 2025, 20:17:54",Afternoon Run,Corrida,,5236,"15,02",,,false,,Adidas Adizero SL Adizero SL,activities/14551494816.fit.gz,,,5236.0,5230.0,15021.8,5.3,2.872,127.6,457.0,741.9,819.8,17.0,-0.2,,,,,,,,,954.0,,,,,,,,,,,,,,,,0.0,,1.0,15242.7,,,,,,,,,,,,,,,,21177172.0,,,,,,,,,,0.0,2.869,134.6,,,,,,,,,2.914,,,,,,,,,,,,""
13628709450,"14 de fev. de 2025, 21:57:59",Evening Run,Corrida,"",3024,"8,03",,,false,,Fila Racer T2 T2,activities/14542019859.fit.gz,,,3024.0,2996.0,8030.9,4.48,2.681,114.3,167.0,757.8,794.9,25.5,-0.2,,,,,,,,,518.0,,,,,,,,,,,,,,0.0,,0.0,,1.0,8358.4,,,,,,,,,,,,,,,,19912724.0,,,,,,,,,,0.0,2.656,300.0,,,,,,,,,2.79,,,,,,,,,,,,""
13628709415,"14 de fev. de 2025, 19:41:18",Afternoon Workout,Treino,,8167,0,,,false,,,activities/14542019820.fit.gz,,,8167.0,8167.0,0.0,0.0,0.0,0.0,0.0,0.0,0.0,0.0,0.0,,,,,,,,,251.0,,,,,,,,,,,,,,,,0.0,,1.0,,,,,,,,,,,,,,,,,,,,,,,,,,,0.0,0.0,0.0,,,,,,,,,,,,,,,,,,,,,""
13628709704,"11 de fev. de 2025, 20:08:37",Afternoon Workout,Treino,,4388,0,,,false,,,activities/14542020131.fit.gz,,,4388.0,4388.0,0.0,0.0,0.0,0.0,0.0,0.0,0.0,0.0,0.0,,,,,,,,,186.0,,,,,,,,,,,,,,,,0.0,,1.0,,,,,,,,,,,,,,,,,,,,,,,,,,,0.0,0.0,0.0,,,,,,,,,,,,,,,,,,,,,""
13628709598,"10 de fev. de 2025, 20:18:17",Afternoon Ride,Pedalada,,2536,"0,13",,,false,,Show Gravel,activities/14542020076.fit.gz,,11.0,2536.0,2536.0,131.0,0.0,0.052,0.0,0.0,0.0,0.0,0.0,0.0,,,,,,,,,315.0,,,,,,,,,,,,,,,,0.0,,1.0,,,,,,,,,,,,,,,,10641974.0,,,,,,,,,,,0.0,0.052,0.0,,,,,,,,,,,,,,,,,,,,,""
13628709540,"10 de fev. de 2025, 19:19:31",Afternoon Workout,Treino,,3492,0,,,false,,,activities/14542019924.fit.gz,,,3492.0,3492.0,0.0,0.0,0.0,0.0,0.0,0.0,0.0,0.0,0.0,,,,,,,,,59.0,,,,,,,,,,,,,,,,0.0,,1.0,,,,,,,,,,,,,,,,,,,,,,,,,,,0.0,0.0,0.0,,,,,,,,,,,,,,,,,,,,,""
13586814566,"9 de fev. de 2025, 21:09:22",Evening Run,Corrida,,5510,"16,01",,,false,,Adidas Adizero SL Adizero SL,activities/14496146510.fit.gz,,,5510.0,5480.0,16009.3,4.86,2.921,132.2,305.0,740.1,802.5,13.4,-0.1,,,,,,,,,961.0,,,,,,,,,,,,,,,,0.0,,1.0,16187.5,,,,,,,,,,,,,,,,21177172.0,,,,,,,,,,0.0,2.905,1673.4,,,,,,,,,2.954,,,,,,,,,,,,""
13577230614,"8 de fev. de 2025, 20:50:29",Afternoon Run,Corrida,,3511,"10,01",,,false,,Adidas Adizero SL Adizero SL,activities/14485665827.fit.gz,,,3511.0,3442.0,10011.8,4.16,2.909,86.3,180.0,751.5,794.9,16.0,-0.1,,,,,,,,,633.0,,,,,,,,,,,,,,,,0.0,,1.0,10185.2,,,,,,,,,,,,,,,,21177172.0,,,,,,,,,,0.0,2.852,362.8,,,,,,,,,2.959,,,,,,,,,,,,""
13577230437,"5 de fev. de 2025, 22:27:16",Evening Swim,Natação,,3743,25,,,false,,,activities/14485665926.fit.gz,,,3743.0,286.0,25.0,0.087,0.087,0.0,0.0,0.0,0.0,0.0,0.0,,,,,,,,,2.0,,,,,,,,,,,,,,,,0.0,,1.0,,,,,,,,,,,,,,,,,,,,,,,,,,,0.0,0.007,0.0,,,,,,25.0,,,,,,,,,,,,,,,""
13577230445,"5 de fev. de 2025, 19:19:42",Afternoon Workout,Treino,,4233,0,,,false,,,activities/14485665889.fit.gz,,,4233.0,4233.0,0.0,0.0,0.0,0.0,0.0,0.0,0.0,0.0,0.0,,,,,,,,,186.0,,,,,,,,,,,,,,,,0.0,,1.0,,,,,,,,,,,,,,,,,,,,,,,,,,,0.0,0.0,0.0,,,,,,,,,,,,,,,,,,,,,""
13542796638,"4 de fev. de 2025, 21:55:48",Evening Run,Corrida,"",3630,"10,64",,,false,,PUMA Velocity Nitro 3,activities/14447911113.fit.gz,,,3630.0,3627.0,10644.8,4.24,2.935,101.4,166.0,751.5,796.3,46.8,-0.1,,,,,,,,,621.0,,,,,,,,,,,,,,0.0,,0.0,,1.0,10913.1,,,,,,,,,,,,,,,,18352040.0,,,,,,,,,,0.0,2.932,263.1,,,,,,,,,3.009,,,,,,,,,,,,""
13542796509,"4 de fev. de 2025, 20:15:07",Afternoon Workout,Treino,,3730,0,,,false,,,activities/14447911055.fit.gz,,,3730.0,3730.0,0.0,0.0,0.0,0.0,0.0,0.0,0.0,0.0,0.0,,,,,,,,,117.0,,,,,,,,,,,,,,,,0.0,,1.0,,,,,,,,,,,,,,,,,,,,,,,,,,,0.0,0.0,0.0,,,,,,,,,,,,,,,,,,,,,""
13542796668,"3 de fev. de 2025, 21:03:02",Evening Run,Corrida,,2963,"8,10",,,false,,Adidas Adizero SL Adizero SL,activities/14447911189.fit.gz,,,2963.0,2953.0,8099.6,3.78,2.743,67.3,183.0,757.1,802.5,25.0,-0.2,,,,,,,,,458.0,,,,,,,,,,,,,,,,0.0,,1.0,8273.5,,,,,,,,,,,,,,,,21177172.0,,,,,,,,,,0.0,2.734,883.3,,,,,,,,,2.802,,,,,,,,,,,,""
13542796596,"3 de fev. de 2025, 19:10:09",Afternoon Workout,Treino,,3915,0,,,false,,,activities/14447911151.fit.gz,,,3915.0,3915.0,0.0,0.0,0.0,0.0,0.0,0.0,0.0,0.0,0.0,,,,,,,,,141.0,,,,,,,,,,,,,,,,0.0,,1.0,,,,,,,,,,,,,,,,,,,,,,,,,,,0.0,0.0,0.0,,,,,,,,,,,,,,,,,,,,,""
13513739337,"1 de fev. de 2025, 21:07:14",Evening Run,Corrida,,765,"2,00",,,false,,Adidas Adizero SL Adizero SL,activities/14416115805.fit.gz,,,765.0,759.0,2002.8,4.28,2.639,14.8,40.0,757.8,771.3,7.8,0.0,,,,,,,,,137.0,,,,,,,,,,,,,,,,0.0,,1.0,2048.9,,,,,,,,,,,,,,,,21177172.0,,,,,,,,,,0.0,2.618,30.1,,,,,,,,,2.699,,,,,,,,,,,,""
13513739362,"1 de fev. de 2025, 20:23:03",Afternoon Run,Corrida,"",2469,"8,02",,,false,,PUMA Velocity Nitro 3,activities/14416115738.fit.gz,,,2469.0,2450.0,8026.2,4.9,3.276,66.6,191.0,753.2,802.5,18.2,-0.3,,,,,,,,,448.0,,,,,,,,,,,,,,0.0,,0.0,,1.0,8128.4,,,,,,,,,,,,,,,,18352040.0,,,,,,,,,,0.0,3.251,709.7,,,,,,,,,3.318,,,,,,,,,,,,""
13505233316,"31 de jan. de 2025, 22:00:16",Evening Run,Corrida,,3391,"10,00",,,false,,Adidas Adizero SL Adizero SL,activities/14406810071.fit.gz,,,3391.0,3305.0,10005.3,5.56,3.027,102.9,248.0,752.4,796.0,42.3,-0.2,,,,,,,,,624.0,,,,,,,,,,,,,,,,0.0,,1.0,10244.9,,,,,,,,,,,,,,,,21177172.0,,,,,,,,,,0.0,2.951,442.5,,,,,,,,,3.1,,,,,,,,,,,,""
13505232984,"31 de jan. de 2025, 20:06:14",Afternoon Workout,Treino,,6369,0,,,false,,,activities/14406809692.fit.gz,,,6369.0,6369.0,0.0,0.0,0.0,0.0,0.0,0.0,0.0,0.0,0.0,,,,,,,,,144.0,,,,,,,,,,,,,,,,0.0,,1.0,,,,,,,,,,,,,,,,,,,,,,,,,,,0.0,0.0,0.0,,,,,,,,,,,,,,,,,,,,,""
13479102654,"28 de jan. de 2025, 21:27:39",Evening Run,Corrida,,3248,"10,00",,,false,,Adidas Adizero SL Adizero SL,activities/14378389989.fit.gz,,,3248.0,3101.0,10005.1,5.34,3.226,71.7,450.0,750.0,794.8,16.7,-0.2,,,,,,,,,591.0,,,,,,,,,,,,,,,,0.0,,1.0,10109.4,,,,,,,,,,,,,,,,21177172.0,,,,,,,,,,0.0,3.08,247.5,,,,,,,,,3.26,,,,,,,,,,,,""
13479102685,"27 de jan. de 2025, 21:06:25",Evening Run,Corrida,,3069,"8,17",,,false,,Adidas Adizero SL Adizero SL,activities/14378389911.fit.gz,,,3069.0,2940.0,8171.9,3.76,2.78,73.2,128.0,757.1,794.9,17.2,0.0,,,,,,,,,473.0,,,,,,,,,,,,,,,,0.0,,1.0,8368.6,,,,,,,,,,,,,,,,21177172.0,,,,,,,,,,0.0,2.663,74.9,,,,,,,,,2.846,,,,,,,,,,,,""
13479102414,"27 de jan. de 2025, 19:00:10",Afternoon Workout,Treino,,4615,0,,,false,,,activities/14378389751.fit.gz,,,4615.0,4615.0,0.0,0.0,0.0,0.0,0.0,0.0,0.0,0.0,0.0,,,,,,,,,215.0,,,,,,,,,,,,,,,,0.0,,1.0,,,,,,,,,,,,,,,,,,,,,,,,,,,0.0,0.0,0.0,,,,,,,,,,,,,,,,,,,,,""
13452064180,"25 de jan. de 2025, 20:29:43",Afternoon Run,Corrida,"",1456,"5,00",,,false,,Adidas Adizero SL Adizero SL,activities/14348900307.fit.gz,,,1456.0,1453.0,5006.7,4.84,3.446,193.6,169.0,782.2,796.4,49.1,0.0,,,,,,,,,280.0,,,,,,,,,,,,,,0.0,,0.0,,1.0,6802.7,,,,,,,,,,,,,,,,21177172.0,,,,,,,,,,0.0,3.439,0.0,,,,,,,,,4.682,,,,,,,,,,,,media/f7f3c150-9ad2-4911-84a9-beccc5b7d475.jpg
13452064182,"25 de jan. de 2025, 20:13:52",Afternoon Run,Corrida,,698,"1,73",,,false,,Adidas Adizero SL Adizero SL,activities/14348900251.fit.gz,,,698.0,695.0,1733.4,3.52,2.494,46.8,17.0,771.4,813.8,17.1,2.0,,,,,,,,,108.0,,,,,,,,,,,,,,,,0.0,,1.0,1912.4,,,,,,,,,,,,,,,,21177172.0,,,,,,,,,,0.0,2.483,0.0,,,,,,,,,2.752,,,,,,,,,,,,""
13452064054,"25 de jan. de 2025, 18:37:06",Afternoon Workout,Treino,,3521,0,,,false,,,activities/14348900161.fit.gz,,,3521.0,3521.0,0.0,0.0,0.0,0.0,0.0,0.0,0.0,0.0,0.0,,,,,,,,,123.0,,,,,,,,,,,,,,,,0.0,,1.0,,,,,,,,,,,,,,,,,,,,,,,,,,,0.0,0.0,0.0,,,,,,,,,,,,,,,,,,,,,""
13443358625,"24 de jan. de 2025, 21:13:08",Evening Run,Corrida,"",5400,"15,72",,,false,,PUMA Velocity Nitro 3,activities/14339437387.fit.gz,,,5400.0,5381.0,15723.5,5.58,2.922,138.8,354.0,740.1,794.9,19.7,-0.1,,,,,,,,,980.0,,,,,,,,,,,,,,0.0,,0.0,,1.0,15985.7,,,,,,,,,,,,,,,,18352040.0,,,,,,,,,,0.0,2.912,753.8,,,,,,,,,2.971,,,,,,,,,,,,""
13452063887,"23 de jan. de 2025, 20:12:20",Afternoon Workout,Treino,,4256,0,,,false,,,activities/14348900040.fit.gz,,,4256.0,4256.0,0.0,0.0,0.0,0.0,0.0,0.0,0.0,0.0,0.0,,,,,,,,,172.0,,,,,,,,,,,,,,,,0.0,,1.0,,,,,,,,,,,,,,,,,,,,,,,,,,,0.0,0.0,0.0,,,,,,,,,,,,,,,,,,,,,""
13418373693,"21 de jan. de 2025, 21:42:46",Evening Run,Corrida,,2698,"8,02",,,false,,Adidas Adizero SL Adizero SL,activities/14312383276.fit.gz,,,2698.0,2567.0,8019.1,4.4,3.124,85.4,140.0,750.3,791.2,22.9,-0.1,,,,,,,,,494.0,,,,,,,,,,,,,,,,0.0,,1.0,8155.5,,,,,,,,,,,,,,,,21177172.0,,,,,,,,,,0.0,2.972,118.9,,,,,,,,,3.177,,,,,,,,,,,,""
13418373678,"21 de jan. de 2025, 21:30:50",Evening Run,Corrida,,729,"1,76",,,false,,Adidas Adizero SL Adizero SL,activities/14312383193.fit.gz,,,729.0,601.0,1760.9,3.62,2.93,18.8,23.0,770.5,794.8,15.7,-0.6,,,,,,,,,93.0,,,,,,,,,,,,,,,,0.0,,1.0,1827.0,,,,,,,,,,,,,,,,21177172.0,,,,,,,,,,0.0,2.416,0.0,,,,,,,,,3.04,,,,,,,,,,,,""
13443358359,"20 de jan. de 2025, 19:17:55",Afternoon Workout,Treino,,3212,0,,,false,,,activities/14339437238.fit.gz,,,3212.0,3212.0,0.0,0.0,0.0,0.0,0.0,0.0,0.0,0.0,0.0,,,,,,,,,45.0,,,,,,,,,,,,,,,,0.0,,1.0,,,,,,,,,,,,,,,,,,,,,,,,,,,0.0,0.0,0.0,,,,,,,,,,,,,,,,,,,,,""
13401226127,"19 de jan. de 2025, 21:21:11",Evening Run,Corrida,,2612,"8,02",,,false,,Adidas Adizero SL Adizero SL,activities/14293831348.fit.gz,,,2612.0,2609.0,8023.5,5.12,3.075,64.5,212.0,754.0,783.2,20.6,-0.2,,,,,,,,,463.0,,,,,,,,,,,,,,,,0.0,,1.0,8179.9,,,,,,,,,,,,,,,,21177172.0,,,,,,,,,,0.0,3.072,671.0,,,,,,,,,3.135,,,,,,,,,,,,""
13391505098,"18 de jan. de 2025, 21:16:07",Evening Run,Corrida,,620,"1,84",,,false,,Adidas Adizero SL Adizero SL,activities/14283330223.fit.gz,,,620.0,614.0,1839.4,4.2,2.996,51.8,88.0,779.7,805.9,38.8,0.5,,,,,,,,,117.0,,,,,,,,,,,,,,,,0.0,,1.0,2167.0,,,,,,,,,,,,,,,,21177172.0,,,,,,,,,,0.0,2.967,0.0,,,,,,,,,3.529,,,,,,,,,,,,""
13391504817,"18 de jan. de 2025, 20:22:29",Afternoon Run,Corrida,"",2408,"5,04",,,false,,Adidas Adizero SL Adizero SL,activities/14283329890.fit.gz,,,2408.0,2405.0,5043.4,3.2,2.097,187.6,199.0,780.9,805.9,49.5,0.0,,,,,,,,,305.0,,,,,,,,,,,,,,0.0,,0.0,,1.0,6730.3,,,,,,,,,,,,,,,,21177172.0,,,,,,,,,,0.0,2.094,0.0,,,,,,,,,2.798,,,,,,,,,,,,media/8a2ba05f-8e8e-40d5-922a-ecf8d58c11d8.jpg
13391505323,"18 de jan. de 2025, 19:49:10",Afternoon Run,Corrida,,546,"1,23",,,false,,Adidas Adizero SL Adizero SL,activities/14283330572.fit.gz,,,546.0,518.0,1233.2,3.16,2.381,40.0,13.0,771.4,812.2,40.8,3.0,,,,,,,,,88.0,,,,,,,,,,,,,,,,0.0,,1.0,1428.4,,,,,,,,,,,,,,,,21177172.0,,,,,,,,,,0.0,2.259,0.0,,,,,,,,,2.758,,,,,,,,,,,,""
13382713558,"17 de jan. de 2025, 21:21:20",Evening Run,Corrida,,2774,"8,01",,,false,,Adidas Adizero SL Adizero SL,activities/14273828165.fit.gz,,,2774.0,2771.0,8009.2,4.5,2.89,59.9,99.0,754.0,794.9,18.3,-0.2,,,,,,,,,500.0,,,,,,,,,,,,,,,,0.0,,1.0,8124.7,,,,,,,,,,,,,,,,21177172.0,,,,,,,,,,0.0,2.887,28.3,,,,,,,,,2.932,,,,,,,,,,,,""
13382713515,"17 de jan. de 2025, 19:47:34",Afternoon Workout,Treino,,3490,0,,,false,,,activities/14273828101.fit.gz,,,3490.0,3490.0,0.0,0.0,0.0,0.0,0.0,0.0,0.0,0.0,0.0,,,,,,,,,146.0,,,,,,,,,,,,,,,,0.0,,1.0,,,,,,,,,,,,,,,,,,,,,,,,,,,0.0,0.0,0.0,,,,,,,,,,,,,,,,,,,,,""
13382713678,"15 de jan. de 2025, 19:02:02",Afternoon Workout,Treino,,3194,0,,,false,,,activities/14273828262.fit.gz,,,3194.0,3194.0,0.0,0.0,0.0,0.0,0.0,0.0,0.0,0.0,0.0,,,,,,,,,46.0,,,,,,,,,,,,,,,,0.0,,1.0,,,,,,,,,,,,,,,,,,,,,,,,,,,0.0,0.0,0.0,,,,,,,,,,,,,,,,,,,,,""
13382713573,"14 de jan. de 2025, 20:23:25",Afternoon Workout,Treino,,4330,0,,,false,,,activities/14273828215.fit.gz,,,4330.0,4330.0,0.0,0.0,0.0,0.0,0.0,0.0,0.0,0.0,0.0,,,,,,,,,212.0,,,,,,,,,,,,,,,,0.0,,1.0,,,,,,,,,,,,,,,,,,,,,,,,,,,0.0,0.0,0.0,,,,,,,,,,,,,,,,,,,,,""
13347088239,"13 de jan. de 2025, 20:39:53",Afternoon Run,Corrida,"",4271,"12,13",,,false,,Fila Racer T2 T2,activities/14235577279.fit.gz,,,4271.0,4079.0,12136.1,4.62,2.975,181.4,576.0,763.2,826.0,44.6,0.1,,,,,,,,,767.0,,,,,,,,,,,,,,0.0,,0.0,,1.0,12555.1,,,,,,,,,,,,,,,,19912724.0,,,,,,,,,,0.0,2.842,155.4,,,,,,,,,3.078,,,,,,,,,,,,""
13347087700,"13 de jan. de 2025, 18:37:31",Afternoon Workout,Treino,,3255,0,,,false,,,activities/14235577174.fit.gz,,,3255.0,3255.0,0.0,0.0,0.0,0.0,0.0,0.0,0.0,0.0,0.0,,,,,,,,,88.0,,,,,,,,,,,,,,,,0.0,,1.0,,,,,,,,,,,,,,,,,,,,,,,,,,,0.0,0.0,0.0,,,,,,,,,,,,,,,,,,,,,""
13328751445,"11 de jan. de 2025, 20:26:38",Afternoon Run,Corrida,"",2973,"8,01",,,false,,Adidas Adizero SL Adizero SL,activities/14215828565.fit.gz,,,2973.0,2973.0,8014.0,4.0,2.696,68.4,81.9,754.0,802.5,12.5,-0.2,,,,,,,,,613.0,,,,,,,,,,,,,,0.0,,0.0,,1.0,8115.5,,,,,,,,,,,,,,,,21177172.0,,,,,,,,,,0.0,2.696,605.0,,,,,,,,,2.73,,,,,,,,,,,,media/d5e4c1e8-6b04-43c3-b690-62a2929a4d7a.jpg
13347087925,"11 de jan. de 2025, 18:15:51",Afternoon Workout,Treino,,7539,0,,,false,,,activities/14235577369.fit.gz,,,7539.0,7539.0,0.0,0.0,0.0,0.0,0.0,0.0,0.0,0.0,0.0,,,,,,,,,154.0,,,,,,,,,,,,,,,,0.0,,1.0,,,,,,,,,,,,,,,,,,,,,,,,,,,0.0,0.0,0.0,,,,,,,,,,,,,,,,,,,,,""
13320407307,"10 de jan. de 2025, 22:08:43",Evening Run,Corrida,,3441,"10,01",,,false,,Adidas Adizero SL Adizero SL,activities/14206863829.fit.gz,,,3441.0,3266.0,10011.1,5.18,3.065,124.7,193.0,751.1,820.5,18.0,0.2,,,,,,,,,607.0,,,,,,,,,,,,,,,,0.0,,1.0,10317.9,,,,,,,,,,,,,,,,21177172.0,,,,,,,,,,0.0,2.909,499.9,,,,,,,,,3.159,,,,,,,,,,,,""
13320407251,"10 de jan. de 2025, 21:58:43",Evening Run,Corrida,,393,"1,10",,,false,,Adidas Adizero SL Adizero SL,activities/14206863785.fit.gz,,,393.0,390.0,1105.1,3.68,2.834,15.8,14.0,779.6,796.0,15.8,0.1,,,,,,,,,60.0,,,,,,,,,,,,,,,,0.0,,1.0,1149.3,,,,,,,,,,,,,,,,21177172.0,,,,,,,,,,0.0,2.812,0.0,,,,,,,,,2.947,,,,,,,,,,,,""
13320407210,"10 de jan. de 2025, 20:00:26",Afternoon Workout,Treino,,7058,0,,,false,,,activities/14206863761.fit.gz,,,7058.0,7058.0,0.0,0.0,0.0,0.0,0.0,0.0,0.0,0.0,0.0,,,,,,,,,227.0,,,,,,,,,,,,,,,,0.0,,1.0,,,,,,,,,,,,,,,,,,,,,,,,,,,0.0,0.0,0.0,,,,,,,,,,,,,,,,,,,,,""
13294196688,"7 de jan. de 2025, 19:53:47",Afternoon Run,Corrida,,6931,"21,00",,,false,,PUMA Velocity Nitro 3,activities/14178805852.fit.gz,,,6931.0,6893.0,21007.7,4.9,3.048,217.5,371.0,751.5,826.0,41.7,-0.1,,,,,,,,,1187.0,,,,,,,,,,,,,,,,0.0,,1.0,21372.4,,,,,,,,,,,,,,,,18352040.0,,,,,,,,,,0.0,3.031,177.3,,,,,,,,,3.101,,,,,,,,,,,,""
13294196028,"7 de jan. de 2025, 12:48:02",Morning Workout,Treino,,4920,0,,,false,,,activities/14178805686.fit.gz,,,4920.0,4920.0,0.0,0.0,0.0,0.0,0.0,0.0,0.0,0.0,0.0,,,,,,,,,217.0,,,,,,,,,,,,,,,,0.0,,1.0,,,,,,,,,,,,,,,,,,,,,,,,,,,0.0,0.0,0.0,,,,,,,,,,,,,,,,,,,,,""
13284667093,"6 de jan. de 2025, 20:10:10",Afternoon Run,Corrida,"",2807,"8,02",,,false,,Fila Racer T2 T2,activities/14168593589.fit.gz,,,2807.0,2807.0,8029.0,5.2,2.86,93.5,115.6,753.2,794.8,25.5,-0.3,,,,,,,,,585.0,,,,,,,,,,,,,,0.0,,0.0,,1.0,8301.4,,,,,,,,,,,,,,,,19912724.0,,,,,,,,,,0.0,2.86,664.0,,,,,,,,,2.957,,,,,,,,,,,,""
13284667062,"6 de jan. de 2025, 13:30:54",Morning Workout,Treino,,9740,0,,,false,,,activities/14168593539.fit.gz,,,9740.0,9740.0,0.0,0.0,0.0,0.0,0.0,0.0,0.0,0.0,0.0,,,,,,,,,575.0,,,,,,,,,,,,,,,,0.0,,1.0,,,,,,,,,,,,,,,,,,,,,,,,,,,0.0,0.0,0.0,,,,,,,,,,,,,,,,,,,,,""
13259178190,"3 de jan. de 2025, 20:29:23",Afternoon Ride,Pedalada,,9650,"61,24",,,false,,Show Gravel,activities/14141089217.fit.gz,,11.0,9650.0,9254.0,61241.0,14.4,6.618,210.8,18429.0,722.4,787.1,43.6,0.0,,,,,,,,192.0,1518.0,,,,,,,,,,,,,,,,0.0,,1.0,,,,,,,,,,,,,,,,10641974.0,,,,,,,,,,,0.0,6.346,639.0,,,,,,,,,,,,,,,,,,,,,""
13690834149,"3 de jan. de 2025, 20:28:33",Noite Passeio,Pedalada,,7547,"51,16",,,false,,Show Gravel,activities/14610031291.fit.gz,,11.0,7547.0,6996.0,51164.0,14.26,7.313,243.0,296.0,716.0,798.0,30.7,-0.1,,,,0.0,,,,236.0,1929.0,,27.0,,,,,,,,,,,,,,0.0,,1.0,,,,,,,,,,,,,,,,10641974.0,,,,,,,,,,,0.0,6.779,837.2,,,,,,,,,,,,,,,,,,,,,""
13259177951,"3 de jan. de 2025, 12:21:05",Morning Workout,Treino,,6129,0,,,false,,,activities/14141089106.fit.gz,,,6129.0,6129.0,0.0,0.0,0.0,0.0,0.0,0.0,0.0,0.0,0.0,,,,,,,,,298.0,,,,,,,,,,,,,,,,0.0,,1.0,,,,,,,,,,,,,,,,,,,,,,,,,,,0.0,0.0,0.0,,,,,,,,,,,,,,,,,,,,,""
13259178210,"2 de jan. de 2025, 17:59:55",Afternoon Run,Corrida,,1262,"2,94",,,false,,PUMA Velocity Nitro 3,activities/14141089456.fit.gz,,,1262.0,1121.0,2948.6,4.76,2.63,12.7,54.0,759.6,787.2,7.5,-0.7,,,,,,,,,195.0,,,,,,,,,,,,,,,,0.0,,1.0,2926.3,,,,,,,,,,,,,,,,18352040.0,,,,,,,,,,0.0,2.336,450.7,,,,,,,,,2.61,,,,,,,,,,,,""
13259178134,"2 de jan. de 2025, 17:48:57",Afternoon Run,Corrida,,655,"1,33",,,false,,PUMA Velocity Nitro 3,activities/14141089346.fit.gz,,,655.0,519.0,1333.0,4.12,2.568,32.4,33.0,779.6,802.5,19.5,0.8,,,,,,,,,76.0,,,,,,,,,,,,,,,,0.0,,1.0,1461.1,,,,,,,,,,,,,,,,18352040.0,,,,,,,,,,0.0,2.035,0.0,,,,,,,,,2.815,,,,,,,,,,,,""
13259178151,"2 de jan. de 2025, 11:41:54",Morning Workout,Treino,,10194,0,,,false,,,activities/14141089299.fit.gz,,,10194.0,10194.0,0.0,0.0,0.0,0.0,0.0,0.0,0.0,0.0,0.0,,,,,,,,,52.0,,,,,,,,,,,,,,,,0.0,,1.0,,,,,,,,,,,,,,,,,,,,,,,,,,,0.0,0.0,0.0,,,,,,,,,,,,,,,,,,,,,""
13238226331,"1 de jan. de 2025, 12:02:25",Morning Run,Corrida,"",3772,"10,14",,,false,,PUMA Velocity Nitro 3,activities/14118551952.fit.gz,,,3772.0,3647.0,10148.0,3.84,2.783,86.9,139.0,750.3,791.7,20.4,-0.1,,,,,,,,,641.0,,,,,,,,,,,,,,0.0,,0.0,,1.0,10298.6,,,,,,,,,,,,,,,,18352040.0,,,,,,,,,,0.0,2.69,604.3,,,,,,,,,2.824,,,,,,,,,,,,media/8b4977c8-2a7a-408b-a381-8d0cba029d2d.jpg
13238226432,"30 de dez. de 2024, 20:32:43",Afternoon Run,Corrida,,2509,"6,01",,,false,,PUMA Velocity Nitro 3,activities/14118552052.fit.gz,,,2509.0,2310.0,6012.3,4.1,2.603,57.2,204.0,757.5,802.5,50.0,-0.2,,,,,,,,,319.0,,,,,,,,,,,,,,,,0.0,,1.0,6154.6,,,,,,,,,,,,,,,,18352040.0,,,,,,,,,,0.0,2.396,666.6,,,,,,,,,2.664,,,,,,,,,,,,""
13232647188,"28 de dez. de 2024, 18:26:39",Afternoon Workout,Treino,,3338,0,,,false,,,activities/14112413661.fit.gz,,,3338.0,3338.0,0.0,0.0,0.0,0.0,0.0,0.0,0.0,0.0,0.0,,,,,,,,,265.0,,,,,,,,,,,,,,,,0.0,,1.0,,,,,,,,,,,,,,,,,,,,,,,,,,,0.0,0.0,0.0,,,,,,,,,,,,,,,,,,,,,""
13207407725,"28 de dez. de 2024, 10:41:01",Morning Run,Corrida,"",3766,"10,00",,,false,,Fila Racer T2 T2,activities/14085119293.fit.gz,,,3766.0,3441.0,10007.8,5.72,2.908,104.1,149.0,760.0,783.9,45.8,0.0,,,,,,,,,585.0,,,,,,,,,,,,,,0.0,,0.0,,1.0,10520.1,,,,,,,,,,,,,,,,19912724.0,,,,,,,,,,0.0,2.657,3261.0,,,,,,,,,3.057,,,,,,,,,,,,""
13207407654,"27 de dez. de 2024, 19:04:56",Afternoon Workout,Treino,,4774,0,,,false,,,activities/14085119366.fit.gz,,,4774.0,4774.0,0.0,0.0,0.0,0.0,0.0,0.0,0.0,0.0,0.0,,,,,,,,,124.0,,,,,,,,,,,,,,,,0.0,,1.0,,,,,,,,,,,,,,,,,,,,,,,,,,,0.0,0.0,0.0,,,,,,,,,,,,,,,,,,,,,""
13200838253,"27 de dez. de 2024, 12:39:38",Morning Run,Corrida,,4242,"12,12",,,false,,PUMA Velocity Nitro 3,activities/14078070535.fit.gz,,,4242.0,4092.0,12128.6,4.22,2.964,93.7,162.0,740.1,771.6,20.2,0.0,,,,,,,,,732.0,,,,,,,,,,,,,,,,0.0,,1.0,12319.2,,,,,,,,,,,,,,,,18352040.0,,,,,,,,,,0.0,2.859,815.3,,,,,,,,,3.011,,,,,,,,,,,,""
13200838018,"27 de dez. de 2024, 12:15:26",Morning Run,Corrida,,1271,"3,60",,,false,,PUMA Velocity Nitro 3,activities/14078070391.fit.gz,,,1271.0,1244.0,3607.1,4.0,2.9,54.7,75.0,764.1,819.8,24.0,-0.5,,,,,,,,,216.0,,,,,,,,,,,,,,,,0.0,,1.0,3762.3,,,,,,,,,,,,,,,,18352040.0,,,,,,,,,,0.0,2.838,14.6,,,,,,,,,3.024,,,,,,,,,,,,""
13200838194,"26 de dez. de 2024, 11:58:26",Morning Workout,Treino,,3821,0,,,false,,,activities/14078070577.fit.gz,,,3821.0,3821.0,0.0,0.0,0.0,0.0,0.0,0.0,0.0,0.0,0.0,,,,,,,,,40.0,,,,,,,,,,,,,,,,0.0,,1.0,,,,,,,,,,,,,,,,,,,,,,,,,,,0.0,0.0,0.0,,,,,,,,,,,,,,,,,,,,,""
13189776514,"25 de dez. de 2024, 21:15:47",Evening Run,Corrida,,2081,"6,01",,,false,,PUMA Velocity Nitro 3,activities/14066179486.fit.gz,,,2081.0,2066.0,6012.6,4.38,2.91,53.3,104.0,757.7,794.9,18.4,-0.2,,,,,,,,,320.0,,,,,,,,,,,,,,,,0.0,,1.0,6150.6,,,,,,,,,,,,,,,,18352040.0,,,,,,,,,,0.0,2.889,342.0,,,,,,,,,2.977,,,,,,,,,,,,""
13187677642,"25 de dez. de 2024, 11:46:44",Morning Ride,Pedalada,,8496,"54,94",,,false,,Show Gravel,activities/14063895264.fit.gz,,11.0,8496.0,7980.0,54946.0,16.76,6.885,172.2,767.0,722.4,787.3,48.9,0.0,,,,,,,,201.0,1247.0,,,,,,,,,,,,,,,,0.0,,1.0,,,,,,,,,,,,,,,,10641974.0,,,,,,,,,,,0.0,6.467,202.1,,,,,,,,,,,,,,,,,,,,,""
13184396121,"24 de dez. de 2024, 20:51:07",Afternoon Run,Corrida,"",3205,"10,00",,,false,,Fila Racer T2 T2,activities/14060342426.fit.gz,,,3205.0,3145.0,10008.2,4.94,3.182,81.9,151.0,750.0,783.2,16.8,-0.1,,,,,,,,,525.0,,,,,,,,,,,,,,0.0,,0.0,,1.0,10147.9,,,,,,,,,,,,,,,,19912724.0,,,,,,,,,,0.0,3.123,969.2,,,,,,,,,3.227,,,,,,,,,,,,""
13184396072,"24 de dez. de 2024, 20:35:54",Afternoon Run,Corrida,,861,"1,71",,,false,,PUMA Velocity Nitro 3,activities/14060342374.fit.gz,,,861.0,672.0,1713.6,3.54,2.55,31.5,20.0,765.7,795.0,20.5,0.9,,,,,,,,,83.0,,,,,,,,,,,,,,,,0.0,,1.0,1705.5,,,,,,,,,,,,,,,,18352040.0,,,,,,,,,,0.0,1.99,0.0,,,,,,,,,2.538,,,,,,,,,,,,""
13184396023,"24 de dez. de 2024, 12:05:22",Morning Workout,Treino,,4965,0,,,false,,,activities/14060342342.fit.gz,,,4965.0,4965.0,0.0,0.0,0.0,0.0,0.0,0.0,0.0,0.0,0.0,,,,,,,,,228.0,,,,,,,,,,,,,,,,0.0,,1.0,,,,,,,,,,,,,,,,,,,,,,,,,,,0.0,0.0,0.0,,,,,,,,,,,,,,,,,,,,,""
13184396015,"24 de dez. de 2024, 12:05:22",Morning Workout,Treino,,4965,0,,,false,,,activities/14060342404.fit.gz,,,4965.0,4965.0,0.0,0.0,0.0,0.0,0.0,0.0,0.0,0.0,0.0,,,,,,,,,228.0,,,,,,,,,,,,,,,,0.0,,1.0,,,,,,,,,,,,,,,,,,,,,,,,,,,0.0,0.0,0.0,,,,,,,,,,,,,,,,,,,,,""
13177688432,"23 de dez. de 2024, 21:39:06",Evening Run,Corrida,,4217,"11,08",,,false,,PUMA Velocity Nitro 3,activities/14053158812.fit.gz,,,4217.0,4172.0,11079.3,4.12,2.656,99.5,148.0,752.4,787.2,12.4,0.0,,,,,,,,,731.0,,,,,,,,,,,,,,,,0.0,,1.0,11279.9,,,,,,,,,,,,,,,,18352040.0,,,,,,,,,,0.0,2.627,677.7,,,,,,,,,2.704,,,,,,,,,,,,""
13177688334,"23 de dez. de 2024, 12:46:23",Morning Workout,Treino,,4619,0,,,false,,,activities/14053158755.fit.gz,,,4619.0,4619.0,0.0,0.0,0.0,0.0,0.0,0.0,0.0,0.0,0.0,,,,,,,,,165.0,,,,,,,,,,,,,,,,0.0,,1.0,,,,,,,,,,,,,,,,,,,,,,,,,,,0.0,0.0,0.0,,,,,,,,,,,,,,,,,,,,,""
13171015122,"22 de dez. de 2024, 20:20:24",Afternoon Run,Corrida,,3363,"10,00",,,false,,PUMA Velocity Nitro 3,activities/14045975666.fit.gz,,,3363.0,3239.0,10004.9,4.66,3.089,79.0,153.0,751.1,794.9,49.6,-0.2,,,,,,,,,523.0,,,,,,,,,,,,,,,,0.0,,1.0,10173.8,,,,,,,,,,,,,,,,18352040.0,,,,,,,,,,0.0,2.975,588.6,,,,,,,,,3.141,,,,,,,,,,,,""
13161490951,"21 de dez. de 2024, 12:02:38",Morning Run,Corrida,,4315,"12,00",,,false,,PUMA Velocity Nitro 3,activities/14035718523.fit.gz,,,4315.0,3983.0,12007.0,7.84,3.015,19.7,145.0,727.5,733.3,9.9,0.0,,,,,,,,,745.0,,,,,,,,,,,,,,,,0.0,,1.0,12036.8,,,,,,,,,,,,,,,,18352040.0,,,,,,,,,,0.0,2.783,1109.3,,,,,,,,,3.022,,,,,,,,,,,,""
13157322424,"20 de dez. de 2024, 17:36:41",Afternoon Run,Corrida,,793,"1,95",,,false,,PUMA Velocity Nitro 3,activities/14031237739.fit.gz,,,793.0,793.0,1950.0,3.12,2.459,0.0,0.0,0.0,0.0,0.0,0.0,,,,,,,,,120.0,,,,,,,,,,,,,,,,0.0,,1.0,1950.8,,,,,,,,,,,,,,,,18352040.0,,,,,,,,,,0.0,2.459,0.0,,,,,,,,,,,,,,,,,,,,,""
13157322425,"20 de dez. de 2024, 12:17:03",Morning Workout,Treino,,2367,0,,,false,,,activities/14031237716.fit.gz,,,2367.0,2367.0,0.0,0.0,0.0,0.0,0.0,0.0,0.0,0.0,0.0,,,,,,,,,133.0,,,,,,,,,,,,,,,,0.0,,1.0,,,,,,,,,,,,,,,,,,,,,,,,,,,0.0,0.0,0.0,,,,,,,,,,,,,,,,,,,,,""
13151010201,"19 de dez. de 2024, 19:07:36",Afternoon Run,Corrida,,3475,"10,05",,,false,,PUMA Velocity Nitro 3,activities/14024425759.fit.gz,,,3475.0,3443.0,10053.3,5.12,2.92,87.5,2546.0,752.4,802.5,15.4,-0.2,,,,,,,,,598.0,,,,,,,,,,,,,,,,0.0,,1.0,10216.4,,,,,,,,,,,,,,,,18352040.0,,,,,,,,,,0.0,2.893,599.3,,,,,,,,,2.967,,,,,,,,,,,,""
13151010177,"19 de dez. de 2024, 11:33:38",Morning Workout,Treino,,5913,0,,,false,,,activities/14024425791.fit.gz,,,5913.0,5913.0,0.0,0.0,0.0,0.0,0.0,0.0,0.0,0.0,0.0,,,,,,,,,311.0,,,,,,,,,,,,,,,,0.0,,1.0,,,,,,,,,,,,,,,,,,,,,,,,,,,0.0,0.0,0.0,,,,,,,,,,,,,,,,,,,,,""
13145676380,"18 de dez. de 2024, 23:57:46",Evening Run,Corrida,,774,"2,09",,,false,,PUMA Velocity Nitro 3,activities/14018686454.fit.gz,,,774.0,771.0,2098.1,3.86,2.721,24.3,65.0,758.5,777.2,18.3,0.5,,,,,,,,,130.0,,,,,,,,,,,,,,,,0.0,,1.0,2166.3,,,,,,,,,,,,,,,,18352040.0,,,,,,,,,,0.0,2.711,324.7,,,,,,,,,2.81,,,,,,,,,,,,""
13145676319,"18 de dez. de 2024, 23:24:56",Evening Run,Corrida,"",1883,"6,02",,,false,,Fila Racer T2 T2,activities/14018686421.fit.gz,,,1883.0,1815.0,6025.6,4.56,3.32,37.8,370.0,757.5,783.2,28.0,-0.3,,,,,,,,,350.0,,,,,,,,,,,,,,0.0,,0.0,,1.0,6111.1,,,,,,,,,,,,,,,,19912724.0,,,,,,,,,,0.0,3.2,451.8,,,,,,,,,3.367,,,,,,,,,,,,""
13145676374,"17 de dez. de 2024, 20:20:06",Afternoon Workout,Treino,,4669,0,,,false,,,activities/14018686490.fit.gz,,,4669.0,4669.0,0.0,0.0,0.0,0.0,0.0,0.0,0.0,0.0,0.0,,,,,,,,,198.0,,,,,,,,,,,,,,,,0.0,,1.0,,,,,,,,,,,,,,,,,,,,,,,,,,,0.0,0.0,0.0,,,,,,,,,,,,,,,,,,,,,""
13131423657,"16 de dez. de 2024, 22:02:32",Evening Run,Corrida,,3152,"8,03",,,false,,PUMA Velocity Nitro 3,activities/14003459044.fit.gz,,,3152.0,2992.0,8038.8,4.12,2.687,48.6,83.0,751.5,778.6,28.7,-0.1,,,,,,,,,474.0,,,,,,,,,,,,,,,,0.0,,1.0,8128.5,,,,,,,,,,,,,,,,18352040.0,,,,,,,,,,0.0,2.55,31.0,,,,,,,,,2.717,,,,,,,,,,,,""
13131423585,"16 de dez. de 2024, 20:18:46",Afternoon Workout,Treino,,4834,0,,,false,,,activities/14003459003.fit.gz,,,4834.0,4834.0,0.0,0.0,0.0,0.0,0.0,0.0,0.0,0.0,0.0,,,,,,,,,290.0,,,,,,,,,,,,,,,,0.0,,1.0,,,,,,,,,,,,,,,,,,,,,,,,,,,0.0,0.0,0.0,,,,,,,,,,,,,,,,,,,,,""
13124504163,"15 de dez. de 2024, 22:44:20",Evening Run,Corrida,,389,"1,03",,,false,,PUMA Velocity Nitro 3,activities/13996019544.fit.gz,,,389.0,386.0,1036.6,3.68,2.685,7.6,4.0,763.2,770.8,2.0,0.6,,,,,,,,,67.0,,,,,,,,,,,,,,,,0.0,,1.0,1052.8,,,,,,,,,,,,,,,,18352040.0,,,,,,,,,,0.0,2.665,0.0,,,,,,,,,2.727,,,,,,,,,,,,""
13124504397,"15 de dez. de 2024, 21:30:45",Evening Run,Corrida,,3961,"12,38",,,false,,PUMA Velocity Nitro 3,activities/13996019516.fit.gz,,,3961.0,3933.0,12387.0,4.44,3.15,155.3,227.0,760.1,817.0,15.9,-0.2,,,,,,,,,748.0,,,,,,,,,,,,,,,,0.0,,1.0,12677.6,,,,,,,,,,,,,,,,18352040.0,,,,,,,,,,0.0,3.127,114.9,,,,,,,,,3.223,,,,,,,,,,,,""
13116773140,"14 de dez. de 2024, 21:06:24",Evening Run,Corrida,,3505,"9,05",,,false,,PUMA Velocity Nitro 3,activities/13987765232.fit.gz,,,3505.0,3494.0,9056.1,3.46,2.592,82.9,153.0,754.0,802.5,21.5,-0.2,,,,,,,,,492.0,,,,,,,,,,,,,,,,0.0,,1.0,9188.5,,,,,,,,,,,,,,,,18352040.0,,,,,,,,,,0.0,2.584,1169.3,,,,,,,,,2.63,,,,,,,,,,,,""
13110457178,"13 de dez. de 2024, 22:55:34",Ela está de volta!!! 🚴,Pedalada,"",7051,"14,80",,,false,,Show Gravel,activities/13980949538.fit.gz,,11.0,7051.0,5265.0,14801.0,12.8,2.811,279.8,2112.0,729.0,799.2,42.0,0.4,,,,,,,,160.0,400.0,,,,,,,,,,,,,,0.0,,0.0,,1.0,,,,,,,,,,,,,,,,10641974.0,,,,,,,,,,,0.0,2.099,93.0,,,,,,,,,,,,,,,,,,,,,""
13095676371,"11 de dez. de 2024, 19:20:18",Afternoon Run,Corrida,,3099,"10,03",,,false,,PUMA Velocity Nitro 3,activities/13965140469.fit.gz,,,3099.0,3090.0,10033.0,4.68,3.247,134.5,192.0,751.5,824.3,19.0,-0.2,,,,,,,,,560.0,,,,,,,,,,,,,,,,0.0,,1.0,10375.6,,,,,,,,,,,,,,,,18352040.0,,,,,,,,,,0.0,3.237,548.3,,,,,,,,,3.358,,,,,,,,,,,,""
13089303799,"10 de dez. de 2024, 22:33:57",Evening Run,Corrida,,521,"1,50",,,false,,PUMA Velocity Nitro 3,activities/13958298979.fit.gz,,,521.0,518.0,1505.8,3.74,2.907,10.0,17.0,760.3,770.6,4.0,0.7,,,,,,,,,90.0,,,,,,,,,,,,,,,,0.0,,1.0,1532.6,,,,,,,,,,,,,,,,18352040.0,,,,,,,,,,0.0,2.89,0.0,,,,,,,,,2.959,,,,,,,,,,,,""
13089304328,"10 de dez. de 2024, 21:48:56",Evening Run,Corrida,,2662,"8,00",,,false,,PUMA Velocity Nitro 3,activities/13958298939.fit.gz,,,2662.0,2523.0,8008.0,5.54,3.174,68.0,148.0,757.5,794.9,20.0,-0.3,,,,,,,,,451.0,,,,,,,,,,,,,,,,0.0,,1.0,8181.4,,,,,,,,,,,,,,,,18352040.0,,,,,,,,,,0.0,3.008,560.1,,,,,,,,,3.243,,,,,,,,,,,,""
13089303651,"10 de dez. de 2024, 20:19:30",Afternoon Workout,Treino,,5383,0,,,false,,,activities/13958298820.fit.gz,,,5383.0,5383.0,0.0,0.0,0.0,0.0,0.0,0.0,0.0,0.0,0.0,,,,,,,,,200.0,,,,,,,,,,,,,,,,0.0,,1.0,,,,,,,,,,,,,,,,,,,,,,,,,,,0.0,0.0,0.0,,,,,,,,,,,,,,,,,,,,,""
13075570875,"8 de dez. de 2024, 21:09:37",Evening Run,Corrida,,3606,"10,03",,,false,,PUMA Velocity Nitro 3,activities/13943652828.fit.gz,,,3606.0,3575.0,10031.5,4.42,2.806,74.7,145.0,751.5,802.5,11.4,-0.1,,,,,,,,,553.0,,,,,,,,,,,,,,,,0.0,,1.0,10139.0,,,,,,,,,,,,,,,,18352040.0,,,,,,,,,,0.0,2.782,1100.6,,,,,,,,,2.836,,,,,,,,,,,,""
13068156224,"7 de dez. de 2024, 20:07:04",Afternoon Run,Corrida,,4059,"12,01",,,false,,PUMA Velocity Nitro 3,activities/13935764463.fit.gz,,,4059.0,4041.0,12017.2,5.44,2.974,184.7,253.0,763.2,826.0,16.3,0.2,,,,,,,,,730.0,,,,,,,,,,,,,,,,0.0,,1.0,12442.3,,,,,,,,,,,,,,,,18352040.0,,,,,,,,,,0.0,2.961,155.7,,,,,,,,,3.079,,,,,,,,,,,,""
13068156099,"7 de dez. de 2024, 18:19:15",Afternoon Workout,Treino,,3780,0,,,false,,,activities/13935764377.fit.gz,,,3780.0,3780.0,0.0,0.0,0.0,0.0,0.0,0.0,0.0,0.0,0.0,,,,,,,,,208.0,,,,,,,,,,,,,,,,0.0,,1.0,,,,,,,,,,,,,,,,,,,,,,,,,,,0.0,0.0,0.0,,,,,,,,,,,,,,,,,,,,,""
13068373699,"6 de dez. de 2024, 15:12:04",Lunch Workout,Treino,,2349,0,,,false,,,activities/13935999155.fit.gz,,,2349.0,2349.0,0.0,0.0,0.0,0.0,0.0,0.0,0.0,0.0,0.0,,,,,,,,,52.0,,,,,,,,,,,,,,,,0.0,,1.0,,,,,,,,,,,,,,,,,,,,,,,,,,,0.0,0.0,0.0,,,,,,,,,,,,,,,,,,,,,""
13068373639,"5 de dez. de 2024, 20:34:08",Afternoon Workout,Treino,,2745,0,,,false,,,activities/13935999126.fit.gz,,,2745.0,2745.0,0.0,0.0,0.0,0.0,0.0,0.0,0.0,0.0,0.0,,,,,,,,,55.0,,,,,,,,,,,,,,,,0.0,,1.0,,,,,,,,,,,,,,,,,,,,,,,,,,,0.0,0.0,0.0,,,,,,,,,,,,,,,,,,,,,""
13068373638,"3 de dez. de 2024, 20:35:00",Afternoon Workout,Treino,,4910,0,,,false,,,activities/13935999090.fit.gz,,,4910.0,4910.0,0.0,0.0,0.0,0.0,0.0,0.0,0.0,0.0,0.0,,,,,,,,,329.0,,,,,,,,,,,,,,,,0.0,,1.0,,,,,,,,,,,,,,,,,,,,,,,,,,,0.0,0.0,0.0,,,,,,,,,,,,,,,,,,,,,""
13033821158,"2 de dez. de 2024, 21:29:40",Evening Run,Corrida,"",5097,"15,05",,,false,,Fila Racer T2 T2,activities/13899081971.fit.gz,,,5097.0,5091.0,15052.1,4.24,2.957,158.5,256.0,743.6,794.9,27.0,0.0,,,,,,,,,881.0,,,,,,,,,,,,,,0.0,,0.0,,1.0,15505.0,,,,,,,,,,,,,,,,19912724.0,,,,,,,,,,0.0,2.953,1181.1,,,,,,,,,3.046,,,,,,,,,,,,""
13026911409,"1 de dez. de 2024, 21:19:05",Evening Run,Corrida,,4438,"12,00",,,false,,PUMA Velocity Nitro 3,activities/13891714713.fit.gz,,,4438.0,4403.0,12005.9,3.92,2.727,102.3,147.0,751.1,794.9,49.5,0.0,,,,,,,,,625.0,,,,,,,,,,,,,,,,0.0,,1.0,12210.1,,,,,,,,,,,,,,,,18352040.0,,,,,,,,,,0.0,2.705,325.4,,,,,,,,,2.773,,,,,,,,,,,,""
13018801792,"30 de nov. de 2024, 20:40:44",Afternoon Run,Corrida,"",3196,"10,01",,,false,,Fila Racer T2 T2,activities/13883000782.fit.gz,,,3196.0,3193.0,10012.6,4.66,3.136,103.3,272.0,753.2,794.9,21.9,-0.2,,,,,,,,,541.0,,,,,,,,,,,,,,0.0,,0.0,,1.0,10241.4,,,,,,,,,,,,,,,,19912724.0,,,,,,,,,,0.0,3.133,28.1,,,,,,,,,3.207,,,,,,,,,,,,""
13018801708,"30 de nov. de 2024, 18:41:19",Afternoon Workout,Treino,,4727,0,,,false,,,activities/13883000738.fit.gz,,,4727.0,4727.0,0.0,0.0,0.0,0.0,0.0,0.0,0.0,0.0,0.0,,,,,,,,,157.0,,,,,,,,,,,,,,,,0.0,,1.0,,,,,,,,,,,,,,,,,,,,,,,,,,,0.0,0.0,0.0,,,,,,,,,,,,,,,,,,,,,""
13018801733,"28 de nov. de 2024, 22:14:51",Evening Workout,Treino,,15302,0,,,false,,,activities/13883000691.fit.gz,,,15302.0,15302.0,0.0,0.0,0.0,0.0,0.0,0.0,0.0,0.0,0.0,,,,,,,,,523.0,,,,,,,,,,,,,,,,0.0,,1.0,,,,,,,,,,,,,,,,,,,,,,,,,,,0.0,0.0,0.0,,,,,,,,,,,,,,,,,,,,,""
12997906554,"27 de nov. de 2024, 20:13:01",Afternoon Run,Corrida,,2781,"8,01",,,false,,PUMA Velocity Nitro 3,activities/13860505294.fit.gz,,,2781.0,2633.0,8012.5,4.82,3.043,82.8,178.0,757.5,802.5,47.3,0.1,,,,,,,,,499.0,,,,,,,,,,,,,,,,0.0,,1.0,8217.7,,,,,,,,,,,,,,,,18352040.0,,,,,,,,,,0.0,2.881,471.7,,,,,,,,,3.121,,,,,,,,,,,,""
12983216469,"25 de nov. de 2024, 20:55:41",Afternoon Run,Corrida,,4097,"12,02",,,false,,PUMA Velocity Nitro 3,activities/13844822714.fit.gz,,,4097.0,4067.0,12019.1,4.46,2.955,183.1,309.0,763.2,826.0,15.4,0.0,,,,,,,,,704.0,,,,,,,,,,,,,,,,0.0,,1.0,12428.0,,,,,,,,,,,,,,,,18352040.0,,,,,,,,,,0.0,2.934,164.8,,,,,,,,,3.056,,,,,,,,,,,,""
12983216337,"25 de nov. de 2024, 18:50:13",Afternoon Workout,Treino,,4409,0,,,false,,,activities/13844822643.fit.gz,,,4409.0,4409.0,0.0,0.0,0.0,0.0,0.0,0.0,0.0,0.0,0.0,,,,,,,,,138.0,,,,,,,,,,,,,,,,0.0,,1.0,,,,,,,,,,,,,,,,,,,,,,,,,,,0.0,0.0,0.0,,,,,,,,,,,,,,,,,,,,,""
12991009139,"23 de nov. de 2024, 19:30:32",Afternoon Run,Corrida,,2026,"6,08",,,false,,PUMA Velocity Nitro 3,activities/13853148405.fit.gz,,,2026.0,2016.0,6085.1,5.28,3.018,54.0,101.0,757.5,802.5,26.2,-0.2,,,,,,,,,393.0,,,,,,,,,,,,,,,,0.0,,1.0,6203.1,,,,,,,,,,,,,,,,18352040.0,,,,,,,,,,0.0,3.004,592.5,,,,,,,,,3.077,,,,,,,,,,,,""
12991009039,"21 de nov. de 2024, 20:25:59",Afternoon Workout,Treino,,4398,0,,,false,,,activities/13853148362.fit.gz,,,4398.0,4398.0,0.0,0.0,0.0,0.0,0.0,0.0,0.0,0.0,0.0,,,,,,,,,182.0,,,,,,,,,,,,,,,,0.0,,1.0,,,,,,,,,,,,,,,,,,,,,,,,,,,0.0,0.0,0.0,,,,,,,,,,,,,,,,,,,,,""
12947159862,"20 de nov. de 2024, 19:57:23",Afternoon Run,Corrida,,3269,"10,01",,,false,,PUMA Velocity Nitro 3,activities/13806600752.fit.gz,,,3269.0,3200.0,10011.8,5.66,3.129,97.0,531.0,752.4,791.7,49.4,-0.1,,,,,,,,,569.0,,,,,,,,,,,,,,,,0.0,,1.0,10221.5,,,,,,,,,,,,,,,,18352040.0,,,,,,,,,,0.0,3.063,400.4,,,,,,,,,3.194,,,,,,,,,,,,""
12947159675,"20 de nov. de 2024, 19:50:44",Afternoon Run,Corrida,,486,"0,94",,,false,,PUMA Velocity Nitro 3,activities/13806600689.fit.gz,,,486.0,330.0,946.8,3.68,2.869,15.0,203.0,779.6,794.9,16.8,0.0,,,,,,,,,48.0,,,,,,,,,,,,,,,,0.0,,1.0,1018.8,,,,,,,,,,,,,,,,18352040.0,,,,,,,,,,0.0,1.948,0.0,,,,,,,,,3.087,,,,,,,,,,,,""
12947159560,"20 de nov. de 2024, 12:28:49",Morning Workout,Treino,,4767,0,,,false,,,activities/13806600589.fit.gz,,,4767.0,4767.0,0.0,0.0,0.0,0.0,0.0,0.0,0.0,0.0,0.0,,,,,,,,,275.0,,,,,,,,,,,,,,,,0.0,,1.0,,,,,,,,,,,,,,,,,,,,,,,,,,,0.0,0.0,0.0,,,,,,,,,,,,,,,,,,,,,""
12932524447,"18 de nov. de 2024, 21:25:51",Evening Run,Corrida,"",3330,"10,01",,,false,,Fila Racer T2 T2,activities/13790904591.fit.gz,,,3330.0,3290.0,10009.6,5.0,3.042,91.4,174.0,752.4,791.7,21.0,-0.1,,,,,,,,,606.0,,,,,,,,,,,,,,0.0,,0.0,,1.0,10195.6,,,,,,,,,,,,,,,,19912724.0,,,,,,,,,,0.0,3.006,473.1,,,,,,,,,3.099,,,,,,,,,,,,""
12932524254,"18 de nov. de 2024, 19:32:14",Afternoon Workout,Treino,,4095,0,,,false,,,activities/13790904481.fit.gz,,,4095.0,4095.0,0.0,0.0,0.0,0.0,0.0,0.0,0.0,0.0,0.0,,,,,,,,,92.0,,,,,,,,,,,,,,,,0.0,,1.0,,,,,,,,,,,,,,,,,,,,,,,,,,,0.0,0.0,0.0,,,,,,,,,,,,,,,,,,,,,""
12925065724,"17 de nov. de 2024, 19:56:00",Afternoon Run,Corrida,,735,"1,54",,,false,,PUMA Velocity Nitro 3,activities/13782850486.fit.gz,,,735.0,608.0,1545.0,3.28,2.541,12.0,2.0,757.8,770.4,38.8,0.8,,,,,,,,,103.0,,,,,,,,,,,,,,,,0.0,,1.0,1591.4,,,,,,,,,,,,,,,,18352040.0,,,,,,,,,,0.0,2.102,19.7,,,,,,,,,2.617,,,,,,,,,,,,""
12925065787,"17 de nov. de 2024, 18:43:11",Afternoon Run,Corrida,,4269,"12,07",,,false,,PUMA Velocity Nitro 3,activities/13782850461.fit.gz,,,4269.0,4135.0,12078.5,5.44,2.921,102.7,195.0,746.0,802.5,29.0,-0.2,,,,,,,,,738.0,,,,,,,,,,,,,,,,0.0,,1.0,12229.3,,,,,,,,,,,,,,,,18352040.0,,,,,,,,,,0.0,2.829,1107.3,,,,,,,,,2.958,,,,,,,,,,,,""
12916917795,"16 de nov. de 2024, 20:16:46",Afternoon Run,Corrida,,2885,"8,01",,,false,,PUMA Velocity Nitro 3,activities/13774036882.fit.gz,,,2885.0,2847.0,8010.2,4.16,2.814,64.9,84.0,757.1,794.9,27.0,0.0,,,,,,,,,460.0,,,,,,,,,,,,,,,,0.0,,1.0,8168.5,,,,,,,,,,,,,,,,18352040.0,,,,,,,,,,0.0,2.776,28.0,,,,,,,,,2.869,,,,,,,,,,,,""
12916917586,"16 de nov. de 2024, 18:38:39",Afternoon Workout,Treino,,5353,0,,,false,,,activities/13774036828.fit.gz,,,5353.0,5353.0,0.0,0.0,0.0,0.0,0.0,0.0,0.0,0.0,0.0,,,,,,,,,191.0,,,,,,,,,,,,,,,,0.0,,1.0,,,,,,,,,,,,,,,,,,,,,,,,,,,0.0,0.0,0.0,,,,,,,,,,,,,,,,,,,,,""
12912343842,"14 de nov. de 2024, 20:03:15",Afternoon Workout,Treino,,4735,0,,,false,,,activities/13769119539.fit.gz,,,4735.0,4735.0,0.0,0.0,0.0,0.0,0.0,0.0,0.0,0.0,0.0,,,,,,,,,170.0,,,,,,,,,,,,,,,,0.0,,1.0,,,,,,,,,,,,,,,,,,,,,,,,,,,0.0,0.0,0.0,,,,,,,,,,,,,,,,,,,,,""
12894613307,"13 de nov. de 2024, 20:22:29",Afternoon Run,Corrida,,2436,"8,03",,,false,,PUMA Velocity Nitro 3,activities/13750029819.fit.gz,,,2436.0,2424.0,8030.0,5.22,3.313,73.0,123.0,757.5,802.5,15.1,-0.1,,,,,,,,,428.0,,,,,,,,,,,,,,,,0.0,,1.0,8171.7,,,,,,,,,,,,,,,,18352040.0,,,,,,,,,,0.0,3.296,584.2,,,,,,,,,3.371,,,,,,,,,,,,""
12894613136,"13 de nov. de 2024, 19:12:57",Afternoon Workout,Treino,,4268,0,,,false,,,activities/13750029740.fit.gz,,,4268.0,4268.0,0.0,0.0,0.0,0.0,0.0,0.0,0.0,0.0,0.0,,,,,,,,,191.0,,,,,,,,,,,,,,,,0.0,,1.0,,,,,,,,,,,,,,,,,,,,,,,,,,,0.0,0.0,0.0,,,,,,,,,,,,,,,,,,,,,""
12894613353,"12 de nov. de 2024, 20:02:23",Afternoon Workout,Treino,,4493,0,,,false,,,activities/13750029936.fit.gz,,,4493.0,4493.0,0.0,0.0,0.0,0.0,0.0,0.0,0.0,0.0,0.0,,,,,,,,,286.0,,,,,,,,,,,,,,,,0.0,,1.0,,,,,,,,,,,,,,,,,,,,,,,,,,,0.0,0.0,0.0,,,,,,,,,,,,,,,,,,,,,""
12879455809,"11 de nov. de 2024, 22:02:56",Evening Run,Corrida,,2869,"8,01",,,false,,PUMA Velocity Nitro 3,activities/13733796806.fit.gz,,,2869.0,2829.0,8012.3,4.54,2.832,45.9,75.0,757.5,794.8,15.1,-0.1,,,,,,,,,436.0,,,,,,,,,,,,,,,,0.0,,1.0,8095.8,,,,,,,,,,,,,,,,18352040.0,,,,,,,,,,0.0,2.793,583.6,,,,,,,,,2.862,,,,,,,,,,,,""
12879455384,"11 de nov. de 2024, 19:08:58",Afternoon Workout,Treino,,7925,0,,,false,,,activities/13733796741.fit.gz,,,7925.0,7925.0,0.0,0.0,0.0,0.0,0.0,0.0,0.0,0.0,0.0,,,,,,,,,181.0,,,,,,,,,,,,,,,,0.0,,1.0,,,,,,,,,,,,,,,,,,,,,,,,,,,0.0,0.0,0.0,,,,,,,,,,,,,,,,,,,,,""
12879455563,"10 de nov. de 2024, 20:08:20",Afternoon Run,Corrida,,3843,"12,01",,,false,,PUMA Velocity Nitro 3,activities/13733796890.fit.gz,,,3843.0,3710.0,12011.0,5.02,3.237,101.4,169.0,750.0,802.5,46.5,-0.1,,,,,,,,,651.0,,,,,,,,,,,,,,,,0.0,,1.0,12173.6,,,,,,,,,,,,,,,,18352040.0,,,,,,,,,,0.0,3.125,880.3,,,,,,,,,3.281,,,,,,,,,,,,""
12863090412,"9 de nov. de 2024, 21:06:43",Evening Run,Corrida,,2760,"9,00",,,false,,PUMA Velocity Nitro 3,activities/13716177961.fit.gz,,,2760.0,2745.0,9007.1,5.24,3.281,64.8,108.0,751.5,796.0,22.0,-0.2,,,,,,,,,497.0,,,,,,,,,,,,,,,,0.0,,1.0,9131.2,,,,,,,,,,,,,,,,18352040.0,,,,,,,,,,0.0,3.263,40.8,,,,,,,,,3.326,,,,,,,,,,,,""
12848107527,"7 de nov. de 2024, 20:20:10",Afternoon Run,Corrida,,3168,"9,00",,,false,,PUMA Velocity Nitro 3,activities/13700030754.fit.gz,,,3168.0,3003.0,9007.9,4.68,3.0,110.3,152.0,754.0,802.5,42.6,-0.1,,,,,,,,,512.0,,,,,,,,,,,,,,,,0.0,,1.0,9302.2,,,,,,,,,,,,,,,,18352040.0,,,,,,,,,,0.0,2.843,914.8,,,,,,,,,3.098,,,,,,,,,,,,""
12848107816,"6 de nov. de 2024, 19:48:11",Afternoon Workout,Treino,,3571,0,,,false,,,activities/13700030940.fit.gz,,,3571.0,3571.0,0.0,0.0,0.0,0.0,0.0,0.0,0.0,0.0,0.0,,,,,,,,,156.0,,,,,,,,,,,,,,,,0.0,,1.0,,,,,,,,,,,,,,,,,,,,,,,,,,,0.0,0.0,0.0,,,,,,,,,,,,,,,,,,,,,""
12848107842,"5 de nov. de 2024, 22:07:16",Evening Run,Corrida,,3122,"9,00",,,false,,PUMA Velocity Nitro 3,activities/13700030873.fit.gz,,,3122.0,3091.0,9006.2,4.52,2.914,67.4,111.0,753.2,796.0,31.0,-0.1,,,,,,,,,565.0,,,,,,,,,,,,,,,,0.0,,1.0,9156.1,,,,,,,,,,,,,,,,18352040.0,,,,,,,,,,0.0,2.885,33.5,,,,,,,,,2.962,,,,,,,,,,,,""
12848107593,"5 de nov. de 2024, 20:22:37",Afternoon Workout,Treino,,4136,0,,,false,,,activities/13700030805.fit.gz,,,4136.0,4136.0,0.0,0.0,0.0,0.0,0.0,0.0,0.0,0.0,0.0,,,,,,,,,225.0,,,,,,,,,,,,,,,,0.0,,1.0,,,,,,,,,,,,,,,,,,,,,,,,,,,0.0,0.0,0.0,,,,,,,,,,,,,,,,,,,,,""
12824291528,"4 de nov. de 2024, 21:05:11",Evening Run,Corrida,,3878,"11,01",,,false,,PUMA Velocity Nitro 3,activities/13674524240.fit.gz,,,3878.0,3731.0,11013.0,5.64,2.952,131.8,179.0,757.8,794.9,16.0,-0.1,,,,,,,,,639.0,,,,,,,,,,,,,,,,0.0,,1.0,11305.2,,,,,,,,,,,,,,,,18352040.0,,,,,,,,,,0.0,2.84,31.4,,,,,,,,,3.03,,,,,,,,,,,,""
12824291382,"4 de nov. de 2024, 19:07:05",Afternoon Workout,Treino,,7164,0,,,false,,,activities/13674524171.fit.gz,,,7164.0,7164.0,0.0,0.0,0.0,0.0,0.0,0.0,0.0,0.0,0.0,,,,,,,,,210.0,,,,,,,,,,,,,,,,0.0,,1.0,,,,,,,,,,,,,,,,,,,,,,,,,,,0.0,0.0,0.0,,,,,,,,,,,,,,,,,,,,,""
12808099894,"2 de nov. de 2024, 20:30:36",Afternoon Run,Corrida,,3453,"10,01",,,false,,PUMA Velocity Nitro 3,activities/13657115381.fit.gz,,,3453.0,3314.0,10009.7,4.72,3.02,119.7,180.0,757.4,794.9,21.2,0.0,,,,,,,,,517.0,,,,,,,,,,,,,,,,0.0,,1.0,10347.4,,,,,,,,,,,,,,,,18352040.0,,,,,,,,,,0.0,2.899,69.5,,,,,,,,,3.122,,,,,,,,,,,,""
12808099761,"2 de nov. de 2024, 13:56:31",Morning Run,Corrida,,1210,"2,86",,,false,,PUMA Velocity Nitro 3,activities/13657115329.fit.gz,,,1210.0,1210.0,2866.0,3.12,2.369,0.0,0.0,0.0,0.0,0.0,0.0,,,,,,,,,205.0,,,,,,,,,,,,,,,,0.0,,1.0,2866.9,,,,,,,,,,,,,,,,18352040.0,,,,,,,,,,0.0,2.369,0.0,,,,,,,,,,,,,,,,,,,,,""
12808099753,"2 de nov. de 2024, 13:14:06",Morning Workout,Treino,,2455,0,,,false,,,activities/13657115292.fit.gz,,,2455.0,2455.0,0.0,0.0,0.0,0.0,0.0,0.0,0.0,0.0,0.0,,,,,,,,,67.0,,,,,,,,,,,,,,,,0.0,,1.0,,,,,,,,,,,,,,,,,,,,,,,,,,,0.0,0.0,0.0,,,,,,,,,,,,,,,,,,,,,""
12799850150,"1 de nov. de 2024, 20:26:35",Afternoon Run,Corrida,,1469,"5,00",,,false,,PUMA Velocity Nitro 3,activities/13648229835.fit.gz,,,1469.0,1455.0,5005.5,4.48,3.44,25.9,67.0,757.8,787.2,8.9,-0.2,,,,,,,,,265.0,,,,,,,,,,,,,,,,0.0,,1.0,5013.0,,,,,,,,,,,,,,,,18352040.0,,,,,,,,,,0.0,3.407,541.1,,,,,,,,,3.445,,,,,,,,,,,,""
12799850021,"1 de nov. de 2024, 20:19:09",Afternoon Run,Corrida,,420,"1,16",,,false,,PUMA Velocity Nitro 3,activities/13648229775.fit.gz,,,420.0,417.0,1168.7,3.88,2.803,20.0,20.0,779.2,801.7,12.1,1.9,,,,,,,,,62.0,,,,,,,,,,,,,,,,0.0,,1.0,1249.0,,,,,,,,,,,,,,,,18352040.0,,,,,,,,,,0.0,2.783,0.0,,,,,,,,,2.995,,,,,,,,,,,,""
12784896587,"30 de out. de 2024, 20:43:03",Afternoon Run,Corrida,,2047,"6,18",,,false,,PUMA Velocity Nitro 3,activities/13632083235.fit.gz,,,2047.0,1901.0,6187.4,4.66,3.255,69.0,85.0,757.5,802.5,11.5,0.4,,,,,,,,,378.0,,,,,,,,,,,,,,,,0.0,,1.0,6294.9,,,,,,,,,,,,,,,,18352040.0,,,,,,,,,,0.0,3.023,453.9,,,,,,,,,3.311,,,,,,,,,,,,""
12784896467,"30 de out. de 2024, 20:33:45",Afternoon Run,Corrida,,525,"1,46",,,false,,PUMA Velocity Nitro 3,activities/13632083170.fit.gz,,,525.0,522.0,1466.6,3.5,2.81,2.3,21.0,768.4,780.9,5.0,-0.7,,,,,,,,,75.0,,,,,,,,,,,,,,,,0.0,,1.0,1453.1,,,,,,,,,,,,,,,,18352040.0,,,,,,,,,,0.0,2.794,0.0,,,,,,,,,2.784,,,,,,,,,,,,""
12784896561,"30 de out. de 2024, 18:54:09",Afternoon Workout,Treino,,2868,0,,,false,,,activities/13632083304.fit.gz,,,2868.0,2868.0,0.0,0.0,0.0,0.0,0.0,0.0,0.0,0.0,0.0,,,,,,,,,49.0,,,,,,,,,,,,,,,,0.0,,1.0,,,,,,,,,,,,,,,,,,,,,,,,,,,0.0,0.0,0.0,,,,,,,,,,,,,,,,,,,,,""
12799849921,"29 de out. de 2024, 20:27:32",Afternoon Workout,Treino,,5584,0,,,false,,,activities/13648229707.fit.gz,,,5584.0,5584.0,0.0,0.0,0.0,0.0,0.0,0.0,0.0,0.0,0.0,,,,,,,,,142.0,,,,,,,,,,,,,,,,0.0,,1.0,,,,,,,,,,,,,,,,,,,,,,,,,,,0.0,0.0,0.0,,,,,,,,,,,,,,,,,,,,,""
12769479869,"28 de out. de 2024, 21:14:47",Regenerativo 🪶🪶🪶,Corrida,"",3122,"7,59",,,false,,PUMA Velocity Nitro 3,activities/13615555889.fit.gz,,,3122.0,2993.0,7594.2,3.558,2.537,78.4,105.0,757.8,795.0,23.8,0.0,,,,,,,,,528.0,,,,,,,,,,,,,,0.0,,0.0,,1.0,7816.1,,,,,,,,,,,,,,,,18352040.0,,,,,,,,,,0.0,2.432,394.8,,,,,,,,,2.611,,,,,,,,,,,,""
12768118391,"28 de out. de 2024, 19:18:34",Afternoon Workout,Treino,,3140,0,,,false,,,activities/13614117563.fit.gz,,,3140.0,3140.0,0.0,0.0,0.0,0.0,0.0,0.0,0.0,0.0,0.0,,,,,,,,,99.0,,,,,,,,,,,,,,,,0.0,,1.0,,,,,,,,,,,,,,,,,,,,,,,,,,,0.0,0.0,0.0,,,,,,,,,,,,,,,,,,,,,""
12758353864,"27 de out. de 2024, 13:37:28",Morning Run,Corrida,"",3147,"10,00",,,false,,PUMA Velocity Nitro 3,activities/13603545696.fit.gz,,,3147.0,3005.0,10008.2,5.38,3.331,83.2,115.0,746.1,772.3,21.6,0.1,,,,,,,,,553.0,,,,,,,,,,,,,,0.0,,0.0,,1.0,10175.9,,,,,,,,,,,,,,,,18352040.0,,,,,,,,,,0.0,3.18,338.5,,,,,,,,,3.386,,,,,,,,,,,,""
12758353632,"27 de out. de 2024, 13:24:21",Morning Run,Corrida,"",696,"2,01",,,false,,PUMA Velocity Nitro 3,activities/13603545583.fit.gz,,,696.0,693.0,2009.5,3.42,2.9,0.0,20.0,763.1,779.0,7.4,-0.8,,,,,,,,,123.0,,,,,,,,,,,,,,0.0,,0.0,,1.0,1985.7,,,,,,,,,,,,,,,,18352040.0,,,,,,,,,,0.0,2.887,0.0,,,,,,,,,2.865,,,,,,,,,,,,""
12744450351,"25 de out. de 2024, 21:20:03",Evening Run,Corrida,"",5050,"15,00",,,false,,PUMA Velocity Nitro 3,activities/13588415526.fit.gz,,,5050.0,5041.0,15006.1,4.32,2.977,121.3,215.0,746.1,795.0,27.7,0.1,,,,,,,,,892.0,,,,,,,,,,,,,,0.0,,0.0,,1.0,15245.4,,,,,,,,,,,,,,,,18352040.0,,,,,,,,,,0.0,2.972,348.3,,,,,,,,,3.024,,,,,,,,,,,,""
12744450273,"24 de out. de 2024, 20:24:54",Afternoon Workout,Treino,,4610,0,,,false,,,activities/13588415595.fit.gz,,,4610.0,4610.0,0.0,0.0,0.0,0.0,0.0,0.0,0.0,0.0,0.0,,,,,,,,,261.0,,,,,,,,,,,,,,,,0.0,,1.0,,,,,,,,,,,,,,,,,,,,,,,,,,,0.0,0.0,0.0,,,,,,,,,,,,,,,,,,,,,""
12729603120,"23 de out. de 2024, 20:36:27",Afternoon Run,Corrida,,3306,"10,01",,,false,,Fila Racer T2 T2,activities/13572432327.fit.gz,,,3306.0,3274.0,10014.2,5.36,3.059,75.6,119.0,751.5,794.5,40.5,0.1,,,,,,,,,606.0,,,,,,,,,,,,,,,,0.0,,1.0,10179.8,,,,,,,,,,,,,,,,19912724.0,,,,,,,,,,0.0,3.029,581.3,,,,,,,,,3.109,,,,,,,,,,,,""
12728777167,"23 de out. de 2024, 20:25:10",Afternoon Run,Corrida,,658,"1,69",,,false,,Fila Racer T2 T2,activities/13571561308.fit.gz,,,658.0,652.0,1698.1,3.56,2.604,29.1,35.0,779.7,802.6,12.4,0.3,,,,,,,,,108.0,,,,,,,,,,,,,,,,0.0,,1.0,1763.5,,,,,,,,,,,,,,,,19912724.0,,,,,,,,,,0.0,2.581,0.0,,,,,,,,,2.705,,,,,,,,,,,,""
12728777278,"22 de out. de 2024, 20:44:04",Afternoon Workout,Treino,,3153,0,,,false,,,activities/13571561376.fit.gz,,,3153.0,3153.0,0.0,0.0,0.0,0.0,0.0,0.0,0.0,0.0,0.0,,,,,,,,,37.0,,,,,,,,,,,,,,,,0.0,,1.0,,,,,,,,,,,,,,,,,,,,,,,,,,,0.0,0.0,0.0,,,,,,,,,,,,,,,,,,,,,""
12717931686,"21 de out. de 2024, 21:31:29",Evening Workout,Treino,,9764,0,,,false,,,activities/13559991487.fit.gz,,,9764.0,9764.0,0.0,0.0,0.0,0.0,0.0,0.0,0.0,0.0,0.0,,,,,,,,,1388.0,,,,,,,,,,,,,,,,0.0,,1.0,,,,,,,,,,,,,,,,,,,,,,,,,,,0.0,0.0,0.0,,,,,,,,,,,,,,,,,,,,,""
12713052594,"21 de out. de 2024, 21:30:30",Noite Passeio,Pedalada,,9691,"59,35",,,false,,Show Gravel,activities/13554742498.fit.gz,,11.0,9691.0,8452.0,59355.8,12.708,7.023,264.0,271.0,718.0,804.0,49.9,0.0,,,,0.0,,,,232.0,2235.0,,22.0,,,,,,,,,,,,,,0.0,,1.0,,,,,,,,,,,,,,,,10641974.0,,,,,,,,,,,0.0,6.125,115.4,,,,,,,,,,,,,,,,,,,,,""
12717931538,"21 de out. de 2024, 19:15:15",Afternoon Weight Training,Treinamento com peso,,3219,0,,,false,,,activities/13559991363.fit.gz,,,3219.0,3219.0,0.0,0.0,0.0,0.0,0.0,0.0,0.0,0.0,0.0,,,,,,,,,48.0,,,,,,,,,,,,,,,,0.0,,1.0,,,,,,,,,,,,,,,,,,,,,,,,,,,0.0,0.0,0.0,,,,,,,,,,,,,,,,,,,,,""
12705607552,"20 de out. de 2024, 21:21:51",Evening Run,Corrida,,3217,"10,01",,,false,,Fila Racer T2 T2,activities/13546730720.fit.gz,,,3217.0,3214.0,10011.2,4.3,3.115,84.1,150.0,751.5,795.0,14.5,-0.1,,,,,,,,,590.0,,,,,,,,,,,,,,,,0.0,,1.0,10163.1,,,,,,,,,,,,,,,,19912724.0,,,,,,,,,,0.0,3.112,576.6,,,,,,,,,3.162,,,,,,,,,,,,""
12705607599,"19 de out. de 2024, 19:58:24",Afternoon Run,Corrida,,2884,"8,03",,,false,,Fila Racer T2 T2,activities/13546730804.fit.gz,,,2884.0,2739.0,8036.3,3.92,2.934,91.7,121.0,757.5,802.6,13.2,-0.2,,,,,,,,,463.0,,,,,,,,,,,,,,,,0.0,,1.0,8223.9,,,,,,,,,,,,,,,,19912724.0,,,,,,,,,,0.0,2.787,1139.6,,,,,,,,,3.003,,,,,,,,,,,,""
12705607576,"17 de out. de 2024, 19:56:57",Afternoon Weight Training,Treinamento com peso,,5649,0,,,false,,,activities/13546730775.fit.gz,,,5649.0,5649.0,0.0,0.0,0.0,0.0,0.0,0.0,0.0,0.0,0.0,,,,,,,,,241.0,,,,,,,,,,,,,,,,0.0,,1.0,,,,,,,,,,,,,,,,,,,,,,,,,,,0.0,0.0,0.0,,,,,,,,,,,,,,,,,,,,,""
12705607536,"15 de out. de 2024, 23:00:15",Evening Run,Corrida,,642,"1,49",,,false,,Fila Racer T2 T2,activities/13546730752.fit.gz,,,642.0,597.0,1498.8,3.18,2.511,7.9,10.0,763.1,774.2,14.3,0.7,,,,,,,,,110.0,,,,,,,,,,,,,,,,0.0,,1.0,1518.0,,,,,,,,,,,,,,,,19912724.0,,,,,,,,,,0.0,2.335,0.0,,,,,,,,,2.543,,,,,,,,,,,,""
12665307407,"15 de out. de 2024, 22:16:32",Evening Run,Corrida,,2438,"8,13",,,false,,Fila Racer T2 T2,activities/13503486525.fit.gz,,,2438.0,2435.0,8129.8,5.5,3.339,71.4,111.0,753.3,783.2,14.8,0.0,,,,,,,,,480.0,,,,,,,,,,,,,,,,0.0,,1.0,8294.2,,,,,,,,,,,,,,,,19912724.0,,,,,,,,,,0.0,3.335,1096.4,,,,,,,,,3.406,,,,,,,,,,,,""
12665307334,"15 de out. de 2024, 21:58:46",Evening Run,Corrida,,975,"2,28",,,false,,Fila Racer T2 T2,activities/13503486457.fit.gz,,,975.0,842.0,2287.5,3.22,2.717,14.4,29.0,765.9,795.0,11.2,-0.6,,,,,,,,,121.0,,,,,,,,,,,,,,,,0.0,,1.0,2334.9,,,,,,,,,,,,,,,,19912724.0,,,,,,,,,,0.0,2.346,0.0,,,,,,,,,2.773,,,,,,,,,,,,""
12665307302,"15 de out. de 2024, 20:20:58",Afternoon Weight Training,Treinamento com peso,,5133,0,,,false,,,activities/13503486400.fit.gz,,,5133.0,5133.0,0.0,0.0,0.0,0.0,0.0,0.0,0.0,0.0,0.0,,,,,,,,,263.0,,,,,,,,,,,,,,,,0.0,,1.0,,,,,,,,,,,,,,,,,,,,,,,,,,,0.0,0.0,0.0,,,,,,,,,,,,,,,,,,,,,""
12656889395,"14 de out. de 2024, 19:58:56",Afternoon Run,Corrida,,3534,"10,01",,,false,,Fila Racer T2 T2,activities/13494497022.fit.gz,,,3534.0,3516.0,10011.4,4.08,2.847,8.0,114.0,780.7,788.7,12.6,0.1,,,,,,,,,523.0,,,,,,,,,,,,,,,,0.0,,1.0,10040.0,,,,,,,,,,,,,,,,19912724.0,,,,,,,,,,0.0,2.833,0.0,,,,,,,,,2.856,,,,,,,,,,,,""
12649255889,"13 de out. de 2024, 20:34:48",Afternoon Run,Corrida,,2613,"8,02",,,false,,Fila Racer T2 T2,activities/13486251733.fit.gz,,,2613.0,2593.0,8027.9,4.62,3.096,90.5,152.0,757.5,802.6,13.3,-0.2,,,,,,,,,447.0,,,,,,,,,,,,,,,,0.0,,1.0,8208.2,,,,,,,,,,,,,,,,19912724.0,,,,,,,,,,0.0,3.072,946.9,,,,,,,,,3.166,,,,,,,,,,,,""
12643804379,"13 de out. de 2024, 08:53:10",Morning Run,Corrida,,2550,"8,01",,,false,,Fila Racer T2 T2,activities/13480390417.fit.gz,,,2550.0,2547.0,8009.1,4.54,3.145,57.3,96.0,757.0,795.0,11.4,0.0,,,,,,,,,476.0,,,,,,,,,,,,,,,,0.0,,1.0,8106.5,,,,,,,,,,,,,,,,19912724.0,,,,,,,,,,0.0,3.141,29.7,,,,,,,,,3.183,,,,,,,,,,,,""
12643910559,"10 de out. de 2024, 20:29:31",Afternoon Weight Training,Treinamento com peso,,4473,0,,,false,,,activities/13480503363.fit.gz,,,4473.0,4473.0,0.0,0.0,0.0,0.0,0.0,0.0,0.0,0.0,0.0,,,,,,,,,187.0,,,,,,,,,,,,,,,,0.0,,1.0,,,,,,,,,,,,,,,,,,,,,,,,,,,0.0,0.0,0.0,,,,,,,,,,,,,,,,,,,,,""
12618036322,"9 de out. de 2024, 21:18:06",Evening Run,Corrida,,2520,"8,00",,,false,,PUMA Velocity Nitro 3,activities/13452597870.fit.gz,,,2520.0,2517.0,8008.3,4.52,3.182,67.5,98.0,757.6,795.0,21.5,0.0,,,,,,,,,460.0,,,,,,,,,,,,,,,,0.0,,1.0,8194.7,,,,,,,,,,,,,,,,18352040.0,,,,,,,,,,0.0,3.178,36.6,,,,,,,,,3.256,,,,,,,,,,,,""
12618036286,"9 de out. de 2024, 19:38:13",Afternoon Weight Training,Treinamento com peso,,3647,0,,,false,,,activities/13452597815.fit.gz,,,3647.0,3647.0,0.0,0.0,0.0,0.0,0.0,0.0,0.0,0.0,0.0,,,,,,,,,147.0,,,,,,,,,,,,,,,,0.0,,1.0,,,,,,,,,,,,,,,,,,,,,,,,,,,0.0,0.0,0.0,,,,,,,,,,,,,,,,,,,,,""
12618036345,"8 de out. de 2024, 20:42:50",Afternoon Weight Training,Treinamento com peso,,9118,0,,,false,,,activities/13452597911.fit.gz,,,9118.0,9118.0,0.0,0.0,0.0,0.0,0.0,0.0,0.0,0.0,0.0,,,,,,,,,312.0,,,,,,,,,,,,,,,,0.0,,1.0,,,,,,,,,,,,,,,,,,,,,,,,,,,0.0,0.0,0.0,,,,,,,,,,,,,,,,,,,,,""
12601499153,"7 de out. de 2024, 22:00:47",Evening Run,Corrida,"",3637,"10,11",,,false,,PUMA Velocity Nitro 3,activities/13435013402.fit.gz,,,3637.0,3598.0,10115.4,4.36,2.811,67.1,125.0,751.5,795.0,24.1,-0.1,,,,,,,,,613.0,,,,,,,,,,,,,,0.0,,0.0,,1.0,10262.4,,,,,,,,,,,,,,,,18352040.0,,,,,,,,,,0.0,2.781,34.2,,,,,,,,,2.852,,,,,,,,,,,,""
12601499107,"7 de out. de 2024, 19:30:36",Afternoon Weight Training,Treinamento com peso,,4060,0,,,false,,,activities/13435013333.fit.gz,,,4060.0,4060.0,0.0,0.0,0.0,0.0,0.0,0.0,0.0,0.0,0.0,,,,,,,,,76.0,,,,,,,,,,,,,,,,0.0,,1.0,,,,,,,,,,,,,,,,,,,,,,,,,,,0.0,0.0,0.0,,,,,,,,,,,,,,,,,,,,,""
12594580596,"6 de out. de 2024, 21:45:25",Evening Run,Corrida,,2561,"8,12",,,false,,PUMA Velocity Nitro 3,activities/13427616865.fit.gz,,,2561.0,2558.0,8128.6,5.82,3.178,49.3,101.0,752.0,780.0,22.7,-0.2,,,,,,,,,451.0,,,,,,,,,,,,,,,,0.0,,1.0,8223.5,,,,,,,,,,,,,,,,18352040.0,,,,,,,,,,0.0,3.174,41.5,,,,,,,,,3.215,,,,,,,,,,,,""
12594580547,"6 de out. de 2024, 12:37:43",Morning Weight Training,Treinamento com peso,,5164,0,,,false,,,activities/13427616841.fit.gz,,,5164.0,5164.0,0.0,0.0,0.0,0.0,0.0,0.0,0.0,0.0,0.0,,,,,,,,,180.0,,,,,,,,,,,,,,,,0.0,,1.0,,,,,,,,,,,,,,,,,,,,,,,,,,,0.0,0.0,0.0,,,,,,,,,,,,,,,,,,,,,""
12584784347,"4 de out. de 2024, 22:48:54",Evening Run,Corrida,,2864,"8,05",,,false,,PUMA Velocity Nitro 3,activities/13417098437.fit.gz,,,2864.0,2812.0,8052.9,3.96,2.864,77.0,124.0,757.7,795.0,13.7,0.0,,,,,,,,,456.0,,,,,,,,,,,,,,,,0.0,,1.0,8234.1,,,,,,,,,,,,,,,,18352040.0,,,,,,,,,,0.0,2.812,288.7,,,,,,,,,2.928,,,,,,,,,,,,""
12584784254,"4 de out. de 2024, 20:52:24",Afternoon Weight Training,Treinamento com peso,,5403,0,,,false,,,activities/13417098394.fit.gz,,,5403.0,5403.0,0.0,0.0,0.0,0.0,0.0,0.0,0.0,0.0,0.0,,,,,,,,,132.0,,,,,,,,,,,,,,,,0.0,,1.0,,,,,,,,,,,,,,,,,,,,,,,,,,,0.0,0.0,0.0,,,,,,,,,,,,,,,,,,,,,""
12584784230,"3 de out. de 2024, 20:25:50",Afternoon Weight Training,Treinamento com peso,,4757,0,,,false,,,activities/13417098358.fit.gz,,,4757.0,4757.0,0.0,0.0,0.0,0.0,0.0,0.0,0.0,0.0,0.0,,,,,,,,,193.0,,,,,,,,,,,,,,,,0.0,,1.0,,,,,,,,,,,,,,,,,,,,,,,,,,,0.0,0.0,0.0,,,,,,,,,,,,,,,,,,,,,""
12584784226,"2 de out. de 2024, 20:58:54",Afternoon Run,Corrida,,3575,"10,01",,,false,,PUMA Velocity Nitro 3,activities/13417098312.fit.gz,,,3575.0,3572.0,10011.7,4.28,2.803,81.2,130.0,751.5,795.0,34.5,-0.1,,,,,,,,,582.0,,,,,,,,,,,,,,,,0.0,,1.0,10229.7,,,,,,,,,,,,,,,,18352040.0,,,,,,,,,,0.0,2.8,535.2,,,,,,,,,2.864,,,,,,,,,,,,""
12584784218,"1 de out. de 2024, 20:01:11",Afternoon Run,Corrida,,2799,"8,12",,,false,,PUMA Velocity Nitro 3,activities/13417098269.fit.gz,,,2799.0,2776.0,8125.9,5.5,2.927,61.0,113.0,757.0,802.6,28.0,-0.2,,,,,,,,,507.0,,,,,,,,,,,,,,,,0.0,,1.0,8206.8,,,,,,,,,,,,,,,,18352040.0,,,,,,,,,,0.0,2.903,484.0,,,,,,,,,2.956,,,,,,,,,,,,""
12584784092,"1 de out. de 2024, 12:42:47",Morning Weight Training,Treinamento com peso,,5511,0,,,false,,,activities/13417098233.fit.gz,,,5511.0,5511.0,0.0,0.0,0.0,0.0,0.0,0.0,0.0,0.0,0.0,,,,,,,,,195.0,,,,,,,,,,,,,,,,0.0,,1.0,,,,,,,,,,,,,,,,,,,,,,,,,,,0.0,0.0,0.0,,,,,,,,,,,,,,,,,,,,,""
12584784037,"30 de set. de 2024, 20:48:27",Afternoon Weight Training,Treinamento com peso,,3698,0,,,false,,,activities/13417098195.fit.gz,,,3698.0,3698.0,0.0,0.0,0.0,0.0,0.0,0.0,0.0,0.0,0.0,,,,,,,,,76.0,,,,,,,,,,,,,,,,0.0,,1.0,,,,,,,,,,,,,,,,,,,,,,,,,,,0.0,0.0,0.0,,,,,,,,,,,,,,,,,,,,,""
12536057634,"29 de set. de 2024, 19:47:04",Afternoon Run,Corrida,,5276,"15,01",,,false,,PUMA Velocity Nitro 3,activities/13365786675.fit.gz,,,5276.0,5134.0,15017.5,4.6,2.925,132.7,272.0,747.5,802.6,12.9,-0.1,,,,,,,,,863.0,,,,,,,,,,,,,,,,0.0,,1.0,15223.8,,,,,,,,,,,,,,,,18352040.0,,,,,,,,,,0.0,2.846,1605.7,,,,,,,,,2.965,,,,,,,,,,,,""
12527114530,"28 de set. de 2024, 19:43:43",Afternoon Run,Corrida,,3433,"9,01",,,false,,PUMA Velocity Nitro 3,activities/13356250058.fit.gz,,,3433.0,3423.0,9009.4,4.258,2.632,79.5,123.0,753.3,779.3,21.0,-0.1,,,,,,,,,537.0,,,,,,,,,,,,,,,,0.0,,1.0,9199.8,,,,,,,,,,,,,,,,18352040.0,,,,,,,,,,0.0,2.624,430.2,,,,,,,,,2.688,,,,,,,,,,,,""
12519252066,"27 de set. de 2024, 22:15:38",Evening Run,Corrida,,2950,"9,01",,,false,,PUMA Velocity Nitro 3,activities/13347849393.fit.gz,,,2950.0,2947.0,9009.9,5.48,3.057,75.7,108.0,753.3,783.2,17.4,0.0,,,,,,,,,544.0,,,,,,,,,,,,,,,,0.0,,1.0,9187.5,,,,,,,,,,,,,,,,18352040.0,,,,,,,,,,0.0,3.054,506.5,,,,,,,,,3.118,,,,,,,,,,,,""
12519251882,"27 de set. de 2024, 21:56:21",Evening Run,Corrida,,1125,"3,12",,,false,,PUMA Velocity Nitro 3,activities/13347849258.fit.gz,,,1125.0,1081.0,3119.4,4.0,2.886,20.4,41.0,763.1,795.0,24.5,-0.5,,,,,,,,,208.0,,,,,,,,,,,,,,,,0.0,,1.0,3153.3,,,,,,,,,,,,,,,,18352040.0,,,,,,,,,,0.0,2.773,0.0,,,,,,,,,2.917,,,,,,,,,,,,""
12527114390,"25 de set. de 2024, 19:14:56",Afternoon Weight Training,Treinamento com peso,,3505,0,,,false,,,activities/13356250016.fit.gz,,,3505.0,3505.0,0.0,0.0,0.0,0.0,0.0,0.0,0.0,0.0,0.0,,,,,,,,,22.0,,,,,,,,,,,,,,,,0.0,,1.0,,,,,,,,,,,,,,,,,,,,,,,,,,,0.0,0.0,0.0,,,,,,,,,,,,,,,,,,,,,""
12496366038,"24 de set. de 2024, 22:55:09",Evening Run,Corrida,,801,"2,06",,,false,,PUMA Velocity Nitro 3,activities/13323437512.fit.gz,,,801.0,798.0,2064.2,4.14,2.587,18.0,11.0,762.8,780.9,16.4,0.8,,,,,,,,,144.0,,,,,,,,,,,,,,,,0.0,,1.0,2127.7,,,,,,,,,,,,,,,,18352040.0,,,,,,,,,,0.0,2.577,2.8,,,,,,,,,2.666,,,,,,,,,,,,""
12496366087,"24 de set. de 2024, 22:11:47",Evening Run,Corrida,,2577,"8,02",,,false,,PUMA Velocity Nitro 3,activities/13323437386.fit.gz,,,2577.0,2574.0,8025.2,5.34,3.118,52.0,83.0,751.5,779.7,19.5,-0.2,,,,,,,,,452.0,,,,,,,,,,,,,,,,0.0,,1.0,8128.1,,,,,,,,,,,,,,,,18352040.0,,,,,,,,,,0.0,3.114,114.4,,,,,,,,,3.158,,,,,,,,,,,,""
12496365900,"24 de set. de 2024, 22:03:57",Evening Run,Corrida,,435,"0,77",,,false,,PUMA Velocity Nitro 3,activities/13323437332.fit.gz,,,435.0,309.0,774.5,3.04,2.506,13.9,11.0,779.2,795.0,9.3,-0.2,,,,,,,,,42.0,,,,,,,,,,,,,,,,0.0,,1.0,832.2,,,,,,,,,,,,,,,,18352040.0,,,,,,,,,,0.0,1.78,0.0,,,,,,,,,2.693,,,,,,,,,,,,""
12487509007,"23 de set. de 2024, 21:56:13",Evening Run,Corrida,"",2345,"5,17",,,false,,,activities/13314025092.fit.gz,,,2345.0,2309.0,5171.0,3.44,2.239,17.1,68.0,756.7,795.0,15.0,-0.4,,,,,,,,,344.0,,,,,,,,,,,,,,0.0,,0.0,,1.0,5212.7,,,,,,,,,,,,,,,,,,,,,,,,,,0.0,2.205,124.4,,,,,,,,,2.258,,,,,,,,,,,,""
12487508982,"23 de set. de 2024, 21:53:49",Evening Run,Corrida,,133,"0,24",,,false,,PUMA Velocity Nitro 3,activities/13314025013.fit.gz,,,133.0,130.0,246.1,2.48,1.893,5.4,0.0,779.5,787.1,11.0,2.8,,,,,,,,,14.0,,,,,,,,,,,,,,,,0.0,,1.0,271.7,,,,,,,,,,,,,,,,18352040.0,,,,,,,,,,0.0,1.85,0.0,,,,,,,,,2.09,,,,,,,,,,,,""
12487508880,"23 de set. de 2024, 20:23:35",Afternoon Weight Training,Treinamento com peso,,1724,0,,,false,,,activities/13314024968.fit.gz,,,1724.0,1724.0,0.0,0.0,0.0,0.0,0.0,0.0,0.0,0.0,0.0,,,,,,,,,95.0,,,,,,,,,,,,,,,,0.0,,1.0,,,,,,,,,,,,,,,,,,,,,,,,,,,0.0,0.0,0.0,,,,,,,,,,,,,,,,,,,,,""
12479267133,"22 de set. de 2024, 20:12:30",Corrida vespertina,Corrida,,793,"2,04",,,false,,PUMA Velocity Nitro 3,activities/12479267133.gpx,,,793.0,776.0,2043.7,4.206,2.634,13.4,13.4,757.6,771.2,4.8,0.5,,,,,,,,,242.0,,,,,,,,,,,,,,0.0,,0.0,,1.0,2074.1,,,,,,,,,,,,,,,,18352040.0,,,,,,,,,,0.0,2.577,15.0,,,,,,,,,2.673,,,,,,,,,,,,""
12479205247,"22 de set. de 2024, 19:16:29",Corrida vespertina,Corrida,,3328,"10,07",,,false,,PUMA Velocity Nitro 3,activities/12479205247.gpx,,,3328.0,3325.0,10071.0,5.56,3.029,69.6,69.6,749.9,780.9,18.2,-0.2,,,,,,,,,1188.0,,,,,,,,,,,,,,0.0,,0.0,,1.0,10176.6,,,,,,,,,,,,,,,,18352040.0,,,,,,,,,,0.0,3.026,343.0,,,,,,,,,3.061,,,,,,,,,,,,""
12470310299,"21 de set. de 2024, 19:59:30",Afternoon Run,Corrida,,2644,"8,01",,,false,,PUMA Velocity Nitro 3,activities/13295636580.fit.gz,,,2644.0,2626.0,8019.0,5.36,3.054,70.9,97.0,757.0,802.6,19.9,-0.2,,,,,,,,,474.0,,,,,,,,,,,,,,,,0.0,,1.0,8139.1,,,,,,,,,,,,,,,,18352040.0,,,,,,,,,,0.0,3.033,630.9,,,,,,,,,3.099,,,,,,,,,,,,""
12446089868,"18 de set. de 2024, 22:36:02",Evening Run,Corrida,,711,"2,01",,,false,,PUMA Velocity Nitro 3,activities/13269715549.fit.gz,,,711.0,707.0,2015.1,3.76,2.85,23.8,28.0,757.6,772.6,14.0,0.5,,,,,,,,,121.0,,,,,,,,,,,,,,,,0.0,,1.0,2070.2,,,,,,,,,,,,,,,,18352040.0,,,,,,,,,,0.0,2.834,171.0,,,,,,,,,2.928,,,,,,,,,,,,""
12446089875,"18 de set. de 2024, 22:02:25",Evening Run,Corrida,,1762,"5,33",,,false,,PUMA Velocity Nitro 3,activities/13269715502.fit.gz,,,1762.0,1759.0,5332.1,4.02,3.031,120.2,127.0,757.0,791.0,21.5,0.0,,,,,,,,,333.0,,,,,,,,,,,,,,,,0.0,,1.0,5680.2,,,,,,,,,,,,,,,,18352040.0,,,,,,,,,,0.0,3.026,0.0,,,,,,,,,3.229,,,,,,,,,,,,""
12446089779,"18 de set. de 2024, 21:46:54",Evening Run,Corrida,,864,"2,37",,,false,,PUMA Velocity Nitro 3,activities/13269715462.fit.gz,,,864.0,846.0,2376.3,3.54,2.809,0.0,29.0,757.6,780.9,5.4,-0.9,,,,,,,,,136.0,,,,,,,,,,,,,,,,0.0,,1.0,2344.3,,,,,,,,,,,,,,,,18352040.0,,,,,,,,,,0.0,2.75,15.6,,,,,,,,,2.771,,,,,,,,,,,,""
12446089758,"18 de set. de 2024, 19:26:05",Afternoon Weight Training,Treinamento com peso,,4168,0,,,false,,,activities/13269715426.fit.gz,,,4168.0,4168.0,0.0,0.0,0.0,0.0,0.0,0.0,0.0,0.0,0.0,,,,,,,,,82.0,,,,,,,,,,,,,,,,0.0,,1.0,,,,,,,,,,,,,,,,,,,,,,,,,,,0.0,0.0,0.0,,,,,,,,,,,,,,,,,,,,,""
12428295328,"16 de set. de 2024, 21:40:46",Evening Run,Corrida,,2940,"8,01",,,false,,PUMA Velocity Nitro 3,activities/13250769512.fit.gz,,,2940.0,2937.0,8009.0,4.58,2.727,48.2,81.0,756.7,795.0,29.1,-0.2,,,,,,,,,541.0,,,,,,,,,,,,,,,,0.0,,1.0,8108.0,,,,,,,,,,,,,,,,18352040.0,,,,,,,,,,0.0,2.724,695.0,,,,,,,,,2.761,,,,,,,,,,,,""
12428295204,"16 de set. de 2024, 19:49:15",Afternoon Weight Training,Treinamento com peso,,6730,0,,,false,,,activities/13250769452.fit.gz,,,6730.0,6730.0,0.0,0.0,0.0,0.0,0.0,0.0,0.0,0.0,0.0,,,,,,,,,398.0,,,,,,,,,,,,,,,,0.0,,1.0,,,,,,,,,,,,,,,,,,,,,,,,,,,0.0,0.0,0.0,,,,,,,,,,,,,,,,,,,,,""
12419825726,"15 de set. de 2024, 18:54:38",Afternoon Run,Corrida,,3191,"10,01",,,false,,PUMA Velocity Nitro 3,activities/13241692785.fit.gz,,,3191.0,3188.0,10016.3,5.22,3.142,66.8,119.0,749.9,779.1,24.0,-0.1,,,,,,,,,589.0,,,,,,,,,,,,,,,,0.0,,1.0,10109.5,,,,,,,,,,,,,,,,18352040.0,,,,,,,,,,0.0,3.139,341.2,,,,,,,,,3.171,,,,,,,,,,,,""
12411749139,"14 de set. de 2024, 20:09:11",Afternoon Run,Corrida,,3168,"8,01",,,false,,PUMA Velocity Nitro 3,activities/13233066097.fit.gz,,,3168.0,3149.0,8014.3,3.68,2.545,72.3,119.0,757.0,802.6,11.2,-0.1,,,,,,,,,494.0,,,,,,,,,,,,,,,,0.0,,1.0,8134.7,,,,,,,,,,,,,,,,18352040.0,,,,,,,,,,0.0,2.53,478.2,,,,,,,,,2.583,,,,,,,,,,,,""
12402892395,"13 de set. de 2024, 21:16:29",Evening Run,Corrida,,3717,"11,01",,,false,,PUMA Velocity Nitro 3,activities/13223530420.fit.gz,,,3717.0,3689.0,11009.7,4.16,2.984,71.4,112.0,751.5,772.6,20.5,0.0,,,,,,,,,664.0,,,,,,,,,,,,,,,,0.0,,1.0,11129.3,,,,,,,,,,,,,,,,18352040.0,,,,,,,,,,0.0,2.962,1457.7,,,,,,,,,3.017,,,,,,,,,,,,""
12402892306,"13 de set. de 2024, 21:02:13",Evening Run,Corrida,,762,"2,03",,,false,,PUMA Velocity Nitro 3,activities/13223530328.fit.gz,,,762.0,759.0,2031.2,3.22,2.676,17.8,30.0,771.9,795.0,11.0,-0.4,,,,,,,,,105.0,,,,,,,,,,,,,,,,0.0,,1.0,2061.7,,,,,,,,,,,,,,,,18352040.0,,,,,,,,,,0.0,2.666,0.0,,,,,,,,,2.716,,,,,,,,,,,,""
12402892351,"12 de set. de 2024, 20:54:50",Afternoon Weight Training,Treinamento com peso,,4989,0,,,false,,,activities/13223530469.fit.gz,,,4989.0,4989.0,0.0,0.0,0.0,0.0,0.0,0.0,0.0,0.0,0.0,,,,,,,,,223.0,,,,,,,,,,,,,,,,0.0,,1.0,,,,,,,,,,,,,,,,,,,,,,,,,,,0.0,0.0,0.0,,,,,,,,,,,,,,,,,,,,,""
12387779224,"11 de set. de 2024, 22:11:00",Noite Passeio,Pedalada,,4022,"23,35",,,false,,Show Gravel,activities/13207275179.fit.gz,,11.0,4022.0,3936.0,23350.6,14.84,5.933,381.0,386.0,753.0,839.0,33.3,0.1,,,,0.0,,,,238.0,827.0,,25.0,,,,,,,,,,,,,,0.0,,1.0,,,,,,,,,,,,,,,,10641974.0,,,,,,,,,,,0.0,5.806,655.0,,,,,,,,,,,,,,,,,,,,,""
12379414701,"10 de set. de 2024, 22:25:31",Evening Run,Corrida,,2572,"8,00",,,false,,PUMA Velocity Nitro 3,activities/13198347953.fit.gz,,,2572.0,2569.0,8007.0,5.18,3.117,51.5,71.0,753.3,771.2,11.6,0.0,,,,,,,,,500.0,,,,,,,,,,,,,,,,0.0,,1.0,8094.3,,,,,,,,,,,,,,,,18352040.0,,,,,,,,,,0.0,3.113,112.1,,,,,,,,,3.151,,,,,,,,,,,,""
12379414602,"10 de set. de 2024, 22:11:48",Evening Run,Corrida,,767,"2,01",,,false,,PUMA Velocity Nitro 3,activities/13198347909.fit.gz,,,767.0,764.0,2011.8,3.4,2.633,19.7,19.0,767.6,795.0,19.4,-0.6,,,,,,,,,132.0,,,,,,,,,,,,,,,,0.0,,1.0,2067.5,,,,,,,,,,,,,,,,18352040.0,,,,,,,,,,0.0,2.623,0.0,,,,,,,,,2.706,,,,,,,,,,,,""
12379414597,"10 de set. de 2024, 20:19:50",Afternoon Weight Training,Treinamento com peso,,5483,0,,,false,,,activities/13198347832.fit.gz,,,5483.0,5483.0,0.0,0.0,0.0,0.0,0.0,0.0,0.0,0.0,0.0,,,,,,,,,245.0,,,,,,,,,,,,,,,,0.0,,1.0,,,,,,,,,,,,,,,,,,,,,,,,,,,0.0,0.0,0.0,,,,,,,,,,,,,,,,,,,,,""
12370738192,"9 de set. de 2024, 21:27:32",Evening Run,Corrida,,3951,"7,00",,,false,,PUMA Velocity Nitro 3,activities/13189206128.fit.gz,,,3951.0,3593.0,7003.5,4.6,1.949,61.3,350.0,757.5,795.0,31.7,0.0,,,,,,,,,469.0,,,,,,,,,,,,,,,,0.0,,1.0,7199.8,,,,,,,,,,,,,,,,18352040.0,,,,,,,,,,0.0,1.773,406.2,,,,,,,,,2.004,,,,,,,,,,,,""
12370738041,"9 de set. de 2024, 19:35:57",Afternoon Workout,Treino,,3414,"0,85",,,false,,,activities/13189206068.fit.gz,,,3414.0,3414.0,853.7,0.0,0.25,0.0,0.0,0.0,0.0,0.0,0.0,,,,,,,,,61.0,,,,,,,,,,,,,,,,0.0,,1.0,,,,,,,,,,,,,,,,,,,,,,,,,,,0.0,0.25,0.0,,,,,,,,,,,,,,,,,,,,,""
12362141884,"8 de set. de 2024, 19:48:54",Afternoon Run,Corrida,,2716,"8,01",,,false,,PUMA Velocity Nitro 3,activities/13179974807.fit.gz,,,2716.0,2691.0,8015.2,4.42,2.979,46.4,77.0,751.5,786.2,8.9,-0.2,,,,,,,,,549.0,,,,,,,,,,,,,,,,0.0,,1.0,8047.7,,,,,,,,,,,,,,,,18352040.0,,,,,,,,,,0.0,2.951,478.8,,,,,,,,,2.991,,,,,,,,,,,,""
12362141790,"8 de set. de 2024, 19:29:13",Afternoon Run,Corrida,,1154,"3,00",,,false,,PUMA Velocity Nitro 3,activities/13179974765.fit.gz,,,1154.0,1088.0,3005.1,5.66,2.762,38.9,63.0,778.7,802.6,10.7,0.0,,,,,,,,,193.0,,,,,,,,,,,,,,,,0.0,,1.0,3065.1,,,,,,,,,,,,,,,,18352040.0,,,,,,,,,,0.0,2.604,0.0,,,,,,,,,2.817,,,,,,,,,,,,""
12362141858,"7 de set. de 2024, 13:17:16",Morning Weight Training,Treinamento com peso,,6170,0,,,false,,,activities/13179974881.fit.gz,,,6170.0,6170.0,0.0,0.0,0.0,0.0,0.0,0.0,0.0,0.0,0.0,,,,,,,,,278.0,,,,,,,,,,,,,,,,0.0,,1.0,,,,,,,,,,,,,,,,,,,,,,,,,,,0.0,0.0,0.0,,,,,,,,,,,,,,,,,,,,,""
12345844573,"6 de set. de 2024, 18:22:16",Afternoon Weight Training,Treinamento com peso,,4107,0,,,false,,,activities/13162470939.fit.gz,,,4107.0,4107.0,0.0,0.0,0.0,0.0,0.0,0.0,0.0,0.0,0.0,,,,,,,,,78.0,,,,,,,,,,,,,,,,0.0,,1.0,,,,,,,,,,,,,,,,,,,,,,,,,,,0.0,0.0,0.0,,,,,,,,,,,,,,,,,,,,,""
12345844592,"5 de set. de 2024, 21:07:02",Evening Run,Corrida,,2696,"8,02",,,false,,PUMA Velocity Nitro 3,activities/13162470898.fit.gz,,,2696.0,2651.0,8024.7,5.02,3.027,66.4,104.0,757.5,783.2,13.9,-0.1,,,,,,,,,481.0,,,,,,,,,,,,,,,,0.0,,1.0,8177.8,,,,,,,,,,,,,,,,18352040.0,,,,,,,,,,0.0,2.977,214.1,,,,,,,,,3.085,,,,,,,,,,,,""
12345844548,"4 de set. de 2024, 21:56:54",Evening Run,Corrida,,2013,"6,01",,,false,,PUMA Velocity Nitro 3,activities/13162470865.fit.gz,,,2013.0,2010.0,6011.8,4.6,2.991,61.3,88.0,757.6,795.0,27.1,-0.2,,,,,,,,,375.0,,,,,,,,,,,,,,,,0.0,,1.0,6165.6,,,,,,,,,,,,,,,,18352040.0,,,,,,,,,,0.0,2.986,422.7,,,,,,,,,3.067,,,,,,,,,,,,""
12345844472,"4 de set. de 2024, 20:14:08",Afternoon Weight Training,Treinamento com peso,,3870,0,,,false,,,activities/13162470808.fit.gz,,,3870.0,3870.0,0.0,0.0,0.0,0.0,0.0,0.0,0.0,0.0,0.0,,,,,,,,,120.0,,,,,,,,,,,,,,,,0.0,,1.0,,,,,,,,,,,,,,,,,,,,,,,,,,,0.0,0.0,0.0,,,,,,,,,,,,,,,,,,,,,""
12345844475,"3 de set. de 2024, 21:25:40",Evening Run,Corrida,,3624,"10,00",,,false,,PUMA Velocity Nitro 3,activities/13162470778.fit.gz,,,3624.0,3608.0,10008.7,4.16,2.774,123.2,152.0,757.5,820.0,15.5,0.0,,,,,,,,,637.0,,,,,,,,,,,,,,,,0.0,,1.0,10343.9,,,,,,,,,,,,,,,,18352040.0,,,,,,,,,,0.0,2.762,194.0,,,,,,,,,2.867,,,,,,,,,,,,""
12345844441,"2 de set. de 2024, 21:28:57",Evening Run,Corrida,"",2677,"6,03",,,false,,,activities/13162470743.fit.gz,,,2677.0,2632.0,6036.7,3.56,2.294,24.3,62.0,757.5,780.9,9.0,-0.1,,,,,,,,,448.0,,,,,,,,,,,,,,0.0,,0.0,,1.0,6068.2,,,,,,,,,,,,,,,,,,,,,,,,,,0.0,2.255,183.4,,,,,,,,,2.306,,,,,,,,,,,,""
12301887007,"1 de set. de 2024, 19:22:21",Afternoon Run,Corrida,,4116,"12,01",,,false,,PUMA Velocity Nitro 3,activities/13113831119.fit.gz,,,4116.0,4110.0,12010.5,5.3,2.922,128.1,478.0,755.8,802.6,12.4,0.0,,,,,,,,,734.0,,,,,,,,,,,,,,,,0.0,,1.0,12247.1,,,,,,,,,,,,,,,,18352040.0,,,,,,,,,,0.0,2.918,980.4,,,,,,,,,2.98,,,,,,,,,,,,""
12293450212,"31 de ago. de 2024, 19:57:57",Afternoon Run,Corrida,,2629,"8,00",,,false,,PUMA Velocity Nitro 3,activities/13104836542.fit.gz,,,2629.0,2604.0,8007.6,4.52,3.075,84.7,127.0,757.5,802.6,13.0,-0.1,,,,,,,,,477.0,,,,,,,,,,,,,,,,0.0,,1.0,8147.5,,,,,,,,,,,,,,,,18352040.0,,,,,,,,,,0.0,3.046,853.2,,,,,,,,,3.129,,,,,,,,,,,,""
12293450190,"30 de ago. de 2024, 19:59:53",Afternoon Weight Training,Treinamento com peso,,3467,0,,,false,,,activities/13104836558.fit.gz,,,3467.0,3467.0,0.0,0.0,0.0,0.0,0.0,0.0,0.0,0.0,0.0,,,,,,,,,57.0,,,,,,,,,,,,,,,,0.0,,1.0,,,,,,,,,,,,,,,,,,,,,,,,,,,0.0,0.0,0.0,,,,,,,,,,,,,,,,,,,,,""
12284933279,"29 de ago. de 2024, 22:16:30",Evening Run,Corrida,,3241,"9,01",,,false,,PUMA Velocity Nitro 3,activities/13095906338.fit.gz,,,3241.0,3180.0,9018.4,4.78,2.836,76.3,104.0,753.4,795.0,23.2,0.0,,,,,,,,,601.0,,,,,,,,,,,,,,,,0.0,,1.0,9224.0,,,,,,,,,,,,,,,,18352040.0,,,,,,,,,,0.0,2.783,119.2,,,,,,,,,2.901,,,,,,,,,,,,""
12284933170,"29 de ago. de 2024, 20:24:12",Afternoon Weight Training,Treinamento com peso,,6277,0,,,false,,,activities/13095906287.fit.gz,,,6277.0,6277.0,0.0,0.0,0.0,0.0,0.0,0.0,0.0,0.0,0.0,,,,,,,,,206.0,,,,,,,,,,,,,,,,0.0,,1.0,,,,,,,,,,,,,,,,,,,,,,,,,,,0.0,0.0,0.0,,,,,,,,,,,,,,,,,,,,,""
12260624784,"27 de ago. de 2024, 21:14:20",Evening Run,Corrida,,3317,"10,00",,,false,,PUMA Velocity Nitro 3,activities/13069862797.fit.gz,,,3317.0,3314.0,10006.4,6.34,3.019,82.6,122.0,753.3,783.2,18.3,-0.1,,,,,,,,,615.0,,,,,,,,,,,,,,,,0.0,,1.0,10186.4,,,,,,,,,,,,,,,,18352040.0,,,,,,,,,,0.0,3.017,491.7,,,,,,,,,3.074,,,,,,,,,,,,""
12260624936,"26 de ago. de 2024, 22:07:32",Evening Run,Corrida,,3662,"10,01",,,false,,PUMA Velocity Nitro 3,activities/13069862951.fit.gz,,,3662.0,3577.0,10009.7,7.9,2.798,68.6,116.0,751.5,784.3,32.4,0.0,,,,,,,,,656.0,,,,,,,,,,,,,,,,0.0,,1.0,10138.3,,,,,,,,,,,,,,,,18352040.0,,,,,,,,,,0.0,2.733,41.7,,,,,,,,,2.834,,,,,,,,,,,,""
12260624883,"24 de ago. de 2024, 19:29:52",Afternoon Run,Corrida,,2606,"2,67",,,false,,PUMA Velocity Nitro 3,activities/13069862894.fit.gz,,,2606.0,2606.0,2678.0,3.12,1.028,0.0,0.0,0.0,0.0,0.0,0.0,,,,,,,,,337.0,,,,,,,,,,,,,,,,0.0,,1.0,2678.5,,,,,,,,,,,,,,,,18352040.0,,,,,,,,,,0.0,1.028,0.0,,,,,,,,,,,,,,,,,,,,,""
12260624816,"24 de ago. de 2024, 18:28:05",Afternoon Weight Training,Treinamento com peso,,3630,0,,,false,,,activities/13069862873.fit.gz,,,3630.0,3630.0,0.0,0.0,0.0,0.0,0.0,0.0,0.0,0.0,0.0,,,,,,,,,95.0,,,,,,,,,,,,,,,,0.0,,1.0,,,,,,,,,,,,,,,,,,,,,,,,,,,0.0,0.0,0.0,,,,,,,,,,,,,,,,,,,,,""
12218380182,"22 de ago. de 2024, 20:55:42",Afternoon Run,Corrida,,1943,"6,10",,,false,,PUMA Velocity Nitro 3,activities/13025873178.fit.gz,,,1943.0,1937.0,6104.3,4.54,3.151,22.8,72.0,757.5,780.9,6.7,-0.2,,,,,,,,,342.0,,,,,,,,,,,,,,,,0.0,,1.0,6107.5,,,,,,,,,,,,,,,,18352040.0,,,,,,,,,,0.0,3.142,1226.2,,,,,,,,,3.153,,,,,,,,,,,,""
12218380093,"22 de ago. de 2024, 19:36:24",Afternoon Weight Training,Treinamento com peso,,2056,0,,,false,,,activities/13025873104.fit.gz,,,2056.0,2056.0,0.0,0.0,0.0,0.0,0.0,0.0,0.0,0.0,0.0,,,,,,,,,29.0,,,,,,,,,,,,,,,,0.0,,1.0,,,,,,,,,,,,,,,,,,,,,,,,,,,0.0,0.0,0.0,,,,,,,,,,,,,,,,,,,,,""
12209506228,"21 de ago. de 2024, 22:14:13",Evening Run,Corrida,,799,"2,00",,,false,,PUMA Velocity Nitro 3,activities/13016666641.fit.gz,,,799.0,790.0,2008.2,3.66,2.542,20.0,10.0,760.6,780.9,12.5,0.9,,,,,,,,,138.0,,,,,,,,,,,,,,,,0.0,,1.0,2072.1,,,,,,,,,,,,,,,,18352040.0,,,,,,,,,,0.0,2.513,0.0,,,,,,,,,2.623,,,,,,,,,,,,""
12209506165,"21 de ago. de 2024, 21:28:14",Evening Run,Corrida,,2740,"8,17",,,false,,PUMA Velocity Nitro 3,activities/13016666590.fit.gz,,,2740.0,2725.0,8174.4,5.24,3.0,65.4,118.0,753.3,802.6,24.2,-0.3,,,,,,,,,481.0,,,,,,,,,,,,,,,,0.0,,1.0,8283.1,,,,,,,,,,,,,,,,18352040.0,,,,,,,,,,0.0,2.983,502.6,,,,,,,,,3.04,,,,,,,,,,,,""
12209506127,"21 de ago. de 2024, 19:29:48",Afternoon Weight Training,Treinamento com peso,,5948,0,,,false,,,activities/13016666538.fit.gz,,,5948.0,5948.0,0.0,0.0,0.0,0.0,0.0,0.0,0.0,0.0,0.0,,,,,,,,,140.0,,,,,,,,,,,,,,,,0.0,,1.0,,,,,,,,,,,,,,,,,,,,,,,,,,,0.0,0.0,0.0,,,,,,,,,,,,,,,,,,,,,""
12200494292,"20 de ago. de 2024, 20:36:49",Afternoon Run,Corrida,,3048,"8,04",,,false,,PUMA Velocity Nitro 3,activities/13007211063.fit.gz,,,3048.0,3039.0,8044.6,4.3,2.647,73.6,105.0,757.5,802.6,12.5,0.0,,,,,,,,,461.0,,,,,,,,,,,,,,,,0.0,,1.0,8179.2,,,,,,,,,,,,,,,,18352040.0,,,,,,,,,,0.0,2.639,446.6,,,,,,,,,2.691,,,,,,,,,,,,""
12191343975,"19 de ago. de 2024, 21:45:59",Evening Workout,Treino,,5174,0,,,false,,,activities/12997168788.fit.gz,,,5174.0,5174.0,0.0,0.0,0.0,0.0,0.0,0.0,0.0,0.0,0.0,,,,,,,,,871.0,,,,,,,,,,,,,,,,0.0,,1.0,,,,,,,,,,,,,,,,,,,,,,,,,,,0.0,0.0,0.0,,,,,,,,,,,,,,,,,,,,,""
12191336123,"19 de ago. de 2024, 21:45:58",Noite Passeio,Pedalada,,5030,"28,66",,,false,,Show Gravel,activities/12997160085.fit.gz,,11.0,5030.0,4931.0,28666.3,15.91,5.813,457.0,455.0,253.0,827.0,41.0,1.9,,,,0.0,,,,229.0,1014.0,,23.0,,,,,,,,,,,,,,0.0,,1.0,,,,,,,,,,,,,,,,10641974.0,,,,,,,,,,,2.0,5.699,511.0,,,,,,,,,,,,,,,,,,,,,""
12191343978,"19 de ago. de 2024, 19:07:25",Afternoon Weight Training,Treinamento com peso,,4790,0,,,false,,,activities/12997168737.fit.gz,,,4790.0,4790.0,0.0,0.0,0.0,0.0,0.0,0.0,0.0,0.0,0.0,,,,,,,,,195.0,,,,,,,,,,,,,,,,0.0,,1.0,,,,,,,,,,,,,,,,,,,,,,,,,,,0.0,0.0,0.0,,,,,,,,,,,,,,,,,,,,,""
12183629895,"18 de ago. de 2024, 21:39:06",Evening Run,Corrida,,3310,"10,00",,,false,,PUMA Velocity Nitro 3,activities/12988597433.fit.gz,,,3310.0,3304.0,10007.9,4.5,3.029,53.6,77.0,754.6,780.9,16.3,-0.1,,,,,,,,,601.0,,,,,,,,,,,,,,,,0.0,,1.0,10081.0,,,,,,,,,,,,,,,,18352040.0,,,,,,,,,,0.0,3.024,1037.3,,,,,,,,,3.051,,,,,,,,,,,,""
12165618145,"16 de ago. de 2024, 21:39:03",Corrida ao entardecer,Corrida,,793,"2,08",,,false,,PUMA Velocity Nitro 3,activities/12165618145.gpx,,,793.0,793.0,2086.7,3.952,2.631,17.3,17.3,757.6,775.7,7.1,0.9,,,,,,,,,250.0,,,,,,,,,,,,,,0.0,,0.0,,1.0,2139.1,,,,,,,,,,,,,,,,18352040.0,,,,,,,,,,0.0,2.631,20.6,,,,,,,,,2.697,,,,,,,,,,,,""
12165618096,"16 de ago. de 2024, 21:03:56",Corrida ao entardecer,Corrida,,2054,"6,10",,,false,,PUMA Velocity Nitro 3,activities/12165618096.gpx,,,2054.0,2043.0,6102.2,4.524,2.987,52.3,52.3,757.5,783.2,16.3,-0.3,,,,,,,,,726.0,,,,,,,,,,,,,,0.0,,0.0,,1.0,6218.1,,,,,,,,,,,,,,,,18352040.0,,,,,,,,,,0.0,2.971,326.9,,,,,,,,,3.044,,,,,,,,,,,,""
12183629835,"15 de ago. de 2024, 20:01:11",Afternoon Weight Training,Treinamento com peso,,4012,0,,,false,,,activities/12988597377.fit.gz,,,4012.0,4012.0,0.0,0.0,0.0,0.0,0.0,0.0,0.0,0.0,0.0,,,,,,,,,229.0,,,,,,,,,,,,,,,,0.0,,1.0,,,,,,,,,,,,,,,,,,,,,,,,,,,0.0,0.0,0.0,,,,,,,,,,,,,,,,,,,,,""
12140914418,"13 de ago. de 2024, 21:54:17",Evening Run,Corrida,,2517,"8,01",,,false,,PUMA Velocity Nitro 3,activities/12940387940.fit.gz,,,2517.0,2500.0,8009.7,5.44,3.204,61.0,119.0,757.5,783.2,17.0,-0.1,,,,,,,,,458.0,,,,,,,,,,,,,,,,0.0,,1.0,8145.0,,,,,,,,,,,,,,,,18352040.0,,,,,,,,,,0.0,3.182,961.5,,,,,,,,,3.258,,,,,,,,,,,,""
12140914391,"13 de ago. de 2024, 19:57:36",Afternoon Weight Training,Treinamento com peso,,3374,0,,,false,,,activities/12940387868.fit.gz,,,3374.0,3374.0,0.0,0.0,0.0,0.0,0.0,0.0,0.0,0.0,0.0,,,,,,,,,118.0,,,,,,,,,,,,,,,,0.0,,1.0,,,,,,,,,,,,,,,,,,,,,,,,,,,0.0,0.0,0.0,,,,,,,,,,,,,,,,,,,,,""
12131880314,"12 de ago. de 2024, 21:53:21",Evening Run,Corrida,,2712,"8,01",,,false,,PUMA Velocity Nitro 3,activities/12930936201.fit.gz,,,2712.0,2701.0,8014.6,4.7,2.967,138.1,151.0,766.5,817.1,11.3,0.3,,,,,,,,,496.0,,,,,,,,,,,,,,,,0.0,,1.0,8349.8,,,,,,,,,,,,,,,,18352040.0,,,,,,,,,,0.0,2.955,0.0,,,,,,,,,3.091,,,,,,,,,,,,""
12123798642,"11 de ago. de 2024, 21:04:45",Corrida ao entardecer,Corrida,,2790,"8,04",,,false,,PUMA Velocity Nitro 3,activities/12123798642.gpx,,,2790.0,2790.0,8039.2,4.076,2.881,52.4,52.4,753.3,780.9,31.2,-0.1,,,,,,,,,949.0,,,,,,,,,,,,,,0.0,,0.0,,1.0,8127.1,,,,,,,,,,,,,,,,18352040.0,,,,,,,,,,0.0,2.881,131.3,,,,,,,,,2.913,,,,,,,,,,,,""
12114612053,"10 de ago. de 2024, 20:08:53",Corrida vespertina,Corrida,,2762,"8,06",,,false,,PUMA Velocity Nitro 3,activities/12114612053.gpx,,,2762.0,2758.0,8065.1,3.952,2.924,65.4,65.4,757.5,802.6,10.8,-0.1,,,,,,,,,953.0,,,,,,,,,,,,,,0.0,,0.0,,1.0,8165.7,,,,,,,,,,,,,,,,18352040.0,,,,,,,,,,0.0,2.92,15.5,,,,,,,,,2.961,,,,,,,,,,,,""
12106341317,"9 de ago. de 2024, 21:18:12",Corrida ao entardecer,Corrida,,2506,"8,04",,,false,,PUMA Velocity Nitro 3,activities/12106341317.gpx,,,2506.0,2506.0,8045.9,4.322,3.211,59.6,59.6,753.3,779.9,16.0,-0.1,,,,,,,,,953.0,,,,,,,,,,,,,,0.0,,0.0,,1.0,8168.4,,,,,,,,,,,,,,,,18352040.0,,,,,,,,,,0.0,3.211,133.3,,,,,,,,,3.26,,,,,,,,,,,,""
12098659207,"8 de ago. de 2024, 21:03:31",Corrida ao entardecer,Corrida,,2690,"8,06",,,false,,PUMA Velocity Nitro 3,activities/12098659207.gpx,,,2690.0,2681.0,8066.9,4.368,3.009,62.0,62.1,757.5,783.2,16.0,-0.1,,,,,,,,,958.0,,,,,,,,,,,,,,0.0,,0.0,,1.0,8206.3,,,,,,,,,,,,,,,,18352040.0,,,,,,,,,,0.0,2.999,840.6,,,,,,,,,3.061,,,,,,,,,,,,""
12090368530,"7 de ago. de 2024, 21:36:57",Corrida ao entardecer,Corrida,,2607,"8,00",,,false,,PUMA Velocity Nitro 3,activities/12090368530.gpx,,,2607.0,2607.0,8008.8,4.328,3.072,63.4,63.4,757.2,780.2,15.9,-0.1,,,,,,,,,951.0,,,,,,,,,,,,,,0.0,,0.0,,1.0,8146.2,,,,,,,,,,,,,,,,18352040.0,,,,,,,,,,0.0,3.072,1235.3,,,,,,,,,3.125,,,,,,,,,,,,""
12072161588,"5 de ago. de 2024, 21:09:56",Corrida ao entardecer,Corrida,"",2762,"8,07",,,false,,PUMA Velocity Nitro 3,activities/12072161588.gpx,,,2762.0,2741.0,8069.9,7.572,2.944,101.0,78.9,753.3,820.0,19.3,0.3,,,,,,,,,971.0,,,,,,,,,,,,,,0.0,,0.0,,1.0,8321.3,,,,,,,,,,,,,,,,18352040.0,,,,,,,,,,0.0,2.922,368.4,,,,,,,,,3.036,,,,,,,,,,,,media/ee72827c-2a2c-4596-bd45-6c3cb84c322d.jpg
12046808884,"2 de ago. de 2024, 21:15:56",Evening Run,Corrida,,423,"1,00",,,false,,PUMA Velocity Nitro 3,activities/12841778366.fit.gz,,,423.0,420.0,1007.9,2.88,2.4,11.9,180.0,766.0,779.8,10.5,1.4,,,,,,,,,74.0,,,,,,,,,,,,,,,,0.0,,1.0,1052.8,,,,,,,,,,,,,,,,18352040.0,,,,,,,,,,0.0,2.383,0.0,,,,,,,,,2.507,,,,,,,,,,,,""
12046808856,"2 de ago. de 2024, 20:18:36",Afternoon Run,Corrida,,3426,"10,01",,,false,,PUMA Velocity Nitro 3,activities/12841778330.fit.gz,,,3426.0,3408.0,10014.5,4.1,2.939,73.5,1947.0,750.0,780.1,28.4,-0.1,,,,,,,,,613.0,,,,,,,,,,,,,,,,0.0,,1.0,10132.0,,,,,,,,,,,,,,,,18352040.0,,,,,,,,,,0.0,2.923,353.2,,,,,,,,,2.973,,,,,,,,,,,,""
12046808941,"1 de ago. de 2024, 20:24:47",Afternoon Run,Corrida,,1565,"6,07",,,false,,PUMA Velocity Nitro 3,activities/12841778485.fit.gz,,,1565.0,1565.0,6076.0,4.66,3.882,0.0,0.0,0.0,0.0,0.0,0.0,,,,,,,,,272.0,,,,,,,,,,,,,,,,0.0,,1.0,6076.5,,,,,,,,,,,,,,,,18352040.0,,,,,,,,,,0.0,3.882,0.0,,,,,,,,,,,,,,,,,,,,,""
12046808975,"30 de jul. de 2024, 20:57:11",Afternoon Run,Corrida,,2762,"8,02",,,false,,PUMA Velocity Nitro 3,activities/12841778454.fit.gz,,,2762.0,2756.0,8020.9,4.76,2.91,54.4,79.0,753.3,779.7,21.9,-0.1,,,,,,,,,523.0,,,,,,,,,,,,,,,,0.0,,1.0,8122.5,,,,,,,,,,,,,,,,18352040.0,,,,,,,,,,0.0,2.904,135.5,,,,,,,,,2.947,,,,,,,,,,,,""
12014671479,"29 de jul. de 2024, 22:28:53",Noite Passeio,Pedalada,,9346,"21,13",,,false,,Show Gravel,activities/12808358508.fit.gz,,11.0,9346.0,6164.0,21135.0,15.14,3.429,371.0,358.0,760.0,830.0,49.0,0.1,,,156.0,52.0,,,,117.0,676.0,,17.0,,,,,,,,,,,,,,0.0,,1.0,,,,,,,,,,,,,,,,10641974.0,,,,,,,,,,,0.0,2.261,565.1,,,,,,,,,,,,,,,,,,,,,""
12046808948,"29 de jul. de 2024, 19:23:05",Afternoon Weight Training,Treinamento com peso,,4306,0,,,false,,,activities/12841778432.fit.gz,,,4306.0,4306.0,0.0,0.0,0.0,0.0,0.0,0.0,0.0,0.0,0.0,,,,,,,,,148.0,,,,,,,,,,,,,,,,0.0,,1.0,,,,,,,,,,,,,,,,,,,,,,,,,,,0.0,0.0,0.0,,,,,,,,,,,,,,,,,,,,,""
12046808927,"28 de jul. de 2024, 20:08:50",Afternoon Run,Corrida,,3752,"10,01",,,false,,PUMA Velocity Nitro 3,activities/12841778409.fit.gz,,,3752.0,3730.0,10015.8,4.72,2.685,84.0,108.0,757.1,802.6,12.1,0.0,,,,,,,,,604.0,,,,,,,,,,,,,,,,0.0,,1.0,10158.4,,,,,,,,,,,,,,,,18352040.0,,,,,,,,,,0.0,2.669,482.9,,,,,,,,,2.723,,,,,,,,,,,,""
11989212249,"26 de jul. de 2024, 21:44:21",Evening Run,Corrida,,3461,"10,01",,,false,,PUMA Velocity Nitro 3,activities/12781832616.fit.gz,,,3461.0,3441.0,10010.9,4.62,2.909,167.5,164.0,765.3,821.8,21.1,0.3,,,,,,,,,631.0,,,,,,,,,,,,,,,,0.0,,1.0,10457.0,,,,,,,,,,,,,,,,18352040.0,,,,,,,,,,0.0,2.892,170.8,,,,,,,,,3.039,,,,,,,,,,,,""
11989212174,"26 de jul. de 2024, 19:38:54",Afternoon Weight Training,Treinamento com peso,,4590,0,,,false,,,activities/12781832575.fit.gz,,,4590.0,4590.0,0.0,0.0,0.0,0.0,0.0,0.0,0.0,0.0,0.0,,,,,,,,,89.0,,,,,,,,,,,,,,,,0.0,,1.0,,,,,,,,,,,,,,,,,,,,,,,,,,,0.0,0.0,0.0,,,,,,,,,,,,,,,,,,,,,""
11973356232,"24 de jul. de 2024, 21:59:09",Evening Run,Corrida,,2997,"9,01",,,false,,PUMA Velocity Nitro 3,activities/12765353489.fit.gz,,,2997.0,2991.0,9012.3,4.24,3.013,67.5,103.0,751.5,778.9,21.3,-0.1,,,,,,,,,547.0,,,,,,,,,,,,,,,,0.0,,1.0,9175.2,,,,,,,,,,,,,,,,18352040.0,,,,,,,,,,0.0,3.007,394.2,,,,,,,,,3.068,,,,,,,,,,,,""
11955399752,"22 de jul. de 2024, 21:34:51",Evening Run,Corrida,,249,"0,63",,,false,,PUMA Velocity Nitro 3,activities/12746781121.fit.gz,,,249.0,246.0,638.6,3.16,2.596,10.8,51.0,769.9,780.9,10.2,1.6,,,,,,,,,55.0,,,,,,,,,,,,,,,,0.0,,1.0,675.7,,,,,,,,,,,,,,,,18352040.0,,,,,,,,,,0.0,2.565,0.0,,,,,,,,,2.747,,,,,,,,,,,,""
11955399794,"22 de jul. de 2024, 20:47:40",Afternoon Run,Corrida,,2731,"8,26",,,false,,PUMA Velocity Nitro 3,activities/12746781103.fit.gz,,,2731.0,2728.0,8266.8,4.96,3.03,49.7,92.0,751.5,779.1,27.8,-0.1,,,,,,,,,523.0,,,,,,,,,,,,,,,,0.0,,1.0,8351.8,,,,,,,,,,,,,,,,18352040.0,,,,,,,,,,0.0,3.027,42.3,,,,,,,,,3.062,,,,,,,,,,,,""
11955399738,"22 de jul. de 2024, 18:33:49",Afternoon Weight Training,Treinamento com peso,,2639,0,,,false,,,activities/12746781088.fit.gz,,,2639.0,2639.0,0.0,0.0,0.0,0.0,0.0,0.0,0.0,0.0,0.0,,,,,,,,,91.0,,,,,,,,,,,,,,,,0.0,,1.0,,,,,,,,,,,,,,,,,,,,,,,,,,,0.0,0.0,0.0,,,,,,,,,,,,,,,,,,,,,""
11947715527,"21 de jul. de 2024, 21:13:06",Evening Run,Corrida,"",2634,"8,00",,,false,,Adidas Duramo rc,activities/12738795995.fit.gz,,,2634.0,2631.0,8007.8,6.4,3.044,54.6,101.0,753.3,779.4,29.0,-0.1,,,,,,,,,519.0,,,,,,,,,,,,,,0.0,,0.0,,1.0,8109.0,,,,,,,,,,,,,,,,17123252.0,,,,,,,,,,0.0,3.04,128.4,,,,,,,,,3.082,,,,,,,,,,,,""
11947802343,"20 de jul. de 2024, 19:24:37",Afternoon Run,Corrida,,1519,"6,01",,,false,,PUMA Velocity Nitro 3,activities/12738886600.fit.gz,,,1519.0,1519.0,6012.0,4.86,3.958,0.0,0.0,0.0,0.0,0.0,0.0,,,,,,,,,269.0,,,,,,,,,,,,,,,,0.0,,1.0,6012.5,,,,,,,,,,,,,,,,18352040.0,,,,,,,,,,0.0,3.958,0.0,,,,,,,,,,,,,,,,,,,,,""
11947802341,"20 de jul. de 2024, 18:31:39",Afternoon Weight Training,Treinamento com peso,,3120,0,,,false,,,activities/12738886607.fit.gz,,,3120.0,3120.0,0.0,0.0,0.0,0.0,0.0,0.0,0.0,0.0,0.0,,,,,,,,,101.0,,,,,,,,,,,,,,,,0.0,,1.0,,,,,,,,,,,,,,,,,,,,,,,,,,,0.0,0.0,0.0,,,,,,,,,,,,,,,,,,,,,""
11930865784,"19 de jul. de 2024, 22:14:47",Evening Run,Corrida,,2924,"7,00",,,false,,PUMA Velocity Nitro 3,activities/12721254508.fit.gz,,,2924.0,2792.0,7007.7,3.62,2.51,68.8,153.0,757.6,791.0,24.5,0.0,,,,,,,,,480.0,,,,,,,,,,,,,,,,0.0,,1.0,7131.5,,,,,,,,,,,,,,,,18352040.0,,,,,,,,,,0.0,2.397,397.1,,,,,,,,,2.554,,,,,,,,,,,,""
11930865757,"19 de jul. de 2024, 20:16:41",Afternoon Weight Training,Treinamento com peso,,3777,0,,,false,,,activities/12721254487.fit.gz,,,3777.0,3777.0,0.0,0.0,0.0,0.0,0.0,0.0,0.0,0.0,0.0,,,,,,,,,110.0,,,,,,,,,,,,,,,,0.0,,1.0,,,,,,,,,,,,,,,,,,,,,,,,,,,0.0,0.0,0.0,,,,,,,,,,,,,,,,,,,,,""
11930954723,"18 de jul. de 2024, 19:40:34",Afternoon Weight Training,Treinamento com peso,,2874,0,,,false,,,activities/12721346361.fit.gz,,,2874.0,2874.0,0.0,0.0,0.0,0.0,0.0,0.0,0.0,0.0,0.0,,,,,,,,,104.0,,,,,,,,,,,,,,,,0.0,,1.0,,,,,,,,,,,,,,,,,,,,,,,,,,,0.0,0.0,0.0,,,,,,,,,,,,,,,,,,,,,""
11930954722,"16 de jul. de 2024, 21:02:56",Evening Weight Training,Treinamento com peso,,3630,0,,,false,,,activities/12721346355.fit.gz,,,3630.0,3630.0,0.0,0.0,0.0,0.0,0.0,0.0,0.0,0.0,0.0,,,,,,,,,215.0,,,,,,,,,,,,,,,,0.0,,1.0,,,,,,,,,,,,,,,,,,,,,,,,,,,0.0,0.0,0.0,,,,,,,,,,,,,,,,,,,,,""
11897891729,"15 de jul. de 2024, 20:47:04",Noite Passeio,Pedalada,,12144,"45,30",,,false,,Show Gravel,activities/12687098893.fit.gz,,11.0,12144.0,9437.0,45300.7,11.286,4.8,499.0,498.0,720.0,819.0,49.8,0.1,,,175.0,63.0,,,,174.0,1431.0,,18.0,,,,,,,,,,,,,,0.0,,1.0,,,,,,,,,,,,,,,,10641974.0,,,,,,,,,,,0.0,3.73,1278.4,,,,,,,,,,,,,,,,,,,,,""
11930954717,"15 de jul. de 2024, 18:38:19",Afternoon Weight Training,Treinamento com peso,,2682,0,,,false,,,activities/12721346341.fit.gz,,,2682.0,2682.0,0.0,0.0,0.0,0.0,0.0,0.0,0.0,0.0,0.0,,,,,,,,,116.0,,,,,,,,,,,,,,,,0.0,,1.0,,,,,,,,,,,,,,,,,,,,,,,,,,,0.0,0.0,0.0,,,,,,,,,,,,,,,,,,,,,""
11930954740,"12 de jul. de 2024, 22:34:57",Evening Walk,Caminhada,,1889,"5,02",,,false,,,activities/12721346329.fit.gz,,,1889.0,1889.0,5027.0,3.8,2.661,59.0,19800.0,757.5,791.0,25.0,0.4,,,,,,,,,353.0,,,,,,,,,,,,,,,,0.0,,1.0,,,,,,,,,,,,,,,,,,,,,,,,,,,0.0,2.661,421.8,,,,,,,,,,,,,,,,,,,,,""
11930954675,"12 de jul. de 2024, 22:17:24",Evening Run,Corrida,,715,"0,12",,,false,,PUMA Velocity Nitro 3,activities/12721346314.fit.gz,,,715.0,33.0,121.6,4.18,3.685,0.0,19.0,765.9,778.8,0.8,-10.4,,,,,,,,,16.0,,,,,,,,,,,,,,,,0.0,,1.0,121.5,,,,,,,,,,,,,,,,18352040.0,,,,,,,,,,0.0,0.17,0.0,,,,,,,,,3.682,,,,,,,,,,,,""
11930954680,"12 de jul. de 2024, 18:27:02",Afternoon Weight Training,Treinamento com peso,,4765,0,,,false,,,activities/12721346307.fit.gz,,,4765.0,4765.0,0.0,0.0,0.0,0.0,0.0,0.0,0.0,0.0,0.0,,,,,,,,,263.0,,,,,,,,,,,,,,,,0.0,,1.0,,,,,,,,,,,,,,,,,,,,,,,,,,,0.0,0.0,0.0,,,,,,,,,,,,,,,,,,,,,""
11857964508,"10 de jul. de 2024, 21:36:58",Evening Run,Corrida,,2691,"8,00",,,false,,PUMA Velocity Nitro 3,activities/12645696564.fit.gz,,,2691.0,2672.0,8006.9,5.84,2.997,65.4,106.0,753.3,780.9,24.3,-0.1,,,,,,,,,528.0,,,,,,,,,,,,,,,,0.0,,1.0,8130.2,,,,,,,,,,,,,,,,18352040.0,,,,,,,,,,0.0,2.975,530.1,,,,,,,,,3.043,,,,,,,,,,,,""
11857964445,"10 de jul. de 2024, 19:24:23",Afternoon Weight Training,Treinamento com peso,,4213,0,,,false,,,activities/12645696551.fit.gz,,,4213.0,4213.0,0.0,0.0,0.0,0.0,0.0,0.0,0.0,0.0,0.0,,,,,,,,,98.0,,,,,,,,,,,,,,,,0.0,,1.0,,,,,,,,,,,,,,,,,,,,,,,,,,,0.0,0.0,0.0,,,,,,,,,,,,,,,,,,,,,""
11857964439,"8 de jul. de 2024, 18:28:25",Afternoon Weight Training,Treinamento com peso,,3912,0,,,false,,,activities/12645696582.fit.gz,,,3912.0,3912.0,0.0,0.0,0.0,0.0,0.0,0.0,0.0,0.0,0.0,,,,,,,,,65.0,,,,,,,,,,,,,,,,0.0,,1.0,,,,,,,,,,,,,,,,,,,,,,,,,,,0.0,0.0,0.0,,,,,,,,,,,,,,,,,,,,,""
11833380312,"7 de jul. de 2024, 19:45:36",Afternoon Run,Corrida,,3616,"10,18",,,false,,PUMA Velocity Nitro 3,activities/12620327634.fit.gz,,,3616.0,3610.0,10187.7,4.02,2.822,78.7,136.0,751.5,802.6,12.3,-0.1,,,,,,,,,639.0,,,,,,,,,,,,,,,,0.0,,1.0,10289.3,,,,,,,,,,,,,,,,18352040.0,,,,,,,,,,0.0,2.817,1008.5,,,,,,,,,2.85,,,,,,,,,,,,""
11841427048,"6 de jul. de 2024, 18:30:05",Afternoon Weight Training,Treinamento com peso,,3481,0,,,false,,,activities/12628652094.fit.gz,,,3481.0,3481.0,0.0,0.0,0.0,0.0,0.0,0.0,0.0,0.0,0.0,,,,,,,,,142.0,,,,,,,,,,,,,,,,0.0,,1.0,,,,,,,,,,,,,,,,,,,,,,,,,,,0.0,0.0,0.0,,,,,,,,,,,,,,,,,,,,,""
11817559718,"5 de jul. de 2024, 21:42:00",Evening Run,Corrida,,3675,"10,24",,,false,,PUMA Velocity Nitro 3,activities/12603942075.fit.gz,,,3675.0,3616.0,10244.6,4.38,2.833,167.5,209.0,765.3,821.7,13.9,0.1,,,,,,,,,713.0,,,,,,,,,,,,,,,,0.0,,1.0,10646.1,,,,,,,,,,,,,,,,18352040.0,,,,,,,,,,0.0,2.788,153.6,,,,,,,,,2.944,,,,,,,,,,,,""
11817559603,"5 de jul. de 2024, 19:47:23",Afternoon Weight Training,Treinamento com peso,,2773,0,,,false,,,activities/12603942042.fit.gz,,,2773.0,2773.0,0.0,0.0,0.0,0.0,0.0,0.0,0.0,0.0,0.0,,,,,,,,,51.0,,,,,,,,,,,,,,,,0.0,,1.0,,,,,,,,,,,,,,,,,,,,,,,,,,,0.0,0.0,0.0,,,,,,,,,,,,,,,,,,,,,""
11825516664,"3 de jul. de 2024, 21:57:08",Evening Run,Corrida,,1497,"5,39",,,false,,PUMA Velocity Nitro 3,activities/12612188526.fit.gz,,,1497.0,1497.0,5398.0,4.66,3.606,0.0,0.0,0.0,0.0,0.0,0.0,,,,,,,,,276.0,,,,,,,,,,,,,,,,0.0,,1.0,5398.4,,,,,,,,,,,,,,,,18352040.0,,,,,,,,,,0.0,3.606,0.0,,,,,,,,,,,,,,,,,,,,,""
11825516663,"3 de jul. de 2024, 21:07:53",Evening Weight Training,Treinamento com peso,,2827,0,,,false,,,activities/12612188507.fit.gz,,,2827.0,2827.0,0.0,0.0,0.0,0.0,0.0,0.0,0.0,0.0,0.0,,,,,,,,,69.0,,,,,,,,,,,,,,,,0.0,,1.0,,,,,,,,,,,,,,,,,,,,,,,,,,,0.0,0.0,0.0,,,,,,,,,,,,,,,,,,,,,""
11785983856,"1 de jul. de 2024, 22:11:47",Evening Run,Corrida,,3360,"10,02",,,false,,PUMA Velocity Nitro 3,activities/12571365715.fit.gz,,,3360.0,3295.0,10019.6,4.36,3.041,86.0,184.0,751.5,791.0,34.0,0.0,,,,,,,,,624.0,,,,,,,,,,,,,,,,0.0,,1.0,10202.7,,,,,,,,,,,,,,,,18352040.0,,,,,,,,,,0.0,2.982,426.9,,,,,,,,,3.096,,,,,,,,,,,,""
11762933075,"28 de jun. de 2024, 22:04:52",Evening Ride,Pedalada,,3563,"30,01",,,false,,Show Gravel,activities/12547529985.fit.gz,,11.0,3563.0,3563.0,30012.0,9.8,8.423,12.7,44.0,723.1,727.9,5.7,0.0,,,,,,,,253.0,621.0,,,,,,,,,,,,,,,,0.0,,1.0,,,,,,,,,,,,,,,,10641974.0,,,,,,,,,,,0.0,8.423,0.0,,,,,,,,,,,,,,,,,,,,,""
11763338730,"28 de jun. de 2024, 20:54:58",Noite Passeio,Pedalada,"",14178,"72,42",,,false,,Show Gravel,activities/12547947514.fit.gz,,11.0,14178.0,10782.0,72422.4,12.208,6.717,437.0,435.0,713.0,815.0,46.0,0.0,,,175.0,79.0,,,,223.0,2655.0,,22.0,,,,,,,,,,,,0.0,,0.0,,1.0,,,,,,,,,,,,,,,,10641974.0,,,,,,,,,,,0.0,5.108,1764.6,,,,,,,,,,,,,,,,,,,,,media/9cc5774a-b9bc-4fcc-a5e8-69146ee5b9de.jpg
11762933103,"27 de jun. de 2024, 21:04:38",Evening Run,Corrida,,1594,"5,04",,,false,,PUMA Velocity Nitro 3,activities/12547530056.fit.gz,,,1594.0,1591.0,5043.0,4.32,3.17,34.9,57.0,757.6,780.9,23.5,0.0,,,,,,,,,287.0,,,,,,,,,,,,,,,,0.0,,1.0,5122.8,,,,,,,,,,,,,,,,18352040.0,,,,,,,,,,0.0,3.164,357.1,,,,,,,,,3.22,,,,,,,,,,,,""
11762933071,"27 de jun. de 2024, 19:37:30",Afternoon Weight Training,Treinamento com peso,,2168,0,,,false,,,activities/12547530016.fit.gz,,,2168.0,2168.0,0.0,0.0,0.0,0.0,0.0,0.0,0.0,0.0,0.0,,,,,,,,,40.0,,,,,,,,,,,,,,,,0.0,,1.0,,,,,,,,,,,,,,,,,,,,,,,,,,,0.0,0.0,0.0,,,,,,,,,,,,,,,,,,,,,""
11749066622,"26 de jun. de 2024, 22:23:05",Noite Passeio,Pedalada,,17403,"47,79",,,false,,Show Gravel,activities/12533227360.fit.gz,,11.0,17403.0,9988.0,47798.5,14.12,4.786,442.0,442.0,720.0,842.0,45.2,0.0,,,177.0,60.0,,,,167.0,1517.0,,23.0,,,,,,,,,,,,,,0.0,,1.0,,,,,,,,,,,,,,,,10641974.0,,,,,,,,,,,0.0,2.747,1027.2,,,,,,,,,,,,,,,,,,,,,""
11740010159,"25 de jun. de 2024, 22:18:16",Evening Run,Corrida,"",2626,"8,00",,,false,,PUMA Velocity Nitro 3,activities/12523914061.fit.gz,,,2626.0,2614.0,8006.2,5.82,3.063,57.2,85.0,753.4,780.4,19.5,-0.1,,,,,,,,,490.0,,,,,,,,,,,,,,0.0,,0.0,,1.0,8140.5,,,,,,,,,,,,,,,,18352040.0,,,,,,,,,,0.0,3.049,804.0,,,,,,,,,3.114,,,,,,,,,,,,media/a65c38c5-6236-4861-8ed8-22bbf2a90f31.jpg
11740010034,"25 de jun. de 2024, 20:21:43",Afternoon Weight Training,Treinamento com peso,,2684,0,,,false,,,activities/12523914038.fit.gz,,,2684.0,2684.0,0.0,0.0,0.0,0.0,0.0,0.0,0.0,0.0,0.0,,,,,,,,,44.0,,,,,,,,,,,,,,,,0.0,,1.0,,,,,,,,,,,,,,,,,,,,,,,,,,,0.0,0.0,0.0,,,,,,,,,,,,,,,,,,,,,""
11740010134,"24 de jun. de 2024, 22:09:21",Evening Ride,Pedalada,,1027,"8,00",,,false,,Show Gravel,activities/12523914118.fit.gz,,11.0,1027.0,1027.0,7999.0,10.8,7.789,3.8,58.0,724.4,728.3,5.5,0.0,,,,,,,,222.0,123.0,,,,,,,,,,,,,,,,0.0,,1.0,,,,,,,,,,,,,,,,10641974.0,,,,,,,,,,,0.0,7.789,0.0,,,,,,,,,,,,,,,,,,,,,""
11731770698,"24 de jun. de 2024, 21:14:35",Noite Passeio,Pedalada,,9280,"54,13",,,false,,Show Gravel,activities/12515583012.fit.gz,,11.0,9280.0,8728.0,54131.2,14.484,6.202,458.0,462.0,710.0,791.0,26.6,0.0,,,178.0,79.0,,,,204.0,1905.0,,22.0,,,,,,,,,,,,,,0.0,,1.0,,,,,,,,,,,,,,,,10641974.0,,,,,,,,,,,0.0,5.833,2806.3,,,,,,,,,,,,,,,,,,,,,""
11740010112,"24 de jun. de 2024, 18:49:31",Afternoon Weight Training,Treinamento com peso,,3051,0,,,false,,,activities/12523914078.fit.gz,,,3051.0,3051.0,0.0,0.0,0.0,0.0,0.0,0.0,0.0,0.0,0.0,,,,,,,,,55.0,,,,,,,,,,,,,,,,0.0,,1.0,,,,,,,,,,,,,,,,,,,,,,,,,,,0.0,0.0,0.0,,,,,,,,,,,,,,,,,,,,,""
11723935734,"23 de jun. de 2024, 22:09:36",Evening Run,Corrida,"",2670,"8,00",,,false,,Adidas Duramo rc,activities/12507505987.fit.gz,,,2670.0,2566.0,8008.0,6.06,3.121,49.0,98.0,751.6,780.4,22.3,-0.1,,,,,,,,,492.0,,,,,,,,,,,,,,0.0,,0.0,,1.0,8085.2,,,,,,,,,,,,,,,,17123252.0,,,,,,,,,,0.0,2.999,930.9,,,,,,,,,3.151,,,,,,,,,,,,media/20c75e9a-b7e9-420c-a89a-ca3a24cd9d5b.jpg
11708204153,"21 de jun. de 2024, 22:22:53",Evening Run,Corrida,,1643,"5,01",,,false,,Adidas Duramo rc,activities/12491265600.fit.gz,,,1643.0,1629.0,5010.3,4.72,3.076,37.2,65.0,757.5,780.4,13.5,0.0,,,,,,,,,311.0,,,,,,,,,,,,,,,,0.0,,1.0,5086.7,,,,,,,,,,,,,,,,17123252.0,,,,,,,,,,0.0,3.049,981.9,,,,,,,,,3.123,,,,,,,,,,,,""
11708204057,"21 de jun. de 2024, 20:29:23",Afternoon Weight Training,Treinamento com peso,,3074,0,,,false,,,activities/12491265573.fit.gz,,,3074.0,3074.0,0.0,0.0,0.0,0.0,0.0,0.0,0.0,0.0,0.0,,,,,,,,,39.0,,,,,,,,,,,,,,,,0.0,,1.0,,,,,,,,,,,,,,,,,,,,,,,,,,,0.0,0.0,0.0,,,,,,,,,,,,,,,,,,,,,""
11708204203,"20 de jun. de 2024, 20:46:41",Afternoon Run,Corrida,,1613,"5,00",,,false,,Adidas Duramo rc,activities/12491265665.fit.gz,,,1613.0,1603.0,5009.0,5.98,3.125,28.8,67.0,757.5,780.4,15.7,-0.1,,,,,,,,,314.0,,,,,,,,,,,,,,,,0.0,,1.0,5051.0,,,,,,,,,,,,,,,,17123252.0,,,,,,,,,,0.0,3.105,949.1,,,,,,,,,3.151,,,,,,,,,,,,""
11708204195,"19 de jun. de 2024, 20:59:31",Afternoon Run,Corrida,,1694,"6,01",,,false,,Adidas Duramo rc,activities/12491265650.fit.gz,,,1694.0,1694.0,6018.0,4.66,3.553,0.0,0.0,0.0,0.0,0.0,0.0,,,,,,,,,301.0,,,,,,,,,,,,,,,,0.0,,1.0,6018.3,,,,,,,,,,,,,,,,17123252.0,,,,,,,,,,0.0,3.553,0.0,,,,,,,,,,,,,,,,,,,,,""
11708204135,"19 de jun. de 2024, 20:17:42",Afternoon Weight Training,Treinamento com peso,,2446,0,,,false,,,activities/12491265619.fit.gz,,,2446.0,2446.0,0.0,0.0,0.0,0.0,0.0,0.0,0.0,0.0,0.0,,,,,,,,,41.0,,,,,,,,,,,,,,,,0.0,,1.0,,,,,,,,,,,,,,,,,,,,,,,,,,,0.0,0.0,0.0,,,,,,,,,,,,,,,,,,,,,""
11685575619,"18 de jun. de 2024, 22:36:00",Evening Ride,Pedalada,,2795,"23,42",,,false,,Show Gravel,activities/12467970452.fit.gz,,11.0,2795.0,2795.0,23419.0,10.6,8.379,7.6,95.0,724.1,728.5,4.3,0.0,,,,,,,,250.0,459.0,,,,,,,,,,,,,,,,0.0,,1.0,,,,,,,,,,,,,,,,10641974.0,,,,,,,,,,,0.0,8.379,0.0,,,,,,,,,,,,,,,,,,,,,""
11685498839,"18 de jun. de 2024, 21:39:44",Noite Passeio,Pedalada,,9624,"58,68",,,false,,Show Gravel,activities/12467891720.fit.gz,,11.0,9624.0,8487.0,58686.0,13.328,6.915,369.0,365.0,708.0,791.0,46.9,0.0,,,177.0,77.0,,,,231.0,2172.0,,19.0,,,,,,,,,,,,,,0.0,,1.0,,,,,,,,,,,,,,,,10641974.0,,,,,,,,,,,0.0,6.098,3511.4,,,,,,,,,,,,,,,,,,,,,""
11685575655,"18 de jun. de 2024, 19:26:47",Afternoon Weight Training,Treinamento com peso,,3056,0,,,false,,,activities/12467970511.fit.gz,,,3056.0,3056.0,0.0,0.0,0.0,0.0,0.0,0.0,0.0,0.0,0.0,,,,,,,,,57.0,,,,,,,,,,,,,,,,0.0,,1.0,,,,,,,,,,,,,,,,,,,,,,,,,,,0.0,0.0,0.0,,,,,,,,,,,,,,,,,,,,,""
11685575647,"17 de jun. de 2024, 19:07:14",Afternoon Weight Training,Treinamento com peso,,3092,0,,,false,,,activities/12467970527.fit.gz,,,3092.0,3092.0,0.0,0.0,0.0,0.0,0.0,0.0,0.0,0.0,0.0,,,,,,,,,39.0,,,,,,,,,,,,,,,,0.0,,1.0,,,,,,,,,,,,,,,,,,,,,,,,,,,0.0,0.0,0.0,,,,,,,,,,,,,,,,,,,,,""
11660950831,"15 de jun. de 2024, 19:52:27",Afternoon Run,Corrida,,2407,"6,71",,,false,,Adidas Duramo rc,activities/12442582834.fit.gz,,,2407.0,2398.0,6716.9,3.74,2.801,46.2,68.0,757.5,784.3,13.4,0.0,,,,,,,,,403.0,,,,,,,,,,,,,,,,0.0,,1.0,6837.4,,,,,,,,,,,,,,,,17123252.0,,,,,,,,,,0.0,2.791,1474.7,,,,,,,,,2.851,,,,,,,,,,,,""
11653175402,"14 de jun. de 2024, 20:05:55",Afternoon Ride,Pedalada,"",3563,"28,76",,,false,,Show Gravel,activities/12434555278.fit.gz,,11.0,3563.0,3563.0,28766.0,11.0,8.074,7.2,258.0,724.1,728.6,3.9,0.0,,,,,,,,232.0,554.0,,,,,,,,,,,,,,0.0,,0.0,,1.0,,,,,,,,,,,,,,,,10641974.0,,,,,,,,,,,0.0,8.074,0.0,,,,,,,,,,,,,,,,,,,,,""
11653457308,"14 de jun. de 2024, 19:14:44",Tarde Passeio,Pedalada,"",10881,"61,94",,,false,,Show Gravel,activities/12434846310.fit.gz,,11.0,10881.0,9306.0,61947.2,12.336,6.657,376.0,371.0,710.0,786.0,48.8,0.0,,,177.0,78.0,,,,223.0,2304.0,,24.0,,,,,,,,,,,,0.0,,0.0,,1.0,,,,,,,,,,,,,,,,10641974.0,,,,,,,,,,,0.0,5.693,3009.3,,,,,,,,,,,,,,,,,,,,,media/cb1e07a5-5e1a-4047-9b5d-eda55201bfe3.jpg
11653175325,"14 de jun. de 2024, 14:32:59",Lunch Workout,Treino,,9763,0,,,false,,,activities/12434555221.fit.gz,,,9763.0,9763.0,0.0,0.0,0.0,0.0,0.0,0.0,0.0,0.0,0.0,,,,,,,,,315.0,,,,,,,,,,,,,,,,0.0,,1.0,,,,,,,,,,,,,,,,,,,,,,,,,,,0.0,0.0,0.0,,,,,,,,,,,,,,,,,,,,,""
11653197719,"13 de jun. de 2024, 17:49:55",Afternoon Weight Training,Treinamento com peso,,5709,0,,,false,,,activities/12434578493.fit.gz,,,5709.0,5709.0,0.0,0.0,0.0,0.0,0.0,0.0,0.0,0.0,0.0,,,,,,,,,256.0,,,,,,,,,,,,,,,,0.0,,1.0,,,,,,,,,,,,,,,,,,,,,,,,,,,0.0,0.0,0.0,,,,,,,,,,,,,,,,,,,,,""
11638856373,"12 de jun. de 2024, 19:20:40",Tarde Passeio,Pedalada,"",8709,"47,63",,,true,,Show Gravel,activities/12419837377.fit.gz,,11.0,8709.0,7621.0,47635.3,15.307,6.251,512.8,378.0,720.8,824.6,44.1,0.0,,,185.0,74.0,,,,215.0,1780.0,,24.0,,,,,,,,,,,,0.0,,1.0,,1.0,,,,,,,,,,,,,,,,10641974.0,,,,,,,,,,,0.0,5.47,1905.5,,,,,10.36,,,,,,,,,,,,,,,,media/8dcda2c8-e81d-4b93-971e-89c462306645.mp4
11653197714,"12 de jun. de 2024, 19:18:51",Afternoon Workout,Treino,,9586,0,,,false,,,activities/12434578470.fit.gz,,,9586.0,9586.0,0.0,0.0,0.0,0.0,0.0,0.0,0.0,0.0,0.0,,,,,,,,,1312.0,,,,,,,,,,,,,,,,0.0,,1.0,,,,,,,,,,,,,,,,,,,,,,,,,,,0.0,0.0,0.0,,,,,,,,,,,,,,,,,,,,,""
11653197699,"12 de jun. de 2024, 15:34:26",Lunch Weight Training,Treinamento com peso,,4762,0,,,false,,,activities/12434578511.fit.gz,,,4762.0,4762.0,0.0,0.0,0.0,0.0,0.0,0.0,0.0,0.0,0.0,,,,,,,,,371.0,,,,,,,,,,,,,,,,0.0,,1.0,,,,,,,,,,,,,,,,,,,,,,,,,,,0.0,0.0,0.0,,,,,,,,,,,,,,,,,,,,,""
11630729800,"11 de jun. de 2024, 19:50:20",Afternoon Run,Corrida,,1005,"2,70",,,false,,Adidas Duramo rc,activities/12411497572.fit.gz,,,1005.0,1002.0,2700.1,3.16,2.695,33.4,4.0,268.7,302.2,7.8,1.2,,,,,,,,,201.0,,,,,,,,,,,,,,,,0.0,,1.0,2810.3,,,,,,,,,,,,,,,,17123252.0,,,,,,,,,,0.0,2.687,0.0,,,,,,,,,2.805,,,,,,,,,,,,""
11630729805,"11 de jun. de 2024, 19:11:57",Afternoon Run,Corrida,,1534,"4,30",,,false,,Adidas Duramo rc,activities/12411497556.fit.gz,,,1534.0,1531.0,4304.6,3.36,2.812,13.3,50.0,280.3,312.0,21.1,-0.7,,,,,,,,,262.0,,,,,,,,,,,,,,,,0.0,,1.0,4275.1,,,,,,,,,,,,,,,,17123252.0,,,,,,,,,,0.0,2.806,701.9,,,,,,,,,2.792,,,,,,,,,,,,""
11630729826,"10 de jun. de 2024, 17:17:15",Afternoon Weight Training,Treinamento com peso,,15562,0,,,false,,,activities/12411497603.fit.gz,,,15562.0,15562.0,0.0,0.0,0.0,0.0,0.0,0.0,0.0,0.0,0.0,,,,,,,,,156.0,,,,,,,,,,,,,,,,0.0,,1.0,,,,,,,,,,,,,,,,,,,,,,,,,,,0.0,0.0,0.0,,,,,,,,,,,,,,,,,,,,,""
11618080865,"10 de jun. de 2024, 10:21:43",Morning Run,Corrida,"",2049,"6,01",,,false,,Adidas Duramo rc,activities/12398524762.fit.gz,,,2049.0,2009.0,6015.1,3.9,2.994,28.1,39.0,260.7,285.3,12.0,0.0,,,,,,,,,370.0,,,,,,,,,,,,,,0.0,,0.0,,1.0,6061.5,,,,,,,,,,,,,,,,17123252.0,,,,,,,,,,0.0,2.936,0.0,,,,,,,,,3.017,,,,,,,,,,,,media/46d6ada7-02bb-4171-bed9-36f914ba7c84.jpg
11607319829,"8 de jun. de 2024, 21:59:49",3ª RANCHARIA NIGHT RUN 5K - RANCHARIA - SP,Corrida,"",1471,"4,78",,,false,,Adidas Duramo rc,activities/12387387739.fit.gz,,,1471.0,1468.0,4783.2,4.22,3.258,51.2,54.0,498.3,518.7,7.8,0.0,,,,,,,,,305.0,,,,,,,,,9.0,,,,,0.0,73.0,0.0,,1.0,4852.1,,,,,,,,,,,,,,,,17123252.0,,,,,,,,,,0.0,3.252,0.0,,,,,,,,,3.305,,,,,,,,,,,,media/25083d9e-6a11-46eb-8cf4-1e5c605ded44.jpg
11607319731,"8 de jun. de 2024, 21:46:34",Evening Run,Corrida,,480,"0,94",,,false,,Adidas Duramo rc,activities/12387387667.fit.gz,,,480.0,398.0,941.6,3.44,2.366,12.6,8.0,498.3,505.2,5.8,0.3,,,,,,,,,70.0,,,,,,,,,,,,,,,,0.0,,1.0,964.1,,,,,,,,,,,,,,,,17123252.0,,,,,,,,,,0.0,1.962,0.0,,,,,,,,,2.422,,,,,,,,,,,,""
11607319732,"8 de jun. de 2024, 00:11:24",Night Workout,Treino,,3008,0,,,false,,,activities/12387387719.fit.gz,,,3008.0,3008.0,0.0,0.0,0.0,0.0,0.0,0.0,0.0,0.0,0.0,,,,,,,,,513.0,,,,,,,,,,,,,,,,0.0,,1.0,,,,,,,,,,,,,,,,,,,,,,,,,,,0.0,0.0,0.0,,,,,,,,,,,,,,,,,,,,,""
11607319755,"6 de jun. de 2024, 16:13:22",Afternoon Weight Training,Treinamento com peso,,7454,0,,,false,,,activities/12387387703.fit.gz,,,7454.0,7454.0,0.0,0.0,0.0,0.0,0.0,0.0,0.0,0.0,0.0,,,,,,,,,129.0,,,,,,,,,,,,,,,,0.0,,1.0,,,,,,,,,,,,,,,,,,,,,,,,,,,0.0,0.0,0.0,,,,,,,,,,,,,,,,,,,,,""
11587096617,"6 de jun. de 2024, 10:30:00",Morning Run,Corrida,"",2593,"6,98",,,false,,Adidas Duramo rc,activities/12366603287.fit.gz,,,2593.0,2425.0,6983.2,5.42,2.88,65.8,8.0,299.1,304.2,9.5,0.0,,,,,,,,,440.0,,,,,,,,,,,,,,0.0,,0.0,,1.0,7150.6,,,,,,,,,,,,,,,,17123252.0,,,,,,,,,,0.0,2.693,6983.2,,,,,,,,,2.949,,,,,,,,,,,,media/97686478-cb92-450f-9e39-13715981d9c8.jpg
11582354159,"5 de jun. de 2024, 18:16:55",Afternoon Ride,Pedalada,,1203,"0,52",,,false,,Show Gravel,activities/12361731029.fit.gz,,11.0,1203.0,1203.0,526.0,0.0,0.437,0.0,0.0,0.0,0.0,0.0,0.0,,,,,,,,,204.0,,,,,,,,,,,,,,,,0.0,,1.0,,,,,,,,,,,,,,,,10641974.0,,,,,,,,,,,0.0,0.437,0.0,,,,,,,,,,,,,,,,,,,,,""
11582354152,"5 de jun. de 2024, 17:22:31",Afternoon Weight Training,Treinamento com peso,,3128,0,,,false,,,activities/12361730981.fit.gz,,,3128.0,3128.0,0.0,0.0,0.0,0.0,0.0,0.0,0.0,0.0,0.0,,,,,,,,,160.0,,,,,,,,,,,,,,,,0.0,,1.0,,,,,,,,,,,,,,,,,,,,,,,,,,,0.0,0.0,0.0,,,,,,,,,,,,,,,,,,,,,""
11579864918,"5 de jun. de 2024, 13:01:18",Morning Walk,Caminhada,"",3714,"7,02",,,false,,,activities/12359182441.fit.gz,,,3714.0,3714.0,7020.8,4.62,1.89,20.7,43.0,298.0,308.9,15.4,-0.1,,,,,,,,,402.0,,,,,,,,,,,,,,0.0,,0.0,,1.0,,,,,,,,,,,,,,,,,,,,,,,,,,,0.0,1.89,2066.3,,,,,,,,,,,,,,,,,,,,,media/2bf14fbd-0a8e-4c4a-89ce-b80318807fc6.mp4
11579864915,"4 de jun. de 2024, 17:07:14",Afternoon Weight Training,Treinamento com peso,,5041,0,,,false,,,activities/12359182480.fit.gz,,,5041.0,5041.0,0.0,0.0,0.0,0.0,0.0,0.0,0.0,0.0,0.0,,,,,,,,,122.0,,,,,,,,,,,,,,,,0.0,,1.0,,,,,,,,,,,,,,,,,,,,,,,,,,,0.0,0.0,0.0,,,,,,,,,,,,,,,,,,,,,""
11570215867,"4 de jun. de 2024, 10:20:53",Morning Run,Corrida,"",2659,"8,00",,,false,,Adidas Duramo rc,activities/12349285467.fit.gz,,,2659.0,2650.0,8007.1,4.02,3.022,38.8,56.0,265.8,286.8,5.6,0.0,,,,,,,,,549.0,,,,,,,,,,,,,,0.0,,0.0,,1.0,8042.1,,,,,,,,,,,,,,,,17123252.0,,,,,,,,,,0.0,3.011,108.2,,,,,,,,,3.035,,,,,,,,,,,,media/e528e392-a4c9-4e1a-b8ec-f2580abf1de1.jpg
11570215818,"3 de jun. de 2024, 17:08:53",Afternoon Weight Training,Treinamento com peso,,4903,0,,,false,,,activities/12349285493.fit.gz,,,4903.0,4903.0,0.0,0.0,0.0,0.0,0.0,0.0,0.0,0.0,0.0,,,,,,,,,189.0,,,,,,,,,,,,,,,,0.0,,1.0,,,,,,,,,,,,,,,,,,,,,,,,,,,0.0,0.0,0.0,,,,,,,,,,,,,,,,,,,,,""
11562227545,"3 de jun. de 2024, 10:59:52",Morning Run,Corrida,,272,"0,49",,,false,,Adidas Duramo rc,activities/12341069195.fit.gz,,,272.0,244.0,493.7,3.56,2.023,3.7,2.0,282.0,286.8,13.6,0.2,,,,,,,,,51.0,,,,,,,,,,,,,,,,0.0,,1.0,519.6,,,,,,,,,,,,,,,,17123252.0,,,,,,,,,,0.0,1.815,0.0,,,,,,,,,2.13,,,,,,,,,,,,""
11562227597,"3 de jun. de 2024, 10:21:40",Morning Run,Corrida,"",2279,"7,00",,,false,,Adidas Duramo rc,activities/12341069158.fit.gz,,,2279.0,2273.0,7007.1,4.68,3.083,55.0,49.0,259.3,288.9,24.6,0.1,,,,,,,,,435.0,,,,,,,,,,,,,,0.0,,0.0,,1.0,7138.4,,,,,,,,,,,,,,,,17123252.0,,,,,,,,,,0.0,3.075,55.6,,,,,,,,,3.141,,,,,,,,,,,,media/b9172f78-b246-4187-829c-a2f0d9c7df08.jpg
11543066369,"31 de mai. de 2024, 21:32:19",Evening Run,Corrida,"",2597,"8,02",,,false,,Adidas Duramo rc,activities/12321277683.fit.gz,,,2597.0,2594.0,8021.1,4.76,3.092,53.3,89.0,753.4,779.2,18.1,-0.1,,,,,,,,,473.0,,,,,,,,,,,,,,0.0,,0.0,,1.0,8113.5,,,,,,,,,,,,,,,,17123252.0,,,,,,,,,,0.0,3.089,789.9,,,,,,,,,3.128,,,,,,,,,,,,media/7abc8e91-b8b9-4263-9dd0-42eb590c8ffd.jpg
11529613529,"29 de mai. de 2024, 23:28:38",Evening Weight Training,Treinamento com peso,,4276,0,,,false,,,activities/12307422349.fit.gz,,,4276.0,4276.0,0.0,0.0,0.0,0.0,0.0,0.0,0.0,0.0,0.0,,,,,,,,,267.0,,,,,,,,,,,,,,,,0.0,,1.0,,,,,,,,,,,,,,,,,,,,,,,,,,,0.0,0.0,0.0,,,,,,,,,,,,,,,,,,,,,""
11521154400,"28 de mai. de 2024, 22:04:41",Noite Passeio,Pedalada,"",9160,"54,65",,,false,,Show Gravel,activities/12298721579.fit.gz,,11.0,9160.0,7281.0,54650.5,14.83,7.506,498.0,500.0,710.0,820.0,48.2,0.0,,,180.0,81.0,,,,274.0,2102.0,,18.0,,,,,,,9.0,,,,,0.0,364.0,0.0,,1.0,,,,,,,,,,,,,,,,10641974.0,,,,,,,,,,,0.0,5.966,126.5,,,,,,,,,,,,,,,,,,,,,media/6b84983d-ee43-4745-92f5-17a6314a1366.jpg
11529613594,"28 de mai. de 2024, 22:02:19",Evening Workout,Treino,,9306,0,,,false,,,activities/12307422396.fit.gz,,,9306.0,9306.0,0.0,0.0,0.0,0.0,0.0,0.0,0.0,0.0,0.0,,,,,,,,,1270.0,,,,,,,,,,,,,,,,0.0,,1.0,,,,,,,,,,,,,,,,,,,,,,,,,,,0.0,0.0,0.0,,,,,,,,,,,,,,,,,,,,,""
11529613581,"27 de mai. de 2024, 22:01:07",Evening Run,Corrida,,1491,"5,18",,,false,,Adidas Duramo rc,activities/12307422381.fit.gz,,,1491.0,1491.0,5184.0,4.66,3.477,0.0,0.0,0.0,0.0,0.0,0.0,,,,,,,,,271.0,,,,,,,,,,,,,,,,0.0,,1.0,5184.1,,,,,,,,,,,,,,,,17123252.0,,,,,,,,,,0.0,3.477,0.0,,,,,,,,,,,,,,,,,,,,,""
11529613524,"27 de mai. de 2024, 21:11:43",Evening Weight Training,Treinamento com peso,,2927,0,,,false,,,activities/12307422361.fit.gz,,,2927.0,2927.0,0.0,0.0,0.0,0.0,0.0,0.0,0.0,0.0,0.0,,,,,,,,,122.0,,,,,,,,,,,,,,,,0.0,,1.0,,,,,,,,,,,,,,,,,,,,,,,,,,,0.0,0.0,0.0,,,,,,,,,,,,,,,,,,,,,""
11505716369,"26 de mai. de 2024, 22:41:41",Corrida ao entardecer,Corrida,,207,"0,61",,,false,,Adidas Duramo rc,activities/11505716369.gpx,,,207.0,207.0,617.7,4.168,2.984,5.4,5.4,769.5,776.2,7.8,1.0,,,,,,,,,75.0,,,,,,,,,,,,,,0.0,,0.0,,1.0,639.3,,,,,,,,,,,,,,,,17123252.0,,,,,,,,,,0.0,2.984,0.0,,,,,,,,,3.088,,,,,,,,,,,,""
11505732193,"26 de mai. de 2024, 21:58:09",Evening Run,Corrida,"",2537,"7,41",,,false,,Adidas Duramo rc,activities/12282813005.fit.gz,,,2537.0,2402.0,7415.0,5.082,3.087,45.8,78.0,753.4,780.4,18.7,-0.1,,,,,,,,,478.0,,,,,,,,,,,,,,0.0,,0.0,,1.0,7476.8,,,,,,,,,,,,,,,,17123252.0,,,,,,,,,,0.0,2.923,760.6,,,,,,,,,3.113,,,,,,,,,,,,media/f2acf8f4-3c59-47b8-8447-4e6aaa680941.jpg
11505732218,"25 de mai. de 2024, 19:29:19",Afternoon Run,Corrida,,1340,"5,01",,,false,,Adidas Duramo rc,activities/12282813060.fit.gz,,,1340.0,1340.0,5017.0,4.72,3.744,0.0,0.0,0.0,0.0,0.0,0.0,,,,,,,,,241.0,,,,,,,,,,,,,,,,0.0,,1.0,5017.3,,,,,,,,,,,,,,,,17123252.0,,,,,,,,,,0.0,3.744,0.0,,,,,,,,,,,,,,,,,,,,,""
11505732162,"25 de mai. de 2024, 18:30:39",Afternoon Weight Training,Treinamento com peso,,3419,0,,,false,,,activities/12282813036.fit.gz,,,3419.0,3419.0,0.0,0.0,0.0,0.0,0.0,0.0,0.0,0.0,0.0,,,,,,,,,61.0,,,,,,,,,,,,,,,,0.0,,1.0,,,,,,,,,,,,,,,,,,,,,,,,,,,0.0,0.0,0.0,,,,,,,,,,,,,,,,,,,,,""
11489596998,"24 de mai. de 2024, 23:30:08",Evening Run,Corrida,,258,"0,70",,,false,,Adidas Duramo rc,activities/12266136364.fit.gz,,,258.0,249.0,708.1,4.06,2.844,4.4,4.0,779.3,784.2,13.2,0.1,,,,,,,,,40.0,,,,,,,,,,,,,,,,0.0,,1.0,714.8,,,,,,,,,,,,,,,,17123252.0,,,,,,,,,,0.0,2.745,0.0,,,,,,,,,2.871,,,,,,,,,,,,""
11489597019,"24 de mai. de 2024, 22:48:52",Evening Run,Corrida,"",1823,"5,62",,,false,,Adidas Duramo rc,activities/12266136347.fit.gz,,,1823.0,1813.0,5626.0,4.72,3.103,49.5,85.0,757.5,794.0,13.0,-0.2,,,,,,,,,341.0,,,,,,,,,,,,,,0.0,,0.0,,1.0,5770.3,,,,,,,,,,,,,,,,17123252.0,,,,,,,,,,0.0,3.086,1348.4,,,,,,,,,3.183,,,,,,,,,,,,media/ba300c9c-18ce-4a9e-968c-7f88be9af703.jpg
11474487280,"22 de mai. de 2024, 12:43:59",Morning Ride,Pedalada,,1867,"10,48",,,false,,Show Gravel,activities/12250573247.fit.gz,,11.0,1867.0,1867.0,10487.0,13.6,5.617,157.8,550.0,762.1,826.4,46.7,0.1,,,,,,,,185.0,297.0,,,,,,,,,,,,,,,,0.0,,1.0,,,,,,,,,,,,,,,,10641974.0,,,,,,,,,,,0.0,5.617,177.0,,,,,,,,,,,,,,,,,,,,,""
11474487206,"22 de mai. de 2024, 11:40:13",Morning Weight Training,Treinamento com peso,,3797,0,,,false,,,activities/12250573220.fit.gz,,,3797.0,3797.0,0.0,0.0,0.0,0.0,0.0,0.0,0.0,0.0,0.0,,,,,,,,,177.0,,,,,,,,,,,,,,,,0.0,,1.0,,,,,,,,,,,,,,,,,,,,,,,,,,,0.0,0.0,0.0,,,,,,,,,,,,,,,,,,,,,""
11467158634,"21 de mai. de 2024, 22:30:54",Evening Run,Corrida,"",1660,"5,11",,,false,,Adidas Duramo rc,activities/12243048981.fit.gz,,,1660.0,1657.0,5114.5,4.28,3.087,37.2,42.0,757.5,780.4,20.8,0.0,,,,,,,,,324.0,,,,,,,,,,,,,,0.0,,0.0,,1.0,5196.3,,,,,,,,,,,,,,,,17123252.0,,,,,,,,,,0.0,3.081,1083.5,,,,,,,,,3.136,,,,,,,,,,,,media/08ababdc-f9c6-461c-a74f-611863e2b1ff.jpg
11467158717,"20 de mai. de 2024, 23:02:34",Evening Workout,Treino,,7593,0,,,false,,,activities/12243049052.fit.gz,,,7593.0,7593.0,0.0,0.0,0.0,0.0,0.0,0.0,0.0,0.0,0.0,,,,,,,,,1172.0,,,,,,,,,,,,,,,,0.0,,1.0,,,,,,,,,,,,,,,,,,,,,,,,,,,0.0,0.0,0.0,,,,,,,,,,,,,,,,,,,,,""
11459851723,"20 de mai. de 2024, 22:37:31",Noite Passeio,Pedalada,"",9014,"60,19",,,false,,Show Gravel,activities/12235542159.fit.gz,,11.0,9014.0,7145.0,60198.9,15.258,8.425,495.0,473.0,716.0,803.0,43.9,0.0,,,,0.0,,,,307.0,2356.0,,20.0,,,,,,,,,,,,0.0,,0.0,,1.0,,,,,,,,,,,,,,,,10641974.0,,,,,,,,,,,0.0,6.678,214.8,,,,,,,,,,,,,,,,,,,,,media/47508dc5-0a59-4f99-9845-b33afc0904f9.jpg
11467158596,"20 de mai. de 2024, 22:33:45",Evening Workout,Treino,,1716,0,,,false,,,activities/12243049004.fit.gz,,,1716.0,1716.0,0.0,0.0,0.0,0.0,0.0,0.0,0.0,0.0,0.0,,,,,,,,,217.0,,,,,,,,,,,,,,,,0.0,,1.0,,,,,,,,,,,,,,,,,,,,,,,,,,,0.0,0.0,0.0,,,,,,,,,,,,,,,,,,,,,""
11451178139,"19 de mai. de 2024, 21:05:35",Evening Run,Corrida,"",1958,"6,01",,,false,,Adidas Duramo rc,activities/12226597763.fit.gz,,,1958.0,1946.0,6009.2,4.18,3.088,67.2,95.0,757.5,796.5,41.7,-0.2,,,,,,,,,381.0,,,,,,,,,,,,,,0.0,,0.0,,1.0,6182.6,,,,,,,,,,,,,,,,17123252.0,,,,,,,,,,0.0,3.069,1258.5,,,,,,,,,3.177,,,,,,,,,,,,media/53ae9c5f-8211-4b1f-959b-6f2320438132.jpg
11442213679,"18 de mai. de 2024, 19:54:45",Afternoon Run,Corrida,"",1628,"5,00",,,false,,Adidas Duramo rc,activities/12217327112.fit.gz,,,1628.0,1609.0,5004.8,4.5,3.111,37.3,52.0,757.5,780.4,16.2,0.0,,,,,,,,,304.0,,,,,,,,,,,,,,0.0,,0.0,,1.0,5086.7,,,,,,,,,,,,,,,,17123252.0,,,,,,,,,,0.0,3.074,774.4,,,,,,,,,3.161,,,,,,,,,,,,media/3f8dfb79-106c-4b2b-8acf-9454a419e11e.jpg
11442213644,"18 de mai. de 2024, 18:28:10",Afternoon Weight Training,Treinamento com peso,,4848,0,,,false,,,activities/12217327088.fit.gz,,,4848.0,4848.0,0.0,0.0,0.0,0.0,0.0,0.0,0.0,0.0,0.0,,,,,,,,,220.0,,,,,,,,,,,,,,,,0.0,,1.0,,,,,,,,,,,,,,,,,,,,,,,,,,,0.0,0.0,0.0,,,,,,,,,,,,,,,,,,,,,""
11442213743,"17 de mai. de 2024, 11:20:01",Morning Weight Training,Treinamento com peso,,10704,0,,,false,,,activities/12217327200.fit.gz,,,10704.0,10704.0,0.0,0.0,0.0,0.0,0.0,0.0,0.0,0.0,0.0,,,,,,,,,421.0,,,,,,,,,,,,,,,,0.0,,1.0,,,,,,,,,,,,,,,,,,,,,,,,,,,0.0,0.0,0.0,,,,,,,,,,,,,,,,,,,,,""
11420617207,"15 de mai. de 2024, 22:40:57",Noite Passeio,Pedalada,,4233,"24,96",,,false,,Show Gravel,activities/12195074289.fit.gz,,11.0,4233.0,4004.0,24963.8,15.196,6.235,346.0,332.0,743.0,830.0,33.5,0.0,,,,0.0,,,,243.0,886.0,,19.0,,,,,,,,,,,,,,0.0,,1.0,,,,,,,,,,,,,,,,10641974.0,,,,,,,,,,,0.0,5.897,1571.5,,,,,,,,,,,,,,,,,,,,,""
11442213732,"15 de mai. de 2024, 22:39:09",Evening Workout,Treino,,4364,0,,,false,,,activities/12217327174.fit.gz,,,4364.0,4364.0,0.0,0.0,0.0,0.0,0.0,0.0,0.0,0.0,0.0,,,,,,,,,655.0,,,,,,,,,,,,,,,,0.0,,1.0,,,,,,,,,,,,,,,,,,,,,,,,,,,0.0,0.0,0.0,,,,,,,,,,,,,,,,,,,,,""
11405252181,"14 de mai. de 2024, 00:29:53",Noite Passeio,Pedalada,,2878,"20,30",,,false,,Show Gravel,activities/12179312204.fit.gz,,11.0,2878.0,2835.0,20304.4,14.102,7.162,241.0,188.0,694.0,799.0,34.6,0.5,,,,0.0,,,,269.0,776.0,,24.0,,,,,,,,,,,,,,0.0,,1.0,,,,,,,,,,,,,,,,10641974.0,,,,,,,,,,,0.0,7.055,21.5,,,,,,,,,,,,,,,,,,,,,""
11442213727,"13 de mai. de 2024, 23:36:08",Evening Workout,Treino,,6691,0,,,false,,,activities/12217327149.fit.gz,,,6691.0,6691.0,0.0,0.0,0.0,0.0,0.0,0.0,0.0,0.0,0.0,,,,,,,,,1091.0,,,,,,,,,,,,,,,,0.0,,1.0,,,,,,,,,,,,,,,,,,,,,,,,,,,0.0,0.0,0.0,,,,,,,,,,,,,,,,,,,,,""
11405247656,"13 de mai. de 2024, 23:04:23",Noite Passeio,Pedalada,,4591,"36,12",,,false,,Show Gravel,activities/12179307584.fit.gz,,11.0,4591.0,3636.0,36120.1,12.458,9.934,134.0,154.0,689.0,767.0,25.8,0.1,,,,0.0,,,,350.0,1471.0,,25.0,,,,,,,,,,,,,,0.0,,1.0,,,,,,,,,,,,,,,,10641974.0,,,,,,,,,,,0.0,7.868,309.1,,,,,,,,,,,,,,,,,,,,,""
11405209726,"13 de mai. de 2024, 22:34:47",Noite Passeio,Pedalada,,1466,"6,70",,,false,,Show Gravel,activities/12179268596.fit.gz,,11.0,1466.0,1265.0,6708.9,11.722,5.303,103.0,127.0,743.0,789.0,24.4,-0.2,,,,0.0,,,,201.0,230.0,,26.0,,,,,,,,,,,,,,0.0,,1.0,,,,,,,,,,,,,,,,10641974.0,,,,,,,,,,,0.0,4.576,0.0,,,,,,,,,,,,,,,,,,,,,""
11442213672,"13 de mai. de 2024, 18:27:46",Afternoon Weight Training,Treinamento com peso,,3143,0,,,false,,,activities/12217327132.fit.gz,,,3143.0,3143.0,0.0,0.0,0.0,0.0,0.0,0.0,0.0,0.0,0.0,,,,,,,,,70.0,,,,,,,,,,,,,,,,0.0,,1.0,,,,,,,,,,,,,,,,,,,,,,,,,,,0.0,0.0,0.0,,,,,,,,,,,,,,,,,,,,,""
11396939720,"12 de mai. de 2024, 21:15:29",Evening Run,Corrida,,1905,"6,01",,,false,,Adidas Duramo rc,activities/12170751284.fit.gz,,,1905.0,1899.0,6018.7,4.9,3.169,26.4,49.0,757.5,780.4,43.9,-0.1,,,,,,,,,370.0,,,,,,,,,,,,,,,,0.0,,1.0,6064.8,,,,,,,,,,,,,,,,17123252.0,,,,,,,,,,0.0,3.159,548.1,,,,,,,,,3.194,,,,,,,,,,,,""
11381013595,"10 de mai. de 2024, 23:07:30",Evening Workout,Treino,,3742,0,,,false,,,activities/12154308485.fit.gz,,,3742.0,3742.0,0.0,0.0,0.0,0.0,0.0,0.0,0.0,0.0,0.0,,,,,,,,,595.0,,,,,,,,,,,,,,,,0.0,,1.0,,,,,,,,,,,,,,,,,,,,,,,,,,,0.0,0.0,0.0,,,,,,,,,,,,,,,,,,,,,""
11380874780,"10 de mai. de 2024, 23:06:51",Noite Passeio,Pedalada,,3697,"23,36",,,false,,Show Gravel,activities/12154166516.fit.gz,,11.0,3697.0,3697.0,23364.2,15.354,6.32,404.0,398.0,759.0,846.0,28.7,0.0,,,,0.0,,,,261.0,851.0,,22.0,,,,,,,,,,,,,,0.0,,1.0,,,,,,,,,,,,,,,,10641974.0,,,,,,,,,,,0.0,6.32,765.1,,,,,,,,,,,,,,,,,,,,,""
11381013593,"10 de mai. de 2024, 12:11:09",Morning Run,Corrida,,1029,"4,04",,,false,,Adidas Duramo rc,activities/12154308472.fit.gz,,,1029.0,1029.0,4039.0,4.94,3.925,0.0,0.0,0.0,0.0,0.0,0.0,,,,,,,,,194.0,,,,,,,,,,,,,,,,0.0,,1.0,4039.4,,,,,,,,,,,,,,,,17123252.0,,,,,,,,,,0.0,3.925,0.0,,,,,,,,,,,,,,,,,,,,,""
11381013583,"10 de mai. de 2024, 11:29:36",Morning Weight Training,Treinamento com peso,,2308,0,,,false,,,activities/12154308455.fit.gz,,,2308.0,2308.0,0.0,0.0,0.0,0.0,0.0,0.0,0.0,0.0,0.0,,,,,,,,,118.0,,,,,,,,,,,,,,,,0.0,,1.0,,,,,,,,,,,,,,,,,,,,,,,,,,,0.0,0.0,0.0,,,,,,,,,,,,,,,,,,,,,""
11381013689,"9 de mai. de 2024, 15:36:13",Lunch Weight Training,Treinamento com peso,,19231,0,,,false,,,activities/12154308513.fit.gz,,,19231.0,19231.0,0.0,0.0,0.0,0.0,0.0,0.0,0.0,0.0,0.0,,,,,,,,,208.0,,,,,,,,,,,,,,,,0.0,,1.0,,,,,,,,,,,,,,,,,,,,,,,,,,,0.0,0.0,0.0,,,,,,,,,,,,,,,,,,,,,""
11361430700,"8 de mai. de 2024, 12:35:34",Morning Run,Corrida,,1576,"6,01",,,false,,Adidas Duramo rc,activities/12134172994.fit.gz,,,1576.0,1576.0,6013.0,4.94,3.815,0.0,0.0,0.0,0.0,0.0,0.0,,,,,,,,,293.0,,,,,,,,,,,,,,,,0.0,,1.0,6013.1,,,,,,,,,,,,,,,,17123252.0,,,,,,,,,,0.0,3.815,0.0,,,,,,,,,,,,,,,,,,,,,""
11361430704,"8 de mai. de 2024, 11:49:34",Morning Weight Training,Treinamento com peso,,2725,0,,,false,,,activities/12134172963.fit.gz,,,2725.0,2725.0,0.0,0.0,0.0,0.0,0.0,0.0,0.0,0.0,0.0,,,,,,,,,166.0,,,,,,,,,,,,,,,,0.0,,1.0,,,,,,,,,,,,,,,,,,,,,,,,,,,0.0,0.0,0.0,,,,,,,,,,,,,,,,,,,,,""
11370000551,"7 de mai. de 2024, 23:30:29",Evening Weight Training,Treinamento com peso,,6324,0,,,false,,,activities/12142978025.fit.gz,,,6324.0,6324.0,0.0,0.0,0.0,0.0,0.0,0.0,0.0,0.0,0.0,,,,,,,,,340.0,,,,,,,,,,,,,,,,0.0,,1.0,,,,,,,,,,,,,,,,,,,,,,,,,,,0.0,0.0,0.0,,,,,,,,,,,,,,,,,,,,,""
11349321302,"6 de mai. de 2024, 23:08:28",Evening Workout,Treino,,4464,0,,,false,,,activities/12121748777.fit.gz,,,4464.0,4464.0,0.0,0.0,0.0,0.0,0.0,0.0,0.0,0.0,0.0,,,,,,,,,757.0,,,,,,,,,,,,,,,,0.0,,1.0,,,,,,,,,,,,,,,,,,,,,,,,,,,0.0,0.0,0.0,,,,,,,,,,,,,,,,,,,,,""
11349280731,"6 de mai. de 2024, 23:08:18",Noite Passeio,Pedalada,,3418,"25,85",,,false,,Show Gravel,activities/12121707579.fit.gz,,11.0,3418.0,3418.0,25855.5,15.19,7.565,288.0,300.0,750.0,820.0,42.7,-0.1,,,,0.0,,,,291.0,981.0,,22.0,,,,,,,,,,,,,,0.0,,1.0,,,,,,,,,,,,,,,,10641974.0,,,,,,,,,,,0.0,7.565,630.8,,,,,,,,,,,,,,,,,,,,,""
11349321311,"6 de mai. de 2024, 11:12:46",Morning Weight Training,Treinamento com peso,,6828,0,,,false,,,activities/12121748756.fit.gz,,,6828.0,6828.0,0.0,0.0,0.0,0.0,0.0,0.0,0.0,0.0,0.0,,,,,,,,,405.0,,,,,,,,,,,,,,,,0.0,,1.0,,,,,,,,,,,,,,,,,,,,,,,,,,,0.0,0.0,0.0,,,,,,,,,,,,,,,,,,,,,""
11325896448,"3 de mai. de 2024, 23:01:03",Noite Passeio,Pedalada,,3721,"25,63",,,false,,Show Gravel,activities/12097620475.fit.gz,,11.0,3721.0,3638.0,25638.2,16.044,7.047,311.0,313.0,749.0,1011.0,28.0,-0.9,,,,0.0,,,,274.0,990.0,,22.0,,,,,,,,,,,,,,0.0,,1.0,,,,,,,,,,,,,,,,10641974.0,,,,,,,,,,,0.0,6.89,0.0,,,,,,,,,,,,,,,,,,,,,""
11325903046,"3 de mai. de 2024, 22:59:14",Evening Ride,Pedalada,"",3600,"25,25",,,false,,Show Gravel,activities/12097627220.fit.gz,,11.0,3600.0,3524.0,25254.0,16.2,7.166,274.4,382.0,757.5,817.4,28.5,0.0,,,,,,,,238.0,604.0,,,,,,,,,,,,,,0.0,,0.0,,1.0,,,,,,,,,,,,,,,,10641974.0,,,,,,,,,,,0.0,7.015,317.0,,,,,,,,,,,,,,,,,,,,,""
11325902949,"3 de mai. de 2024, 22:54:32",Evening Workout,Treino,,256,0,,,false,,,activities/12097627200.fit.gz,,,256.0,256.0,0.0,0.0,0.0,0.0,0.0,0.0,0.0,0.0,0.0,,,,,,,,,29.0,,,,,,,,,,,,,,,,0.0,,1.0,,,,,,,,,,,,,,,,,,,,,,,,,,,0.0,0.0,0.0,,,,,,,,,,,,,,,,,,,,,""
11325902960,"3 de mai. de 2024, 11:09:55",Morning Weight Training,Treinamento com peso,,4656,0,,,false,,,activities/12097627179.fit.gz,,,4656.0,4656.0,0.0,0.0,0.0,0.0,0.0,0.0,0.0,0.0,0.0,,,,,,,,,363.0,,,,,,,,,,,,,,,,0.0,,1.0,,,,,,,,,,,,,,,,,,,,,,,,,,,0.0,0.0,0.0,,,,,,,,,,,,,,,,,,,,,""
11316539020,"2 de mai. de 2024, 15:30:06",Lunch Weight Training,Treinamento com peso,,4325,0,,,false,,,activities/12088030730.fit.gz,,,4325.0,4325.0,0.0,0.0,0.0,0.0,0.0,0.0,0.0,0.0,0.0,,,,,,,,,114.0,,,,,,,,,,,,,,,,0.0,,1.0,,,,,,,,,,,,,,,,,,,,,,,,,,,0.0,0.0,0.0,,,,,,,,,,,,,,,,,,,,,""
11312160408,"1 de mai. de 2024, 22:16:22",Noite Passeio,Pedalada,"",13018,"31,33",,,false,,Show Gravel,activities/12083519901.fit.gz,,11.0,13018.0,6755.0,31334.9,14.202,4.639,444.0,424.0,748.0,890.0,48.4,-0.3,,,,0.0,,,,169.0,1021.0,,22.0,,,,,,,,,,,,0.0,,0.0,,1.0,,,,,,,,,,,,,,,,10641974.0,,,,,,,,,,,0.0,2.407,2373.3,,,,,,,,,,,,,,,,,,,,,media/e7864b0e-4719-4865-a2d0-7a8c14e8d624.jpg
11307357173,"1 de mai. de 2024, 13:00:19",Morning Ride,Pedalada,,1531,"10,14",,,false,,Show Gravel,activities/12078572288.fit.gz,,11.0,1531.0,1531.0,10139.0,14.2,6.622,104.5,104.0,758.4,826.4,25.5,0.1,,,,,,,,220.0,259.0,,,,,,,,,,,,,,,,0.0,,1.0,,,,,,,,,,,,,,,,10641974.0,,,,,,,,,,,0.0,6.622,559.0,,,,,,,,,,,,,,,,,,,,,""
11307356990,"1 de mai. de 2024, 12:06:13",Morning Weight Training,Treinamento com peso,,3214,0,,,false,,,activities/12078572218.fit.gz,,,3214.0,3214.0,0.0,0.0,0.0,0.0,0.0,0.0,0.0,0.0,0.0,,,,,,,,,232.0,,,,,,,,,,,,,,,,0.0,,1.0,,,,,,,,,,,,,,,,,,,,,,,,,,,0.0,0.0,0.0,,,,,,,,,,,,,,,,,,,,,""
11302183190,"30 de abr. de 2024, 21:17:38",Evening Run,Corrida,"",2131,"6,01",,,false,,Adidas Duramo rc,activities/12073254993.fit.gz,,,2131.0,2128.0,6009.3,4.16,2.824,16.6,50.0,757.5,780.4,5.9,-0.2,,,,,,,,,375.0,,,,,,,,,,,,,,0.0,,0.0,,1.0,6008.6,,,,,,,,,,,,,,,,17123252.0,,,,,,,,,,0.0,2.82,664.5,,,,,,,,,2.824,,,,,,,,,,,,media/c9bddbac-393e-4e0e-8680-94aa13580bfb.jpg
11302183074,"30 de abr. de 2024, 19:21:43",Afternoon Weight Training,Treinamento com peso,,5060,0,,,false,,,activities/12073254960.fit.gz,,,5060.0,5060.0,0.0,0.0,0.0,0.0,0.0,0.0,0.0,0.0,0.0,,,,,,,,,237.0,,,,,,,,,,,,,,,,0.0,,1.0,,,,,,,,,,,,,,,,,,,,,,,,,,,0.0,0.0,0.0,,,,,,,,,,,,,,,,,,,,,""
11294367657,"29 de abr. de 2024, 21:21:37",Evening Run,Corrida,,2149,"6,15",,,false,,Adidas Duramo rc,activities/12065213844.fit.gz,,,2149.0,2114.0,6155.9,5.02,2.912,34.8,48.0,774.2,784.2,14.4,0.0,,,,,,,,,407.0,,,,,,,,,,,,,,,,0.0,,1.0,6208.6,,,,,,,,,,,,,,,,17123252.0,,,,,,,,,,0.0,2.865,0.0,,,,,,,,,2.937,,,,,,,,,,,,""
11275479069,"26 de abr. de 2024, 21:12:46",Evening Run,Corrida,,3272,"9,01",,,false,,Adidas Duramo rc,activities/12045797843.fit.gz,,,3272.0,3241.0,9009.7,4.78,2.78,152.7,172.0,764.9,820.0,35.1,0.2,,,,,,,,,657.0,,,,,,,,,,,,,,,,0.0,,1.0,9434.3,,,,,,,,,,,,,,,,17123252.0,,,,,,,,,,0.0,2.754,140.8,,,,,,,,,2.911,,,,,,,,,,,,""
11275479302,"26 de abr. de 2024, 19:07:15",Afternoon Weight Training,Treinamento com peso,,6109,0,,,false,,,activities/12045798202.fit.gz,,,6109.0,6109.0,0.0,0.0,0.0,0.0,0.0,0.0,0.0,0.0,0.0,,,,,,,,,374.0,,,,,,,,,,,,,,,,0.0,,1.0,,,,,,,,,,,,,,,,,,,,,,,,,,,0.0,0.0,0.0,,,,,,,,,,,,,,,,,,,,,""
11275479153,"25 de abr. de 2024, 20:16:01",Afternoon Weight Training,Treinamento com peso,,4889,0,,,false,,,activities/12045798118.fit.gz,,,4889.0,4889.0,0.0,0.0,0.0,0.0,0.0,0.0,0.0,0.0,0.0,,,,,,,,,347.0,,,,,,,,,,,,,,,,0.0,,1.0,,,,,,,,,,,,,,,,,,,,,,,,,,,0.0,0.0,0.0,,,,,,,,,,,,,,,,,,,,,""
11275479156,"24 de abr. de 2024, 21:03:53",Evening Run,Corrida,,1418,"5,01",,,false,,Adidas Duramo rc,activities/12045798072.fit.gz,,,1418.0,1418.0,5009.0,4.72,3.532,0.0,0.0,0.0,0.0,0.0,0.0,,,,,,,,,276.0,,,,,,,,,,,,,,,,0.0,,1.0,5009.2,,,,,,,,,,,,,,,,17123252.0,,,,,,,,,,0.0,3.532,0.0,,,,,,,,,,,,,,,,,,,,,""
11275479192,"24 de abr. de 2024, 20:19:28",Afternoon Weight Training,Treinamento com peso,,2480,0,,,false,,,activities/12045798028.fit.gz,,,2480.0,2480.0,0.0,0.0,0.0,0.0,0.0,0.0,0.0,0.0,0.0,,,,,,,,,41.0,,,,,,,,,,,,,,,,0.0,,1.0,,,,,,,,,,,,,,,,,,,,,,,,,,,0.0,0.0,0.0,,,,,,,,,,,,,,,,,,,,,""
11275479011,"23 de abr. de 2024, 20:08:12",Afternoon Weight Training,Treinamento com peso,,2883,0,,,false,,,activities/12045797967.fit.gz,,,2883.0,2883.0,0.0,0.0,0.0,0.0,0.0,0.0,0.0,0.0,0.0,,,,,,,,,71.0,,,,,,,,,,,,,,,,0.0,,1.0,,,,,,,,,,,,,,,,,,,,,,,,,,,0.0,0.0,0.0,,,,,,,,,,,,,,,,,,,,,""
11275479070,"22 de abr. de 2024, 11:16:56",Morning Weight Training,Treinamento com peso,,19290,0,,,false,,,activities/12045797921.fit.gz,,,19290.0,19290.0,0.0,0.0,0.0,0.0,0.0,0.0,0.0,0.0,0.0,,,,,,,,,471.0,,,,,,,,,,,,,,,,0.0,,1.0,,,,,,,,,,,,,,,,,,,,,,,,,,,0.0,0.0,0.0,,,,,,,,,,,,,,,,,,,,,""
11235351927,"21 de abr. de 2024, 21:23:22",Evening Run,Corrida,,1619,"5,00",,,false,,Adidas Duramo rc,activities/12004253628.fit.gz,,,1619.0,1610.0,5005.4,4.54,3.109,44.3,73.0,757.5,794.0,13.8,-0.2,,,,,,,,,317.0,,,,,,,,,,,,,,,,0.0,,1.0,5112.0,,,,,,,,,,,,,,,,17123252.0,,,,,,,,,,0.0,3.092,866.3,,,,,,,,,3.175,,,,,,,,,,,,""
11235351995,"20 de abr. de 2024, 19:08:23",Afternoon Run,Corrida,,1361,"5,03",,,false,,Adidas Duramo rc,activities/12004253754.fit.gz,,,1361.0,1361.0,5035.0,4.68,3.699,0.0,0.0,0.0,0.0,0.0,0.0,,,,,,,,,251.0,,,,,,,,,,,,,,,,0.0,,1.0,5035.9,,,,,,,,,,,,,,,,17123252.0,,,,,,,,,,0.0,3.699,0.0,,,,,,,,,,,,,,,,,,,,,""
11235351982,"20 de abr. de 2024, 18:24:17",Afternoon Weight Training,Treinamento com peso,,2554,0,,,false,,,activities/12004253724.fit.gz,,,2554.0,2554.0,0.0,0.0,0.0,0.0,0.0,0.0,0.0,0.0,0.0,,,,,,,,,146.0,,,,,,,,,,,,,,,,0.0,,1.0,,,,,,,,,,,,,,,,,,,,,,,,,,,0.0,0.0,0.0,,,,,,,,,,,,,,,,,,,,,""
11235351988,"19 de abr. de 2024, 20:09:16",Afternoon Weight Training,Treinamento com peso,,5412,0,,,false,,,activities/12004253709.fit.gz,,,5412.0,5412.0,0.0,0.0,0.0,0.0,0.0,0.0,0.0,0.0,0.0,,,,,,,,,278.0,,,,,,,,,,,,,,,,0.0,,1.0,,,,,,,,,,,,,,,,,,,,,,,,,,,0.0,0.0,0.0,,,,,,,,,,,,,,,,,,,,,""
11235351966,"18 de abr. de 2024, 20:22:45",Afternoon Run,Corrida,,74,"0,19",,,false,,Adidas Duramo rc,activities/12004253684.fit.gz,,,74.0,74.0,196.0,4.382,2.649,0.0,0.0,0.0,0.0,0.0,0.0,,,,,,,,,7.0,,,,,,,,,,,,,,,,0.0,,1.0,196.0,,,,,,,,,,,,,,,,17123252.0,,,,,,,,,,0.0,2.649,0.0,,,,,,,,,,,,,,,,,,,,,""
11235351923,"18 de abr. de 2024, 19:11:51",Afternoon Weight Training,Treinamento com peso,,4011,0,,,false,,,activities/12004253661.fit.gz,,,4011.0,4011.0,0.0,0.0,0.0,0.0,0.0,0.0,0.0,0.0,0.0,,,,,,,,,87.0,,,,,,,,,,,,,,,,0.0,,1.0,,,,,,,,,,,,,,,,,,,,,,,,,,,0.0,0.0,0.0,,,,,,,,,,,,,,,,,,,,,""
11235351937,"16 de abr. de 2024, 20:33:46",Afternoon Weight Training,Treinamento com peso,,4831,0,,,false,,,activities/12004253641.fit.gz,,,4831.0,4831.0,0.0,0.0,0.0,0.0,0.0,0.0,0.0,0.0,0.0,,,,,,,,,326.0,,,,,,,,,,,,,,,,0.0,,1.0,,,,,,,,,,,,,,,,,,,,,,,,,,,0.0,0.0,0.0,,,,,,,,,,,,,,,,,,,,,""
11190523684,"15 de abr. de 2024, 20:23:20",Afternoon Run,Corrida,"",1648,"5,03",,,false,,Adidas Duramo rc,activities/11958203801.fit.gz,,,1648.0,1639.0,5037.7,5.56,3.074,44.0,78.0,758.3,802.3,26.5,-0.3,,,,,,,,,312.0,,,,,,,,,7.0,,,,,0.0,52.0,0.0,,1.0,5128.1,,,,,,,,,,,,,,,,17123252.0,,,,,,,,,,0.0,3.057,945.8,,,,,,,,,3.129,,,,,,,,,,,,media/bdecad92-1c18-4311-95c8-7bb7629224d9.jpg
11190523668,"15 de abr. de 2024, 18:29:54",Afternoon Weight Training,Treinamento com peso,,4307,0,,,false,,,activities/11958203774.fit.gz,,,4307.0,4307.0,0.0,0.0,0.0,0.0,0.0,0.0,0.0,0.0,0.0,,,,,,,,,77.0,,,,,,,,,,,,,,,,0.0,,1.0,,,,,,,,,,,,,,,,,,,,,,,,,,,0.0,0.0,0.0,,,,,,,,,,,,,,,,,,,,,""
11190523883,"14 de abr. de 2024, 20:33:03",Afternoon Run,Corrida,,1714,"5,33",,,false,,Adidas Duramo rc,activities/11958203957.fit.gz,,,1714.0,1711.0,5337.1,5.26,3.119,41.5,85.0,759.2,802.3,28.0,-0.3,,,,,,,,,338.0,,,,,,,,,,,,,,,,0.0,,1.0,5439.6,,,,,,,,,,,,,,,,17123252.0,,,,,,,,,,0.0,3.114,856.3,,,,,,,,,3.179,,,,,,,,,,,,""
11190523821,"12 de abr. de 2024, 19:52:01",Afternoon Weight Training,Treinamento com peso,,18489,0,,,false,,,activities/11958203935.fit.gz,,,18489.0,18489.0,0.0,0.0,0.0,0.0,0.0,0.0,0.0,0.0,0.0,,,,,,,,,666.0,,,,,,,,,,,,,,,,0.0,,1.0,,,,,,,,,,,,,,,,,,,,,,,,,,,0.0,0.0,0.0,,,,,,,,,,,,,,,,,,,,,""
11190523770,"11 de abr. de 2024, 20:35:09",Afternoon Run,Corrida,,893,"3,52",,,false,,Adidas Duramo rc,activities/11958203887.fit.gz,,,893.0,893.0,3521.0,4.94,3.943,0.0,0.0,0.0,0.0,0.0,0.0,,,,,,,,,173.0,,,,,,,,,,,,,,,,0.0,,1.0,3521.8,,,,,,,,,,,,,,,,17123252.0,,,,,,,,,,0.0,3.943,0.0,,,,,,,,,,,,,,,,,,,,,""
11190523762,"11 de abr. de 2024, 19:27:58",Afternoon Weight Training,Treinamento com peso,,3935,0,,,false,,,activities/11958203869.fit.gz,,,3935.0,3935.0,0.0,0.0,0.0,0.0,0.0,0.0,0.0,0.0,0.0,,,,,,,,,149.0,,,,,,,,,,,,,,,,0.0,,1.0,,,,,,,,,,,,,,,,,,,,,,,,,,,0.0,0.0,0.0,,,,,,,,,,,,,,,,,,,,,""
11190523669,"10 de abr. de 2024, 21:19:03",Evening Weight Training,Treinamento com peso,,5811,0,,,false,,,activities/11958203840.fit.gz,,,5811.0,5811.0,0.0,0.0,0.0,0.0,0.0,0.0,0.0,0.0,0.0,,,,,,,,,368.0,,,,,,,,,,,,,,,,0.0,,1.0,,,,,,,,,,,,,,,,,,,,,,,,,,,0.0,0.0,0.0,,,,,,,,,,,,,,,,,,,,,""
11190524020,"9 de abr. de 2024, 20:56:23",Afternoon Run,Corrida,,1114,"4,06",,,false,,Adidas Duramo rc,activities/11958204141.fit.gz,,,1114.0,1114.0,4064.0,4.8,3.648,0.0,0.0,0.0,0.0,0.0,0.0,,,,,,,,,223.0,,,,,,,,,,,,,,,,0.0,,1.0,4064.8,,,,,,,,,,,,,,,,17123252.0,,,,,,,,,,0.0,3.648,0.0,,,,,,,,,,,,,,,,,,,,,""
11190523929,"9 de abr. de 2024, 19:58:11",Afternoon Weight Training,Treinamento com peso,,2741,0,,,false,,,activities/11958204103.fit.gz,,,2741.0,2741.0,0.0,0.0,0.0,0.0,0.0,0.0,0.0,0.0,0.0,,,,,,,,,80.0,,,,,,,,,,,,,,,,0.0,,1.0,,,,,,,,,,,,,,,,,,,,,,,,,,,0.0,0.0,0.0,,,,,,,,,,,,,,,,,,,,,""
11190523928,"8 de abr. de 2024, 19:31:29",Afternoon Weight Training,Treinamento com peso,,3247,0,,,false,,,activities/11958204075.fit.gz,,,3247.0,3247.0,0.0,0.0,0.0,0.0,0.0,0.0,0.0,0.0,0.0,,,,,,,,,81.0,,,,,,,,,,,,,,,,0.0,,1.0,,,,,,,,,,,,,,,,,,,,,,,,,,,0.0,0.0,0.0,,,,,,,,,,,,,,,,,,,,,""
11190523922,"6 de abr. de 2024, 21:49:03",Evening Run,Corrida,,442,"1,34",,,false,,Adidas Duramo rc,activities/11958204045.fit.gz,,,442.0,439.0,1347.9,5.22,3.07,7.2,15.0,779.5,784.2,4.1,-0.1,,,,,,,,,84.0,,,,,,,,,,,,,,,,0.0,,1.0,1351.6,,,,,,,,,,,,,,,,17123252.0,,,,,,,,,,0.0,3.05,0.0,,,,,,,,,3.079,,,,,,,,,,,,""
11190523858,"6 de abr. de 2024, 21:22:05",Evening Run,Corrida,,1271,"4,00",,,false,,Adidas Duramo rc,activities/11958204015.fit.gz,,,1271.0,1259.0,4007.7,4.402,3.183,26.3,44.0,770.7,784.3,12.2,0.0,,,,,,,,,249.0,,,,,,,,,,,,,,,,0.0,,1.0,4062.3,,,,,,,,,,,,,,,,17123252.0,,,,,,,,,,0.0,3.153,0.0,,,,,,,,,3.227,,,,,,,,,,,,""
11114271506,"5 de abr. de 2024, 20:07:36",Afternoon Run,Corrida,"",1334,"5,00",,,false,,Adidas Duramo rc,activities/11879621104.fit.gz,,,1334.0,1334.0,5008.0,4.92,3.754,0.0,0.0,0.0,0.0,0.0,0.0,,,,,,,,,252.0,,,,,,,,,,,,,,0.0,,0.0,,1.0,5008.3,,,,,,,,,,,,,,,,17123252.0,,,,,,,,,,0.0,3.754,0.0,,,,,,,,,,,,,,,,,,,,,media/e9fdbffc-5eef-40ea-a4cb-098c1d251b81.jpg
11114054153,"5 de abr. de 2024, 18:49:17",Atividade vespertina,Treinamento com peso,,4442,0,,,false,,,activities/11114054153.gpx,,,4442.0,4442.0,0.0,0.0,0.0,0.0,0.0,0.0,0.0,0.0,0.0,,,,,,,,,,,,,,,,,,,,,,,0.0,,0.0,,1.0,,,,,,,,,,,,,,,,,,,,,,,,,,,0.0,0.0,0.0,,,,,,,,,,,,,,,,,,,,,""
11108994632,"3 de abr. de 2024, 21:19:54",Evening Weight Training,Treinamento com peso,,6250,0,,,false,,,activities/11874170754.fit.gz,,,6250.0,6250.0,0.0,0.0,0.0,0.0,0.0,0.0,0.0,0.0,0.0,,,,,,,,,286.0,,,,,,,,,,,,,,,,0.0,,1.0,,,,,,,,,,,,,,,,,,,,,,,,,,,0.0,0.0,0.0,,,,,,,,,,,,,,,,,,,,,""
11108994649,"2 de abr. de 2024, 19:04:32",Afternoon Weight Training,Treinamento com peso,,4118,0,,,false,,,activities/11874170727.fit.gz,,,4118.0,4118.0,0.0,0.0,0.0,0.0,0.0,0.0,0.0,0.0,0.0,,,,,,,,,94.0,,,,,,,,,,,,,,,,0.0,,1.0,,,,,,,,,,,,,,,,,,,,,,,,,,,0.0,0.0,0.0,,,,,,,,,,,,,,,,,,,,,""
11086720872,"1 de abr. de 2024, 21:24:42",Evening Run,Corrida,"",2083,"6,01",,,false,,Adidas Duramo rc,activities/11851109362.fit.gz,,,2083.0,2073.0,6010.4,4.76,2.899,54.2,115.0,758.0,802.3,44.4,-0.2,,,,,,,,,386.0,,,,,,,,,,,,,,0.0,,0.0,,1.0,6103.4,,,,,,,,,,,,,,,,17123252.0,,,,,,,,,,0.0,2.885,1387.1,,,,,,,,,,,,,,,,,,,,,media/373c5788-4352-42ae-9128-5f52195ee97e.jpg
11086720831,"1 de abr. de 2024, 19:22:11",Afternoon Weight Training,Treinamento com peso,,3958,0,,,false,,,activities/11851109342.fit.gz,,,3958.0,3958.0,0.0,0.0,0.0,0.0,0.0,0.0,0.0,0.0,0.0,,,,,,,,,216.0,,,,,,,,,,,,,,,,0.0,,1.0,,,,,,,,,,,,,,,,,,,,,,,,,,,0.0,0.0,0.0,,,,,,,,,,,,,,,,,,,,,""
11078930554,"31 de mar. de 2024, 18:30:43",Afternoon Run,Corrida,"",2101,"6,02",,,false,,Adidas Duramo rc,activities/11842788908.fit.gz,,,2101.0,2092.0,6026.5,4.94,2.881,59.3,160.0,758.0,802.3,49.5,-0.2,,,,,,,,,390.0,,,,,,,,,,,,,,0.0,,0.0,,1.0,6135.1,,,,,,,,,,,,,,,,17123252.0,,,,,,,,,,0.0,2.868,1412.5,,,,,,,,,,,,,,,,,,,,,""
11078930535,"29 de mar. de 2024, 22:30:46",Evening Run,Corrida,"",1855,"5,36",,,false,,Olympikus Corre 1 Corre 1,activities/11842788934.fit.gz,,,1855.0,1827.0,5359.2,4.62,2.933,99.4,103.0,774.9,822.1,22.0,0.0,,,,,,,,,345.0,,,,,,,,,,,,,,0.0,,0.0,,1.0,5657.3,,,,,,,,,,,,,,,,11197800.0,,,,,,,,,,0.0,2.889,0.0,,,,,,,,,,,,,,,,,,,,,""
11052044805,"27 de mar. de 2024, 22:09:44",Evening Run,Corrida,,2575,"5,00",,,false,,Olympikus Corre 1 Corre 1,activities/11813955227.fit.gz,,,2575.0,1826.0,4999.3,4.0,2.738,123.5,124.0,763.2,842.9,49.5,0.1,,,,,,,,,349.0,,,,,,,,,,,,,,,,0.0,,1.0,5311.8,,,,,,,,,,,,,,,,11197800.0,,,,,,,,,,0.0,1.941,0.0,,,,,,,,,,,,,,,,,,,,,""
11038200642,"24 de mar. de 2024, 22:16:03",Evening Run,Corrida,,1711,"5,01",,,false,,Olympikus Corre 1 Corre 1,activities/11799196915.fit.gz,,,1711.0,1705.0,5012.5,3.72,2.94,43.9,81.0,757.5,794.0,19.3,-0.2,,,,,,,,,314.0,,,,,,,,,,,,,,,,0.0,,1.0,5135.9,,,,,,,,,,,,,,,,11197800.0,,,,,,,,,,0.0,2.93,847.1,,,,,,,,,,,,,,,,,,,,,""
11038200509,"18 de mar. de 2024, 21:56:11",Evening Ride,Pedalada,,2407,"0,68",,,false,,Show Gravel,activities/11799196885.fit.gz,,11.0,2407.0,2407.0,679.0,0.0,0.282,0.0,0.0,0.0,0.0,0.0,0.0,,,,,,,,,355.0,,,,,,,,,,,,,,,,0.0,,1.0,,,,,,,,,,,,,,,,10641974.0,,,,,,,,,,,0.0,0.282,0.0,,,,,,,,,,,,,,,,,,,,,""
11038200569,"17 de mar. de 2024, 20:19:30",Afternoon Run,Corrida,,2097,"6,01",,,false,,Olympikus Corre 1 Corre 1,activities/11799196842.fit.gz,,,2097.0,2029.0,6009.3,5.38,2.962,57.3,121.0,758.0,802.3,16.5,-0.2,,,,,,,,,403.0,,,,,,,,,,,,,,,,0.0,,1.0,6098.8,,,,,,,,,,,,,,,,11197800.0,,,,,,,,,,0.0,2.866,1073.4,,,,,,,,,,,,,,,,,,,,,""
11038200427,"14 de mar. de 2024, 21:05:17",Evening Weight Training,Treinamento com peso,,2097,0,,,false,,,activities/11799196799.fit.gz,,,2097.0,2097.0,0.0,0.0,0.0,0.0,0.0,0.0,0.0,0.0,0.0,,,,,,,,,127.0,,,,,,,,,,,,,,,,0.0,,1.0,,,,,,,,,,,,,,,,,,,,,,,,,,,0.0,0.0,0.0,,,,,,,,,,,,,,,,,,,,,""
11038200412,"13 de mar. de 2024, 22:08:41",Evening Run,Corrida,,603,"2,34",,,false,,Olympikus Corre 1 Corre 1,activities/11799196775.fit.gz,,,603.0,603.0,2345.0,4.66,3.889,0.0,0.0,0.0,0.0,0.0,0.0,,,,,,,,,113.0,,,,,,,,,,,,,,,,0.0,,1.0,2345.2,,,,,,,,,,,,,,,,11197800.0,,,,,,,,,,0.0,3.889,0.0,,,,,,,,,,,,,,,,,,,,,""
11038200425,"13 de mar. de 2024, 21:20:37",Evening Weight Training,Treinamento com peso,,2842,0,,,false,,,activities/11799196752.fit.gz,,,2842.0,2842.0,0.0,0.0,0.0,0.0,0.0,0.0,0.0,0.0,0.0,,,,,,,,,216.0,,,,,,,,,,,,,,,,0.0,,1.0,,,,,,,,,,,,,,,,,,,,,,,,,,,0.0,0.0,0.0,,,,,,,,,,,,,,,,,,,,,""
10947453416,"12 de mar. de 2024, 21:43:24",Noite Passeio,Pedalada,"",9981,"49,79",,,false,,Show Gravel,activities/11705052737.fit.gz,,11.0,9981.0,8274.0,49789.1,11.674,6.018,312.0,302.0,711.0,794.0,44.0,0.0,,,114.0,71.0,,0.0,,199.0,1734.0,,23.0,,,,,,,8.0,,,,,0.0,356.0,0.0,,1.0,,,,,,,,,,,,,,,,10641974.0,,,,,,,,,,,0.0,4.988,2074.2,,,,,,,,,,,,,,,,,,,,,media/8f9b2a61-f0c3-4a89-8e4b-a50ea720ff00.jpg|media/07833c8e-1308-4f7c-bd78-caf9f6cfe45c.jpg|media/6292d509-0f43-4e40-bd62-f763f593a497.jpg|media/d8033967-5889-4376-b560-26b02c834c96.jpg
11038200343,"12 de mar. de 2024, 20:30:28",Afternoon Weight Training,Treinamento com peso,,2864,0,,,false,,,activities/11799196720.fit.gz,,,2864.0,2864.0,0.0,0.0,0.0,0.0,0.0,0.0,0.0,0.0,0.0,,,,,,,,,226.0,,,,,,,,,,,,,,,,0.0,,1.0,,,,,,,,,,,,,,,,,,,,,,,,,,,0.0,0.0,0.0,,,,,,,,,,,,,,,,,,,,,""
10933727665,"10 de mar. de 2024, 21:44:44",Evening Ride,Pedalada,"",4652,"25,39",,,false,,Show Gravel,activities/11690873252.fit.gz,,11.0,4652.0,4652.0,25392.0,14.4,5.458,340.5,383.0,757.4,824.9,36.2,0.0,,,,,,,,176.0,767.0,,,,,,,,,7.0,,,,,0.0,148.0,0.0,,1.0,,,,,,,,,,,,,,,,10641974.0,,,,,,,,,,,0.0,5.458,830.9,,,,,,,,,,,,,,,,,,,,,media/6ff989bc-62e3-48bb-afff-514fcd6b2725.jpg
10919141734,"8 de mar. de 2024, 22:11:28",Evening Run,Corrida,"",1391,"5,05",,,false,,Olympikus Corre 1 Corre 1,activities/11675605609.fit.gz,,,1391.0,1391.0,5049.0,5.84,3.63,0.0,0.0,0.0,0.0,0.0,0.0,,,,,,,,,250.0,,,,,,,,,,,,,,0.0,,0.0,,1.0,5049.0,,,,,,,,,,,,,,,,11197800.0,,,,,,,,,,0.0,3.63,0.0,,,,,,,,,,,,,,,,,,,,,media/c8500512-4410-4c24-9741-35503c02aa31.jpg
10919141717,"8 de mar. de 2024, 21:11:05",Evening Weight Training,Treinamento com peso,,3535,0,,,false,,,activities/11675605597.fit.gz,,,3535.0,3535.0,0.0,0.0,0.0,0.0,0.0,0.0,0.0,0.0,0.0,,,,,,,,,268.0,,,,,,,,,,,,,,,,0.0,,1.0,,,,,,,,,,,,,,,,,,,,,,,,,,,0.0,0.0,0.0,,,,,,,,,,,,,,,,,,,,,""
10919184832,"5 de mar. de 2024, 22:03:59",Evening Workout,Treino,,2294,0,,,false,,,activities/11675649991.fit.gz,,,2294.0,2294.0,0.0,0.0,0.0,0.0,0.0,0.0,0.0,0.0,0.0,,,,,,,,,348.0,,,,,,,,,,,,,,,,0.0,,1.0,,,,,,,,,,,,,,,,,,,,,,,,,,,0.0,0.0,0.0,,,,,,,,,,,,,,,,,,,,,""
10898970907,"5 de mar. de 2024, 22:00:51",Noite Passeio,Pedalada,,2415,"11,18",,,false,,Show Gravel,activities/11654442043.fit.gz,,11.0,2415.0,2282.0,11185.9,11.774,4.902,225.0,219.0,774.0,827.0,49.2,-0.2,,,114.0,68.0,,0.0,,190.0,373.0,,25.0,,,,,,,,,,,,,,0.0,,1.0,,,,,,,,,,,,,,,,10641974.0,,,,,,,,,,,0.0,4.632,268.7,,,,,,,,,,,,,,,,,,,,,""
10919184802,"5 de mar. de 2024, 20:50:27",Afternoon Weight Training,Treinamento com peso,,2948,0,,,false,,,activities/11675649969.fit.gz,,,2948.0,2948.0,0.0,0.0,0.0,0.0,0.0,0.0,0.0,0.0,0.0,,,,,,,,,253.0,,,,,,,,,,,,,,,,0.0,,1.0,,,,,,,,,,,,,,,,,,,,,,,,,,,0.0,0.0,0.0,,,,,,,,,,,,,,,,,,,,,""
10891503394,"4 de mar. de 2024, 21:30:24",Noite Passeio,Pedalada,,4495,"26,12",,,false,,Show Gravel,activities/11642150588.fit.gz,,11.0,4495.0,4462.0,26126.3,13.954,5.855,387.0,412.0,758.0,835.0,41.9,0.0,,,111.0,70.0,,0.0,,225.0,922.0,,25.0,,,,,,,,,,,,,,0.0,,1.0,,,,,,,,,,,,,,,,10641974.0,,,,,,,,,,,0.0,5.812,276.1,,,,,,,,,,,,,,,,,,,,,""
10919184769,"4 de mar. de 2024, 21:29:20",Evening Workout,Treino,,4580,0,,,false,,,activities/11675649930.fit.gz,,,4580.0,4580.0,0.0,0.0,0.0,0.0,0.0,0.0,0.0,0.0,0.0,,,,,,,,,762.0,,,,,,,,,,,,,,,,0.0,,1.0,,,,,,,,,,,,,,,,,,,,,,,,,,,0.0,0.0,0.0,,,,,,,,,,,,,,,,,,,,,""
10919184745,"4 de mar. de 2024, 19:55:55",Afternoon Weight Training,Treinamento com peso,,3194,0,,,false,,,activities/11675649901.fit.gz,,,3194.0,3194.0,0.0,0.0,0.0,0.0,0.0,0.0,0.0,0.0,0.0,,,,,,,,,206.0,,,,,,,,,,,,,,,,0.0,,1.0,,,,,,,,,,,,,,,,,,,,,,,,,,,0.0,0.0,0.0,,,,,,,,,,,,,,,,,,,,,""
10919184735,"3 de mar. de 2024, 22:10:52",Evening Run,Corrida,,1768,"5,01",,,false,,Olympikus Corre 1 Corre 1,activities/11675649868.fit.gz,,,1768.0,1733.0,5013.2,4.48,2.893,46.0,81.0,757.4,780.1,12.3,-0.2,,,,,,,,,328.0,,,,,,,,,,,,,,,,0.0,,1.0,5105.1,,,,,,,,,,,,,,,,11197800.0,,,,,,,,,,0.0,2.836,1101.0,,,,,,,,,,,,,,,,,,,,,""
10858055501,"28 de fev. de 2024, 22:07:42",Evening Run,Corrida,"",2165,"5,51",,,false,,Olympikus Corre 1 Corre 1,activities/11606305478.fit.gz,,,2165.0,2024.0,5512.8,4.06,2.724,129.0,132.0,778.4,822.9,33.0,0.0,,,,,,,,,407.0,,,,,,,,,,,,,,0.0,,0.0,,1.0,5946.8,,,,,,,,,,,,,,,,11197800.0,,,,,,,,,,0.0,2.546,0.0,,,,,,,,,,,,,,,,,,,,,media/75e3bcc5-8266-480e-94d2-276580817a6e.jpg
10843522075,"26 de fev. de 2024, 21:26:12",Evening Run,Corrida,,1357,"4,00",,,false,,Olympikus Corre 1 Corre 1,activities/11591369576.fit.gz,,,1357.0,1351.0,4008.1,4.042,2.967,20.3,41.0,757.4,780.1,14.7,-0.2,,,,,,,,,274.0,,,,,,,,,,,,,,,,0.0,,1.0,4031.7,,,,,,,,,,,,,,,,11197800.0,,,,,,,,,,0.0,2.954,694.9,,,,,,,,,,,,,,,,,,,,,""
10843522028,"26 de fev. de 2024, 20:18:55",Afternoon Weight Training,Treinamento com peso,,3337,0,,,false,,,activities/11591369546.fit.gz,,,3337.0,3337.0,0.0,0.0,0.0,0.0,0.0,0.0,0.0,0.0,0.0,,,,,,,,,307.0,,,,,,,,,,,,,,,,0.0,,1.0,,,,,,,,,,,,,,,,,,,,,,,,,,,0.0,0.0,0.0,,,,,,,,,,,,,,,,,,,,,""
10837677591,"25 de fev. de 2024, 22:07:32",Evening Run,Corrida,,1373,"4,00",,,false,,Olympikus Corre 1 Corre 1,activities/11585337020.fit.gz,,,1373.0,1358.0,4007.1,4.74,2.951,54.1,67.0,779.4,822.1,29.6,-0.1,,,,,,,,,278.0,,,,,,,,,,,,,,,,0.0,,1.0,4151.4,,,,,,,,,,,,,,,,11197800.0,,,,,,,,,,0.0,2.918,0.0,,,,,,,,,,,,,,,,,,,,,""
10837677590,"23 de fev. de 2024, 22:07:44",Evening Ride,Pedalada,,1977,"0,26",,,false,,Show Gravel,activities/11585337036.fit.gz,,11.0,1977.0,1977.0,260.0,2.4,0.132,0.0,0.0,0.0,0.0,0.0,0.0,,,,,,,,,353.0,,,,,,,,,,,,,,,,0.0,,1.0,,,,,,,,,,,,,,,,10641974.0,,,,,,,,,,,0.0,0.132,0.0,,,,,,,,,,,,,,,,,,,,,""
10829832388,"19 de fev. de 2024, 11:31:45",Morning Weight Training,Treinamento com peso,,3938,0,,,false,,,activities/11577120888.fit.gz,,,3938.0,3938.0,0.0,0.0,0.0,0.0,0.0,0.0,0.0,0.0,0.0,,,,,,,,,280.0,,,,,,,,,,,,,,,,0.0,,1.0,,,,,,,,,,,,,,,,,,,,,,,,,,,0.0,0.0,0.0,,,,,,,,,,,,,,,,,,,,,""
10829832390,"18 de fev. de 2024, 23:25:01",Evening Run,Corrida,,1786,"5,02",,,false,,Olympikus Corre 1 Corre 1,activities/11577120872.fit.gz,,,1786.0,1776.0,5024.0,3.7,2.829,37.4,85.0,757.4,780.1,13.1,0.0,,,,,,,,,341.0,,,,,,,,,,,,,,,,0.0,,1.0,5100.1,,,,,,,,,,,,,,,,11197800.0,,,,,,,,,,0.0,2.813,1066.1,,,,,,,,,,,,,,,,,,,,,""
10792231858,"16 de fev. de 2024, 19:28:49",Afternoon Weight Training,Treinamento com peso,,4603,0,,,false,,,activities/11538459292.fit.gz,,,4603.0,4603.0,0.0,0.0,0.0,0.0,0.0,0.0,0.0,0.0,0.0,,,,,,,,,325.0,,,,,,,,,,,,,,,,0.0,,1.0,,,,,,,,,,,,,,,,,,,,,,,,,,,0.0,0.0,0.0,,,,,,,,,,,,,,,,,,,,,""
10771985690,"13 de fev. de 2024, 22:06:48",Evening Ride,Pedalada,,156,"0,01",,,false,,Show Gravel,activities/11517480330.fit.gz,,11.0,156.0,156.0,14.0,2.0,0.09,0.0,0.0,0.0,0.0,0.0,0.0,,,,,,,,,14.0,,,,,,,,,,,,,,,,0.0,,1.0,,,,,,,,,,,,,,,,10641974.0,,,,,,,,,,,0.0,0.09,0.0,,,,,,,,,,,,,,,,,,,,,""
10771985659,"13 de fev. de 2024, 21:07:05",Evening Run,Corrida,,1728,"5,01",,,false,,Olympikus Corre 1 Corre 1,activities/11517480270.fit.gz,,,1728.0,1721.0,5012.1,4.16,2.912,25.6,56.0,757.4,781.6,19.5,-0.2,,,,,,,,,345.0,,,,,,,,,,,,,,,,0.0,,1.0,5049.5,,,,,,,,,,,,,,,,11197800.0,,,,,,,,,,0.0,2.901,649.4,,,,,,,,,,,,,,,,,,,,,""
10771985617,"13 de fev. de 2024, 10:35:52",Morning Weight Training,Treinamento com peso,,3502,0,,,false,,,activities/11517480233.fit.gz,,,3502.0,3502.0,0.0,0.0,0.0,0.0,0.0,0.0,0.0,0.0,0.0,,,,,,,,,212.0,,,,,,,,,,,,,,,,0.0,,1.0,,,,,,,,,,,,,,,,,,,,,,,,,,,0.0,0.0,0.0,,,,,,,,,,,,,,,,,,,,,""
10771985668,"12 de fev. de 2024, 10:56:14",Morning Weight Training,Treinamento com peso,,3936,0,,,false,,,activities/11517480305.fit.gz,,,3936.0,3936.0,0.0,0.0,0.0,0.0,0.0,0.0,0.0,0.0,0.0,,,,,,,,,314.0,,,,,,,,,,,,,,,,0.0,,1.0,,,,,,,,,,,,,,,,,,,,,,,,,,,0.0,0.0,0.0,,,,,,,,,,,,,,,,,,,,,""
10743780684,"11 de fev. de 2024, 21:06:33",Evening Run,Corrida,,1720,"5,01",,,false,,Olympikus Corre 1 Corre 1,activities/11488444209.fit.gz,,,1720.0,1717.0,5014.8,4.14,2.921,39.9,72.0,759.0,802.9,19.7,-0.2,,,,,,,,,329.0,,,,,,,,,,,,,,,,0.0,,1.0,5067.8,,,,,,,,,,,,,,,,11197800.0,,,,,,,,,,0.0,2.916,552.9,,,,,,,,,,,,,,,,,,,,,""
10743836265,"5 de fev. de 2024, 19:42:19",Afternoon Weight Training,Treinamento com peso,,4200,0,,,false,,,activities/11488501185.fit.gz,,,4200.0,4200.0,0.0,0.0,0.0,0.0,0.0,0.0,0.0,0.0,0.0,,,,,,,,,162.0,,,,,,,,,,,,,,,,0.0,,1.0,,,,,,,,,,,,,,,,,,,,,,,,,,,0.0,0.0,0.0,,,,,,,,,,,,,,,,,,,,,""
10743836249,"4 de fev. de 2024, 21:34:43",Evening Ride,Pedalada,,3732,"1,07",,,false,,Show Gravel,activities/11488501147.fit.gz,,11.0,3732.0,3732.0,1070.0,2.4,0.287,0.0,0.0,0.0,0.0,0.0,0.0,,,,,,,,,511.0,,,,,,,,,,,,,,,,0.0,,1.0,,,,,,,,,,,,,,,,10641974.0,,,,,,,,,,,0.0,0.287,0.0,,,,,,,,,,,,,,,,,,,,,""
10690360243,"3 de fev. de 2024, 20:55:01",Afternoon Ride,Pedalada,,1861,"1,01",,,false,,Show Gravel,activities/11433226573.fit.gz,,11.0,1861.0,1861.0,1018.0,2.4,0.547,0.0,0.0,0.0,0.0,0.0,0.0,,,,,,,,,289.0,,,,,,,,,,,,,,,,0.0,,1.0,,,,,,,,,,,,,,,,10641974.0,,,,,,,,,,,0.0,0.547,0.0,,,,,,,,,,,,,,,,,,,,,""
10683418167,"2 de fev. de 2024, 21:45:06",Evening Run,Corrida,,2254,"7,55",,,false,,Olympikus Corre 1 Corre 1,activities/11426050858.fit.gz,,,2254.0,2254.0,7551.0,5.54,3.35,0.0,0.0,0.0,0.0,0.0,0.0,,,,,,,,,383.0,,,,,,,,,,,,,,,,0.0,,1.0,7551.7,,,,,,,,,,,,,,,,11197800.0,,,,,,,,,,0.0,3.35,0.0,,,,,,,,,,,,,,,,,,,,,""
10683418134,"2 de fev. de 2024, 20:56:31",Afternoon Weight Training,Treinamento com peso,,2827,0,,,false,,,activities/11426050838.fit.gz,,,2827.0,2827.0,0.0,0.0,0.0,0.0,0.0,0.0,0.0,0.0,0.0,,,,,,,,,151.0,,,,,,,,,,,,,,,,0.0,,1.0,,,,,,,,,,,,,,,,,,,,,,,,,,,0.0,0.0,0.0,,,,,,,,,,,,,,,,,,,,,""
10683418212,"2 de fev. de 2024, 00:04:53",Night Ride,Pedalada,,417,"2,62",,,false,,Show Gravel,activities/11426050896.fit.gz,,11.0,417.0,417.0,2624.0,10.6,6.293,23.7,61.0,762.5,798.7,23.8,-0.4,,,,,,,,202.0,51.0,,,,,,,,,,,,,,,,0.0,,1.0,,,,,,,,,,,,,,,,10641974.0,,,,,,,,,,,0.0,6.293,556.0,,,,,,,,,,,,,,,,,,,,,""
10683418196,"31 de jan. de 2024, 22:31:45",Evening Ride,Pedalada,,2741,"0,79",,,false,,Show Gravel,activities/11426050874.fit.gz,,11.0,2741.0,2741.0,789.0,3.6,0.288,0.0,0.0,0.0,0.0,0.0,0.0,,,,,,,,,404.0,,,,,,,,,,,,,,,,0.0,,1.0,,,,,,,,,,,,,,,,10641974.0,,,,,,,,,,,0.0,0.288,0.0,,,,,,,,,,,,,,,,,,,,,""
10663991710,"30 de jan. de 2024, 22:15:36",Evening Ride,Pedalada,,2497,"0,64",,,false,,Show Gravel,activities/11406126689.fit.gz,,11.0,2497.0,2497.0,642.0,3.2,0.257,0.0,0.0,0.0,0.0,0.0,0.0,,,,,,,,,455.0,,,,,,,,,,,,,,,,0.0,,1.0,,,,,,,,,,,,,,,,10641974.0,,,,,,,,,,,0.0,0.257,0.0,,,,,,,,,,,,,,,,,,,,,""
10663991728,"30 de jan. de 2024, 20:38:16",Afternoon Weight Training,Treinamento com peso,,3762,0,,,false,,,activities/11406126711.fit.gz,,,3762.0,3762.0,0.0,0.0,0.0,0.0,0.0,0.0,0.0,0.0,0.0,,,,,,,,,147.0,,,,,,,,,,,,,,,,0.0,,1.0,,,,,,,,,,,,,,,,,,,,,,,,,,,0.0,0.0,0.0,,,,,,,,,,,,,,,,,,,,,""
10657021983,"29 de jan. de 2024, 23:17:53",Evening Run,Corrida,,1042,"4,01",,,false,,Olympikus Corre 1 Corre 1,activities/11398972108.fit.gz,,,1042.0,1042.0,4016.0,4.66,3.854,0.0,0.0,0.0,0.0,0.0,0.0,,,,,,,,,211.0,,,,,,,,,,,,,,,,0.0,,1.0,4016.2,,,,,,,,,,,,,,,,11197800.0,,,,,,,,,,0.0,3.854,0.0,,,,,,,,,,,,,,,,,,,,,""
10657021949,"29 de jan. de 2024, 22:28:54",Evening Weight Training,Treinamento com peso,,2737,0,,,false,,,activities/11398972061.fit.gz,,,2737.0,2737.0,0.0,0.0,0.0,0.0,0.0,0.0,0.0,0.0,0.0,,,,,,,,,197.0,,,,,,,,,,,,,,,,0.0,,1.0,,,,,,,,,,,,,,,,,,,,,,,,,,,0.0,0.0,0.0,,,,,,,,,,,,,,,,,,,,,""
10657065507,"27 de jan. de 2024, 21:22:31",Evening Ride,Pedalada,,903,"0,05",,,false,,Show Gravel,activities/11399016455.fit.gz,,11.0,903.0,903.0,51.0,2.0,0.056,0.0,0.0,0.0,0.0,0.0,0.0,,,,,,,,,170.0,,,,,,,,,,,,,,,,0.0,,1.0,,,,,,,,,,,,,,,,10641974.0,,,,,,,,,,,0.0,0.056,0.0,,,,,,,,,,,,,,,,,,,,,""
10657065484,"27 de jan. de 2024, 21:17:05",Evening Ride,Pedalada,,176,"0,01",,,false,,Show Gravel,activities/11399016439.fit.gz,,11.0,176.0,176.0,11.0,1.8,0.063,0.0,0.0,0.0,0.0,0.0,0.0,,,,,,,,,11.0,,,,,,,,,,,,,,,,0.0,,1.0,,,,,,,,,,,,,,,,10641974.0,,,,,,,,,,,0.0,0.063,0.0,,,,,,,,,,,,,,,,,,,,,""
10657065468,"26 de jan. de 2024, 21:26:47",Evening Run,Corrida,,1326,"5,02",,,false,,Olympikus Corre 1 Corre 1,activities/11399016412.fit.gz,,,1326.0,1326.0,5021.0,4.96,3.787,0.0,0.0,0.0,0.0,0.0,0.0,,,,,,,,,258.0,,,,,,,,,,,,,,,,0.0,,1.0,5021.0,,,,,,,,,,,,,,,,11197800.0,,,,,,,,,,0.0,3.787,0.0,,,,,,,,,,,,,,,,,,,,,""
10657065457,"26 de jan. de 2024, 20:29:37",Afternoon Weight Training,Treinamento com peso,,3316,0,,,false,,,activities/11399016378.fit.gz,,,3316.0,3316.0,0.0,0.0,0.0,0.0,0.0,0.0,0.0,0.0,0.0,,,,,,,,,209.0,,,,,,,,,,,,,,,,0.0,,1.0,,,,,,,,,,,,,,,,,,,,,,,,,,,0.0,0.0,0.0,,,,,,,,,,,,,,,,,,,,,""
10609889132,"22 de jan. de 2024, 20:29:03",Atividade vespertina,Treinamento com peso,,4798,0,,,false,,,activities/10609889132.gpx,,,4798.0,4798.0,0.0,0.0,0.0,0.0,0.0,0.0,0.0,0.0,0.0,,,,,,,,,,,,,,,,,,,,,,,0.0,,0.0,,1.0,,,,,,,,,,,,,,,,,,,,,,,,,,,0.0,0.0,0.0,,,,,,,,,,,,,,,,,,,,,""
10600260073,"21 de jan. de 2024, 09:58:12",Morning Run,Corrida,,2606,"7,25",,,false,,Olympikus Corre 1 Corre 1,activities/11340370096.fit.gz,,,2606.0,2603.0,7250.1,4.74,2.785,123.2,1383.0,869.3,902.0,8.6,0.0,,,,,,,,,499.0,,,,,,,,,,,,,,,,0.0,,1.0,7463.1,,,,,,,,,,,,,,,,11197800.0,,,,,,,,,,0.0,2.782,0.0,,,,,,,,,,,,,,,,,,,,,""
10579525488,"17 de jan. de 2024, 09:44:16",Morning Weight Training,Treinamento com peso,,3283,0,,,false,,,activities/11318986031.fit.gz,,,3283.0,3283.0,0.0,0.0,0.0,0.0,0.0,0.0,0.0,0.0,0.0,,,,,,,,,281.0,,,,,,,,,,,,,,,,0.0,,1.0,,,,,,,,,,,,,,,,,,,,,,,,,,,0.0,0.0,0.0,,,,,,,,,,,,,,,,,,,,,""
10572442702,"16 de jan. de 2024, 21:16:21",Evening Run,Corrida,,1780,"4,79",,,false,,Olympikus Corre 1 Corre 1,activities/11311600024.fit.gz,,,1780.0,1733.0,4796.5,4.46,2.768,32.3,220.0,779.3,785.1,10.8,0.0,,,,,,,,,358.0,,,,,,,,,,,,,,,,0.0,,1.0,4837.2,,,,,,,,,,,,,,,,11197800.0,,,,,,,,,,0.0,2.695,0.0,,,,,,,,,,,,,,,,,,,,,""
10572492916,"15 de jan. de 2024, 21:14:20",Evening Run,Corrida,,1009,"3,68",,,false,,Olympikus Corre 1 Corre 1,activities/11311650942.fit.gz,,,1009.0,1009.0,3683.0,4.94,3.65,0.0,0.0,0.0,0.0,0.0,0.0,,,,,,,,,201.0,,,,,,,,,,,,,,,,0.0,,1.0,3683.4,,,,,,,,,,,,,,,,11197800.0,,,,,,,,,,0.0,3.65,0.0,,,,,,,,,,,,,,,,,,,,,""
10572493186,"15 de jan. de 2024, 20:01:26",Afternoon Weight Training,Treinamento com peso,,4323,0,,,false,,,activities/11311651252.fit.gz,,,4323.0,4323.0,0.0,0.0,0.0,0.0,0.0,0.0,0.0,0.0,0.0,,,,,,,,,263.0,,,,,,,,,,,,,,,,0.0,,1.0,,,,,,,,,,,,,,,,,,,,,,,,,,,0.0,0.0,0.0,,,,,,,,,,,,,,,,,,,,,""
10572493202,"12 de jan. de 2024, 11:01:42",Morning Weight Training,Treinamento com peso,,23852,0,,,false,,,activities/11311651204.fit.gz,,,23852.0,23852.0,0.0,0.0,0.0,0.0,0.0,0.0,0.0,0.0,0.0,,,,,,,,,262.0,,,,,,,,,,,,,,,,0.0,,1.0,,,,,,,,,,,,,,,,,,,,,,,,,,,0.0,0.0,0.0,,,,,,,,,,,,,,,,,,,,,""
10572493101,"12 de jan. de 2024, 09:56:12",Morning Weight Training,Treinamento com peso,,3063,0,,,false,,,activities/11311651143.fit.gz,,,3063.0,3063.0,0.0,0.0,0.0,0.0,0.0,0.0,0.0,0.0,0.0,,,,,,,,,86.0,,,,,,,,,,,,,,,,0.0,,1.0,,,,,,,,,,,,,,,,,,,,,,,,,,,0.0,0.0,0.0,,,,,,,,,,,,,,,,,,,,,""
10572493139,"10 de jan. de 2024, 10:46:18",Morning Weight Training,Treinamento com peso,,5753,0,,,false,,,activities/11311651104.fit.gz,,,5753.0,5753.0,0.0,0.0,0.0,0.0,0.0,0.0,0.0,0.0,0.0,,,,,,,,,183.0,,,,,,,,,,,,,,,,0.0,,1.0,,,,,,,,,,,,,,,,,,,,,,,,,,,0.0,0.0,0.0,,,,,,,,,,,,,,,,,,,,,""
10572493116,"9 de jan. de 2024, 22:44:42",Evening Ride,Pedalada,,3471,"18,95",,,false,,Show Gravel,activities/11311651064.fit.gz,,11.0,3471.0,3283.0,18950.0,14.0,5.772,305.6,2968.0,757.4,842.8,47.5,0.0,,,,,,,,205.0,543.0,,,,,,,,,,,,,,,,0.0,,1.0,,,,,,,,,,,,,,,,10641974.0,,,,,,,,,,,0.0,5.46,0.0,,,,,,,,,,,,,,,,,,,,,""
10572493326,"8 de jan. de 2024, 21:44:46",Evening Run,Corrida,,335,"1,20",,,false,,Olympikus Corre 1 Corre 1,activities/11311651024.fit.gz,,,335.0,335.0,1207.0,4.54,3.603,0.0,0.0,0.0,0.0,0.0,0.0,,,,,,,,,57.0,,,,,,,,,,,,,,,,0.0,,1.0,1207.3,,,,,,,,,,,,,,,,11197800.0,,,,,,,,,,0.0,3.603,0.0,,,,,,,,,,,,,,,,,,,,,""
10572492970,"8 de jan. de 2024, 20:22:23",Afternoon Weight Training,Treinamento com peso,,4865,0,,,false,,,activities/11311651003.fit.gz,,,4865.0,4865.0,0.0,0.0,0.0,0.0,0.0,0.0,0.0,0.0,0.0,,,,,,,,,292.0,,,,,,,,,,,,,,,,0.0,,1.0,,,,,,,,,,,,,,,,,,,,,,,,,,,0.0,0.0,0.0,,,,,,,,,,,,,,,,,,,,,""
10572492983,"7 de jan. de 2024, 21:10:31",Evening Run,Corrida,,1805,"5,01",,,false,,Olympikus Corre 1 Corre 1,activities/11311650975.fit.gz,,,1805.0,1770.0,5009.9,4.76,2.83,18.8,468.0,762.5,781.7,17.7,0.0,,,,,,,,,329.0,,,,,,,,,,,,,,,,0.0,,1.0,5043.6,,,,,,,,,,,,,,,,11197800.0,,,,,,,,,,0.0,2.776,587.5,,,,,,,,,,,,,,,,,,,,,""
10498206191,"5 de jan. de 2024, 09:30:07",Morning Run,Corrida,"",6098,"15,00",,,false,,Olympikus Corre 1 Corre 1,activities/11233788306.fit.gz,,,6098.0,5993.0,15005.2,3.402,2.504,72.0,1904.0,266.1,326.5,40.5,-0.1,,,,,,,,,982.0,,,,,,,,,7.0,,,,,0.0,191.0,0.0,,1.0,15071.0,,,,,,,,,,,,,,,,11197800.0,,,,,,,,,,0.0,2.461,1423.4,,,,,,,,,,,,,,,,,,,,,media/7074ae67-56ca-4acc-86f8-377af8bda46e.jpg
10498206031,"4 de jan. de 2024, 14:16:14",Lunch Weight Training,Treinamento com peso,,7522,0,,,false,,,activities/11233788243.fit.gz,,,7522.0,7522.0,0.0,0.0,0.0,0.0,0.0,0.0,0.0,0.0,0.0,,,,,,,,,145.0,,,,,,,,,,,,,,,,0.0,,1.0,,,,,,,,,,,,,,,,,,,,,,,,,,,0.0,0.0,0.0,,,,,,,,,,,,,,,,,,,,,""
10491594401,"3 de jan. de 2024, 23:50:08",Evening Run,Corrida,,2000,"6,00",,,false,,Olympikus Corre 1 Corre 1,activities/11226894509.fit.gz,,,2000.0,1994.0,6006.8,4.08,3.012,30.6,337.0,261.5,285.7,13.2,0.0,,,,,,,,,378.0,,,,,,,,,,,,,,,,0.0,,1.0,6050.1,,,,,,,,,,,,,,,,11197800.0,,,,,,,,,,0.0,3.003,17.0,,,,,,,,,,,,,,,,,,,,,""
10491594301,"3 de jan. de 2024, 13:19:17",Morning Weight Training,Treinamento com peso,,5479,0,,,false,,,activities/11226894468.fit.gz,,,5479.0,5479.0,0.0,0.0,0.0,0.0,0.0,0.0,0.0,0.0,0.0,,,,,,,,,59.0,,,,,,,,,,,,,,,,0.0,,1.0,,,,,,,,,,,,,,,,,,,,,,,,,,,0.0,0.0,0.0,,,,,,,,,,,,,,,,,,,,,""
10491594428,"2 de jan. de 2024, 09:16:10",Morning Weight Training,Treinamento com peso,,6462,0,,,false,,,activities/11226894549.fit.gz,,,6462.0,6462.0,0.0,0.0,0.0,0.0,0.0,0.0,0.0,0.0,0.0,,,,,,,,,289.0,,,,,,,,,,,,,,,,0.0,,1.0,,,,,,,,,,,,,,,,,,,,,,,,,,,0.0,0.0,0.0,,,,,,,,,,,,,,,,,,,,,""
10466721054,"31 de dez. de 2023, 09:06:57",Morning Run,Corrida,"",4464,"12,00",,,false,,Olympikus Corre 1 Corre 1,activities/11201051992.fit.gz,,,4464.0,4287.0,12007.2,3.88,2.801,165.6,1870.0,266.2,302.4,11.4,0.0,,,,,,,,,799.0,,,,,,,,,,,,,,0.0,,0.0,,1.0,12281.8,,,,,,,,,,,,,,,,11197800.0,,,,,,,,,,0.0,2.69,8667.1,,,,,,,,,,,,,,,,,,,,,media/d9aa4e54-9658-41d4-b879-ed0e65125193.jpg
10466720973,"30 de dez. de 2023, 13:46:15",Morning Weight Training,Treinamento com peso,,3675,0,,,false,,,activities/11201052038.fit.gz,,,3675.0,3675.0,0.0,0.0,0.0,0.0,0.0,0.0,0.0,0.0,0.0,,,,,,,,,360.0,,,,,,,,,,,,,,,,0.0,,1.0,,,,,,,,,,,,,,,,,,,,,,,,,,,0.0,0.0,0.0,,,,,,,,,,,,,,,,,,,,,""
10459022330,"29 de dez. de 2023, 23:17:52",Evening Run,Corrida,"",2043,"6,00",,,false,,Olympikus Corre 1 Corre 1,activities/11193039786.fit.gz,,,2043.0,2040.0,6005.0,4.02,2.944,31.2,631.0,-206.5,286.5,11.1,0.0,,,,,,,,,406.0,,,,,,,,,6.0,,,,,0.0,53.0,0.0,,1.0,6047.0,,,,,,,,,,,,,,,,11197800.0,,,,,,,,,,0.0,2.939,16.9,,,,,,,,,,,,,,,,,,,,,""
10459022280,"29 de dez. de 2023, 12:45:17",Morning Weight Training,Treinamento com peso,,6169,0,,,false,,,activities/11193039761.fit.gz,,,6169.0,6169.0,0.0,0.0,0.0,0.0,0.0,0.0,0.0,0.0,0.0,,,,,,,,,488.0,,,,,,,,,,,,,,,,0.0,,1.0,,,,,,,,,,,,,,,,,,,,,,,,,,,0.0,0.0,0.0,,,,,,,,,,,,,,,,,,,,,""
10459056102,"28 de dez. de 2023, 13:06:41",Morning Weight Training,Treinamento com peso,,5948,0,,,false,,,activities/11193074601.fit.gz,,,5948.0,5948.0,0.0,0.0,0.0,0.0,0.0,0.0,0.0,0.0,0.0,,,,,,,,,195.0,,,,,,,,,,,,,,,,0.0,,1.0,,,,,,,,,,,,,,,,,,,,,,,,,,,0.0,0.0,0.0,,,,,,,,,,,,,,,,,,,,,""
10459056089,"27 de dez. de 2023, 10:59:48",Morning Weight Training,Treinamento com peso,,5706,0,,,false,,,activities/11193074584.fit.gz,,,5706.0,5706.0,0.0,0.0,0.0,0.0,0.0,0.0,0.0,0.0,0.0,,,,,,,,,218.0,,,,,,,,,,,,,,,,0.0,,1.0,,,,,,,,,,,,,,,,,,,,,,,,,,,0.0,0.0,0.0,,,,,,,,,,,,,,,,,,,,,""
10442282982,"26 de dez. de 2023, 21:01:29",Evening Ride,Pedalada,,10436,"32,72",,,false,,Show Gravel,activities/11175679799.fit.gz,,11.0,10436.0,6690.0,32721.0,14.4,4.891,424.9,27241.0,742.3,820.0,25.0,0.0,,,,,,,,155.0,792.0,,,,,,,,,,,,,,,,0.0,,1.0,,,,,,,,,,,,,,,,10641974.0,,,,,,,,,,,0.0,3.135,2094.3,,,,,,,,,,,,,,,,,,,,,""
10442282863,"26 de dez. de 2023, 18:55:00",Afternoon Ride,Pedalada,,3372,"5,76",,,false,,Show Gravel,activities/11175679753.fit.gz,,11.0,3372.0,1288.0,5759.0,14.0,4.471,128.4,1109.0,762.7,824.8,44.3,0.1,,,,,,,,173.0,134.0,,,,,,,,,,,,,,,,0.0,,1.0,,,,,,,,,,,,,,,,10641974.0,,,,,,,,,,,0.0,1.708,14.0,,,,,,,,,,,,,,,,,,,,,""
10442282861,"26 de dez. de 2023, 10:29:40",Morning Weight Training,Treinamento com peso,,30327,0,,,false,,,activities/11175679730.fit.gz,,,30327.0,30327.0,0.0,0.0,0.0,0.0,0.0,0.0,0.0,0.0,0.0,,,,,,,,,437.0,,,,,,,,,,,,,,,,0.0,,1.0,,,,,,,,,,,,,,,,,,,,,,,,,,,0.0,0.0,0.0,,,,,,,,,,,,,,,,,,,,,""
10442282943,"25 de dez. de 2023, 19:54:16",Afternoon Run,Corrida,,1687,"5,01",,,false,,Olympikus Corre 1 Corre 1,activities/11175679843.fit.gz,,,1687.0,1681.0,5014.9,4.24,2.983,17.0,650.0,757.4,780.1,8.1,-0.2,,,,,,,,,317.0,,,,,,,,,,,,,,,,0.0,,1.0,5020.6,,,,,,,,,,,,,,,,11197800.0,,,,,,,,,,0.0,2.973,556.8,,,,,,,,,,,,,,,,,,,,,""
10432146951,"24 de dez. de 2023, 20:54:09",Afternoon Run,Corrida,,1688,"5,00",,,false,,Olympikus Corre 1 Corre 1,activities/11165092150.fit.gz,,,1688.0,1670.0,5005.0,4.82,2.997,16.7,474.0,757.4,780.1,7.8,-0.2,,,,,,,,,318.0,,,,,,,,,,,,,,,,0.0,,1.0,5016.8,,,,,,,,,,,,,,,,11197800.0,,,,,,,,,,0.0,2.965,470.3,,,,,,,,,,,,,,,,,,,,,""
10432146916,"23 de dez. de 2023, 11:26:07",Morning Weight Training,Treinamento com peso,,4131,0,,,false,,,activities/11165092185.fit.gz,,,4131.0,4131.0,0.0,0.0,0.0,0.0,0.0,0.0,0.0,0.0,0.0,,,,,,,,,207.0,,,,,,,,,,,,,,,,0.0,,1.0,,,,,,,,,,,,,,,,,,,,,,,,,,,0.0,0.0,0.0,,,,,,,,,,,,,,,,,,,,,""
10891492167,"22 de dez. de 2023, 21:50:45",Noite Passeio,Pedalada,,7973,"35,13",,,false,,Show Gravel,activities/11642138110.fit.gz,,11.0,7973.0,5936.0,35138.2,13.922,5.92,450.0,444.0,747.0,821.0,46.0,0.0,,,,0.0,,0.0,,220.0,1216.0,,25.0,,,,,,,,,,,,,,0.0,,1.0,,,,,,,,,,,,,,,,10641974.0,,,,,,,,,,,0.0,4.407,1380.8,,,,,,,,,,,,,,,,,,,,,""
10422131334,"22 de dez. de 2023, 21:48:40",Evening Workout,Treino,,8419,0,,,false,,,activities/11154663151.fit.gz,,,8419.0,8419.0,0.0,0.0,0.0,0.0,0.0,0.0,0.0,0.0,0.0,,,,,,,,,1177.0,,,,,,,,,,,,,,,,0.0,,1.0,,,,,,,,,,,,,,,,,,,,,,,,,,,0.0,0.0,0.0,,,,,,,,,,,,,,,,,,,,,""
10422131346,"22 de dez. de 2023, 10:45:50",Morning Weight Training,Treinamento com peso,,3633,0,,,false,,,activities/11154663171.fit.gz,,,3633.0,3633.0,0.0,0.0,0.0,0.0,0.0,0.0,0.0,0.0,0.0,,,,,,,,,188.0,,,,,,,,,,,,,,,,0.0,,1.0,,,,,,,,,,,,,,,,,,,,,,,,,,,0.0,0.0,0.0,,,,,,,,,,,,,,,,,,,,,""
10422153861,"21 de dez. de 2023, 11:24:09",Morning Run,Corrida,,1562,"6,01",,,false,,Olympikus Corre 1 Corre 1,activities/11154686327.fit.gz,,,1562.0,1562.0,6017.0,4.96,3.852,0.0,0.0,0.0,0.0,0.0,0.0,,,,,,,,,260.0,,,,,,,,,,,,,,,,0.0,,1.0,6017.0,,,,,,,,,,,,,,,,11197800.0,,,,,,,,,,0.0,3.852,0.0,,,,,,,,,,,,,,,,,,,,,""
10422153844,"21 de dez. de 2023, 10:21:32",Morning Weight Training,Treinamento com peso,,3739,0,,,false,,,activities/11154686309.fit.gz,,,3739.0,3739.0,0.0,0.0,0.0,0.0,0.0,0.0,0.0,0.0,0.0,,,,,,,,,117.0,,,,,,,,,,,,,,,,0.0,,1.0,,,,,,,,,,,,,,,,,,,,,,,,,,,0.0,0.0,0.0,,,,,,,,,,,,,,,,,,,,,""
10422153828,"20 de dez. de 2023, 09:50:23",Morning Weight Training,Treinamento com peso,,6683,0,,,false,,,activities/11154686287.fit.gz,,,6683.0,6683.0,0.0,0.0,0.0,0.0,0.0,0.0,0.0,0.0,0.0,,,,,,,,,208.0,,,,,,,,,,,,,,,,0.0,,1.0,,,,,,,,,,,,,,,,,,,,,,,,,,,0.0,0.0,0.0,,,,,,,,,,,,,,,,,,,,,""
10422153807,"19 de dez. de 2023, 11:32:36",Morning Run,Corrida,,1296,"5,01",,,false,,Olympikus Corre 1 Corre 1,activities/11154686263.fit.gz,,,1296.0,1296.0,5009.0,4.94,3.865,0.0,0.0,0.0,0.0,0.0,0.0,,,,,,,,,253.0,,,,,,,,,,,,,,,,0.0,,1.0,5009.3,,,,,,,,,,,,,,,,11197800.0,,,,,,,,,,0.0,3.865,0.0,,,,,,,,,,,,,,,,,,,,,""
10422153735,"19 de dez. de 2023, 10:45:13",Morning Weight Training,Treinamento com peso,,2687,0,,,false,,,activities/11154686212.fit.gz,,,2687.0,2687.0,0.0,0.0,0.0,0.0,0.0,0.0,0.0,0.0,0.0,,,,,,,,,259.0,,,,,,,,,,,,,,,,0.0,,1.0,,,,,,,,,,,,,,,,,,,,,,,,,,,0.0,0.0,0.0,,,,,,,,,,,,,,,,,,,,,""
10422153755,"19 de dez. de 2023, 10:39:44",Morning Weight Training,Treinamento com peso,,310,0,,,false,,,activities/11154686237.fit.gz,,,310.0,310.0,0.0,0.0,0.0,0.0,0.0,0.0,0.0,0.0,0.0,,,,,,,,,45.0,,,,,,,,,,,,,,,,0.0,,1.0,,,,,,,,,,,,,,,,,,,,,,,,,,,0.0,0.0,0.0,,,,,,,,,,,,,,,,,,,,,""
10422153709,"18 de dez. de 2023, 11:58:52",Morning Run,Corrida,,1847,"7,08",,,false,,Olympikus Corre 1 Corre 1,activities/11154686174.fit.gz,,,1847.0,1847.0,7079.0,4.94,3.833,0.0,0.0,0.0,0.0,0.0,0.0,,,,,,,,,352.0,,,,,,,,,,,,,,,,0.0,,1.0,7079.0,,,,,,,,,,,,,,,,11197800.0,,,,,,,,,,0.0,3.833,0.0,,,,,,,,,,,,,,,,,,,,,""
10422153723,"18 de dez. de 2023, 10:48:12",Morning Weight Training,Treinamento com peso,,4155,0,,,false,,,activities/11154686199.fit.gz,,,4155.0,4155.0,0.0,0.0,0.0,0.0,0.0,0.0,0.0,0.0,0.0,,,,,,,,,223.0,,,,,,,,,,,,,,,,0.0,,1.0,,,,,,,,,,,,,,,,,,,,,,,,,,,0.0,0.0,0.0,,,,,,,,,,,,,,,,,,,,,""
10422153688,"15 de dez. de 2023, 10:30:36",Morning Weight Training,Treinamento com peso,,2830,0,,,false,,,activities/11154686157.fit.gz,,,2830.0,2830.0,0.0,0.0,0.0,0.0,0.0,0.0,0.0,0.0,0.0,,,,,,,,,282.0,,,,,,,,,,,,,,,,0.0,,1.0,,,,,,,,,,,,,,,,,,,,,,,,,,,0.0,0.0,0.0,,,,,,,,,,,,,,,,,,,,,""
10422153652,"14 de dez. de 2023, 10:17:43",Morning Weight Training,Treinamento com peso,,5324,0,,,false,,,activities/11154686121.fit.gz,,,5324.0,5324.0,0.0,0.0,0.0,0.0,0.0,0.0,0.0,0.0,0.0,,,,,,,,,308.0,,,,,,,,,,,,,,,,0.0,,1.0,,,,,,,,,,,,,,,,,,,,,,,,,,,0.0,0.0,0.0,,,,,,,,,,,,,,,,,,,,,""
10422153669,"13 de dez. de 2023, 10:10:35",Morning Weight Training,Treinamento com peso,,4167,0,,,false,,,activities/11154686144.fit.gz,,,4167.0,4167.0,0.0,0.0,0.0,0.0,0.0,0.0,0.0,0.0,0.0,,,,,,,,,338.0,,,,,,,,,,,,,,,,0.0,,1.0,,,,,,,,,,,,,,,,,,,,,,,,,,,0.0,0.0,0.0,,,,,,,,,,,,,,,,,,,,,""
10362858688,"11 de dez. de 2023, 10:54:20",Atividade matinal,Treinamento com peso,,4134,0,,,false,,,activities/10362858688.gpx,,,4134.0,4134.0,0.0,0.0,0.0,0.0,0.0,0.0,0.0,0.0,0.0,,,,,,,,,,,,,,,,,,,,,,,0.0,,0.0,,1.0,,,,,,,,,,,,,,,,,,,,,,,,,,,0.0,0.0,0.0,,,,,,,,,,,,,,,,,,,,,""
10422153633,"8 de dez. de 2023, 20:47:12",Afternoon Weight Training,Treinamento com peso,,3150,0,,,false,,,activities/11154686093.fit.gz,,,3150.0,3150.0,0.0,0.0,0.0,0.0,0.0,0.0,0.0,0.0,0.0,,,,,,,,,170.0,,,,,,,,,,,,,,,,0.0,,1.0,,,,,,,,,,,,,,,,,,,,,,,,,,,0.0,0.0,0.0,,,,,,,,,,,,,,,,,,,,,""
10422153605,"7 de dez. de 2023, 20:51:54",Afternoon Weight Training,Treinamento com peso,,3580,0,,,false,,,activities/11154686074.fit.gz,,,3580.0,3580.0,0.0,0.0,0.0,0.0,0.0,0.0,0.0,0.0,0.0,,,,,,,,,229.0,,,,,,,,,,,,,,,,0.0,,1.0,,,,,,,,,,,,,,,,,,,,,,,,,,,0.0,0.0,0.0,,,,,,,,,,,,,,,,,,,,,""
10422153932,"5 de dez. de 2023, 21:07:27",Evening Weight Training,Treinamento com peso,,4663,0,,,false,,,activities/11154686394.fit.gz,,,4663.0,4663.0,0.0,0.0,0.0,0.0,0.0,0.0,0.0,0.0,0.0,,,,,,,,,508.0,,,,,,,,,,,,,,,,0.0,,1.0,,,,,,,,,,,,,,,,,,,,,,,,,,,0.0,0.0,0.0,,,,,,,,,,,,,,,,,,,,,""
10422153949,"4 de dez. de 2023, 19:29:24",Afternoon Weight Training,Treinamento com peso,,5496,0,,,false,,,activities/11154686410.fit.gz,,,5496.0,5496.0,0.0,0.0,0.0,0.0,0.0,0.0,0.0,0.0,0.0,,,,,,,,,419.0,,,,,,,,,,,,,,,,0.0,,1.0,,,,,,,,,,,,,,,,,,,,,,,,,,,0.0,0.0,0.0,,,,,,,,,,,,,,,,,,,,,""
10422153914,"1 de dez. de 2023, 20:24:09",Afternoon Weight Training,Treinamento com peso,,3882,0,,,false,,,activities/11154686383.fit.gz,,,3882.0,3882.0,0.0,0.0,0.0,0.0,0.0,0.0,0.0,0.0,0.0,,,,,,,,,267.0,,,,,,,,,,,,,,,,0.0,,1.0,,,,,,,,,,,,,,,,,,,,,,,,,,,0.0,0.0,0.0,,,,,,,,,,,,,,,,,,,,,""
10422153885,"30 de nov. de 2023, 20:48:48",Afternoon Weight Training,Treinamento com peso,,2678,0,,,false,,,activities/11154686366.fit.gz,,,2678.0,2678.0,0.0,0.0,0.0,0.0,0.0,0.0,0.0,0.0,0.0,,,,,,,,,276.0,,,,,,,,,,,,,,,,0.0,,1.0,,,,,,,,,,,,,,,,,,,,,,,,,,,0.0,0.0,0.0,,,,,,,,,,,,,,,,,,,,,""
10422153875,"28 de nov. de 2023, 21:12:13",Evening Weight Training,Treinamento com peso,,5010,0,,,false,,,activities/11154686352.fit.gz,,,5010.0,5010.0,0.0,0.0,0.0,0.0,0.0,0.0,0.0,0.0,0.0,,,,,,,,,365.0,,,,,,,,,,,,,,,,0.0,,1.0,,,,,,,,,,,,,,,,,,,,,,,,,,,0.0,0.0,0.0,,,,,,,,,,,,,,,,,,,,,""
10250646230,"20 de nov. de 2023, 10:21:41",Manhã Passeio,Pedalada,,6149,"36,05",,,false,,Show Gravel,activities/10976600282.fit.gz,,11.0,6149.0,5156.0,36058.9,12.402,6.994,203.0,154.0,704.0,792.0,31.3,0.2,,,,0.0,,0.0,,237.0,1340.0,,24.0,,,,,,,,,,,,,,0.0,,1.0,,,,,,,,,,,,,,,,10641974.0,,,,,,,,,,,0.0,5.864,541.2,,,,,,,,,,,,,,,,,,,,,""
10250605996,"20 de nov. de 2023, 08:46:04",Noite Passeio,Pedalada,,4395,"31,54",,,false,,Show Gravel,activities/10976558074.fit.gz,,11.0,4395.0,3338.0,31540.3,12.65,9.449,116.0,124.0,716.0,735.0,14.7,0.0,,,,0.0,,0.0,,318.0,1283.0,,22.0,,,,,,,,,,,,,,0.0,,1.0,,,,,,,,,,,,,,,,10641974.0,,,,,,,,,,,0.0,7.176,48.2,,,,,,,,,,,,,,,,,,,,,""
10250605897,"20 de nov. de 2023, 07:59:30",Noite Passeio,Pedalada,,2788,"12,85",,,false,,Show Gravel,activities/10976558022.fit.gz,,11.0,2788.0,1814.0,12855.7,15.166,7.087,135.0,195.0,721.0,790.0,19.6,-0.5,,,,0.0,,0.0,,243.0,485.0,,21.0,,,,,,,,,,,,,,0.0,,1.0,,,,,,,,,,,,,,,,10641974.0,,,,,,,,,,,0.0,4.611,0.0,,,,,,,,,,,,,,,,,,,,,""
10238226347,"18 de nov. de 2023, 00:01:37",Night Ride,Pedalada,,5094,"17,79",,,false,,Show Gravel,activities/10963649559.fit.gz,,11.0,5094.0,3214.0,17791.0,11.2,5.535,161.4,1964.0,729.4,798.6,47.5,0.3,,,,,,,,177.0,458.0,,,,,,,,,,,,,,,,0.0,,1.0,,,,,,,,,,,,,,,,10641974.0,,,,,,,,,,,0.0,3.493,363.0,,,,,,,,,,,,,,,,,,,,,""
10238226253,"17 de nov. de 2023, 22:11:12",Evening Ride,Pedalada,,4091,"30,94",,,false,,Show Gravel,activities/10963649468.fit.gz,,11.0,4091.0,3721.0,30947.0,11.6,8.317,13.2,1439.0,725.6,729.6,5.0,0.0,,,,,,,,253.0,634.0,,,,,,,,,,,,,,,,0.0,,1.0,,,,,,,,,,,,,,,,10641974.0,,,,,,,,,,,0.0,7.565,0.0,,,,,,,,,,,,,,,,,,,,,""
10238226268,"17 de nov. de 2023, 21:04:01",Evening Ride,Pedalada,,4003,"18,67",,,false,,Show Gravel,activities/10963649515.fit.gz,,11.0,4003.0,3135.0,18669.0,10.6,5.955,90.2,2023.0,725.6,788.0,20.5,-0.3,,,,,,,,162.0,439.0,,,,,,,,,,,,,,,,0.0,,1.0,,,,,,,,,,,,,,,,10641974.0,,,,,,,,,,,0.0,4.664,1201.0,,,,,,,,,,,,,,,,,,,,,""
10238226069,"13 de nov. de 2023, 20:32:58",Afternoon Weight Training,Treinamento com peso,,3777,0,,,false,,,activities/10963649399.fit.gz,,,3777.0,3777.0,0.0,0.0,0.0,0.0,0.0,0.0,0.0,0.0,0.0,,,,,,,,,413.0,,,,,,,,,,,,,,,,0.0,,1.0,,,,,,,,,,,,,,,,,,,,,,,,,,,0.0,0.0,0.0,,,,,,,,,,,,,,,,,,,,,""
10208922351,"12 de nov. de 2023, 23:50:56",Evening Run,Corrida,"",1814,"5,04",,,false,,Olympikus Corre 1 Corre 1,activities/10933217554.fit.gz,,,1814.0,1682.0,5042.6,4.38,2.998,46.6,647.0,762.3,787.6,16.7,0.1,,,,,,,,,334.0,,,,,,,,,6.0,,,,,0.0,44.0,0.0,,1.0,5186.6,,,,,,,,,,,,,,,,11197800.0,,,,,,,,,,0.0,2.78,891.8,,,,,,,,,,,,,,,,,,,,,media/9c13d2a0-a269-4b52-a7d4-21255c21b11b.jpg
10208922372,"6 de nov. de 2023, 22:38:34",Evening Run,Corrida,,1963,"6,03",,,false,,Olympikus Corre 1 Corre 1,activities/10933217569.fit.gz,,,1963.0,1910.0,6030.4,4.92,3.157,27.0,611.0,779.1,785.6,15.4,0.0,,,,,,,,,372.0,,,,,,,,,,,,,,,,0.0,,1.0,6091.1,,,,,,,,,,,,,,,,11197800.0,,,,,,,,,,0.0,3.072,0.0,,,,,,,,,,,,,,,,,,,,,""
10167110041,"5 de nov. de 2023, 16:00:41",Meio-dia Passeio,Pedalada,,8642,"48,09",,,false,,Show Gravel,activities/10889777369.fit.gz,,11.0,8642.0,7687.0,48089.2,11.548,6.256,402.0,387.0,720.0,823.0,26.1,0.0,,,,0.0,,0.0,,214.0,1685.0,,32.0,,,,,,,,,,,,,,0.0,,1.0,,,,,,,,,,,,,,,,10641974.0,,,,,,,,,,,0.0,5.565,2268.4,,,,,,,,,,,,,,,,,,,,,""
10167102889,"5 de nov. de 2023, 15:59:29",Lunch Workout,Treino,,8881,0,,,false,,,activities/10889769714.fit.gz,,,8881.0,8881.0,0.0,0.0,0.0,0.0,0.0,0.0,0.0,0.0,0.0,,,,,,,,,1307.0,,,,,,,,,,,,,,,,0.0,,1.0,,,,,,,,,,,,,,,,,,,,,,,,,,,0.0,0.0,0.0,,,,,,,,,,,,,,,,,,,,,""
10148459980,"2 de nov. de 2023, 11:36:17",Morning Weight Training,Treinamento com peso,,3027,0,,,false,,,activities/10870189699.fit.gz,,,3027.0,3027.0,0.0,0.0,0.0,0.0,0.0,0.0,0.0,0.0,0.0,,,,,,,,,158.0,,,,,,,,,,,,,,,,0.0,,1.0,,,,,,,,,,,,,,,,,,,,,,,,,,,0.0,0.0,0.0,,,,,,,,,,,,,,,,,,,,,""
10148460062,"31 de out. de 2023, 23:21:26",Evening Weight Training,Treinamento com peso,,2273,0,,,false,,,activities/10870189777.fit.gz,,,2273.0,2273.0,0.0,0.0,0.0,0.0,0.0,0.0,0.0,0.0,0.0,,,,,,,,,93.0,,,,,,,,,,,,,,,,0.0,,1.0,,,,,,,,,,,,,,,,,,,,,,,,,,,0.0,0.0,0.0,,,,,,,,,,,,,,,,,,,,,""
10148460030,"31 de out. de 2023, 22:26:36",Evening Run,Corrida,,1313,"5,03",,,false,,Olympikus Corre 1 Corre 1,activities/10870189760.fit.gz,,,1313.0,1313.0,5029.0,4.72,3.83,0.0,0.0,0.0,0.0,0.0,0.0,,,,,,,,,248.0,,,,,,,,,,,,,,,,0.0,,1.0,5025.9,,,,,,,,,,,,,,,,11197800.0,,,,,,,,,,0.0,3.83,0.0,,,,,,,,,,,,,,,,,,,,,""
10148460007,"31 de out. de 2023, 21:18:32",Evening Weight Training,Treinamento com peso,,3988,0,,,false,,,activities/10870189737.fit.gz,,,3988.0,3988.0,0.0,0.0,0.0,0.0,0.0,0.0,0.0,0.0,0.0,,,,,,,,,328.0,,,,,,,,,,,,,,,,0.0,,1.0,,,,,,,,,,,,,,,,,,,,,,,,,,,0.0,0.0,0.0,,,,,,,,,,,,,,,,,,,,,""
10133110796,"30 de out. de 2023, 21:47:54",Evening Run,Corrida,,1362,"4,00",,,false,,Olympikus Corre 1 Corre 1,activities/10854092106.fit.gz,,,1362.0,1341.0,4007.6,5.78,2.989,24.4,336.0,779.0,785.5,41.4,0.1,,,,,,,,,252.0,,,,,,,,,,,,,,,,0.0,,1.0,4046.2,,,,,,,,,,,,,,,,11197800.0,,,,,,,,,,0.0,2.942,0.0,,,,,,,,,,,,,,,,,,,,,""
10133110755,"30 de out. de 2023, 20:16:50",Afternoon Weight Training,Treinamento com peso,,5327,0,,,false,,,activities/10854092076.fit.gz,,,5327.0,5327.0,0.0,0.0,0.0,0.0,0.0,0.0,0.0,0.0,0.0,,,,,,,,,331.0,,,,,,,,,,,,,,,,0.0,,1.0,,,,,,,,,,,,,,,,,,,,,,,,,,,0.0,0.0,0.0,,,,,,,,,,,,,,,,,,,,,""
10127897965,"29 de out. de 2023, 21:29:53",Evening Run,Corrida,"",2085,"6,03",,,false,,Olympikus Corre 1 Corre 1,activities/10848626625.fit.gz,,,2085.0,2076.0,6030.5,5.14,2.905,55.1,947.0,757.1,791.6,15.9,-0.3,,,,,,,,,378.0,,,,,,,,,,,,,,0.0,,0.0,,1.0,6131.1,,,,,,,,,,,,,,,,11197800.0,,,,,,,,,,0.0,2.892,1040.6,,,,,,,,,,,,,,,,,,,,,media/f44efc99-665c-4298-aa26-88ae2c5b5e79.jpg|media/efae97c6-3324-41b3-9440-1e388d47189f.jpg
10127898019,"27 de out. de 2023, 20:51:43",Afternoon Weight Training,Treinamento com peso,,4931,0,,,false,,,activities/10848626688.fit.gz,,,4931.0,4931.0,0.0,0.0,0.0,0.0,0.0,0.0,0.0,0.0,0.0,,,,,,,,,193.0,,,,,,,,,,,,,,,,0.0,,1.0,,,,,,,,,,,,,,,,,,,,,,,,,,,0.0,0.0,0.0,,,,,,,,,,,,,,,,,,,,,""
10127898055,"26 de out. de 2023, 23:28:45",Evening Run,Corrida,,1462,"6,01",,,false,,Olympikus Corre 1 Corre 1,activities/10848626743.fit.gz,,,1462.0,1462.0,6010.0,4.96,4.111,0.0,0.0,0.0,0.0,0.0,0.0,,,,,,,,,276.0,,,,,,,,,,,,,,,,0.0,,1.0,6010.7,,,,,,,,,,,,,,,,11197800.0,,,,,,,,,,0.0,4.111,0.0,,,,,,,,,,,,,,,,,,,,,""
10127898028,"26 de out. de 2023, 22:26:29",Evening Weight Training,Treinamento com peso,,3616,0,,,false,,,activities/10848626704.fit.gz,,,3616.0,3616.0,0.0,0.0,0.0,0.0,0.0,0.0,0.0,0.0,0.0,,,,,,,,,254.0,,,,,,,,,,,,,,,,0.0,,1.0,,,,,,,,,,,,,,,,,,,,,,,,,,,0.0,0.0,0.0,,,,,,,,,,,,,,,,,,,,,""
10127897977,"25 de out. de 2023, 21:22:05",Evening Run,Corrida,,1474,"6,01",,,false,,Olympikus Corre 1 Corre 1,activities/10848626662.fit.gz,,,1474.0,1474.0,6015.0,5.16,4.081,0.0,0.0,0.0,0.0,0.0,0.0,,,,,,,,,285.0,,,,,,,,,,,,,,,,0.0,,1.0,6011.9,,,,,,,,,,,,,,,,11197800.0,,,,,,,,,,0.0,4.081,0.0,,,,,,,,,,,,,,,,,,,,,""
10127897971,"25 de out. de 2023, 20:35:32",Afternoon Weight Training,Treinamento com peso,,2723,0,,,false,,,activities/10848626648.fit.gz,,,2723.0,2723.0,0.0,0.0,0.0,0.0,0.0,0.0,0.0,0.0,0.0,,,,,,,,,136.0,,,,,,,,,,,,,,,,0.0,,1.0,,,,,,,,,,,,,,,,,,,,,,,,,,,0.0,0.0,0.0,,,,,,,,,,,,,,,,,,,,,""
10099789444,"24 de out. de 2023, 21:45:49",Evening Run,Corrida,,1229,"5,02",,,false,,Olympikus Corre 1 Corre 1,activities/10819228841.fit.gz,,,1229.0,1229.0,5021.0,4.94,4.085,0.0,0.0,0.0,0.0,0.0,0.0,,,,,,,,,233.0,,,,,,,,,,,,,,,,0.0,,1.0,5021.0,,,,,,,,,,,,,,,,11197800.0,,,,,,,,,,0.0,4.085,0.0,,,,,,,,,,,,,,,,,,,,,""
10099789434,"24 de out. de 2023, 20:43:55",Afternoon Weight Training,Treinamento com peso,,3541,0,,,false,,,activities/10819228829.fit.gz,,,3541.0,3541.0,0.0,0.0,0.0,0.0,0.0,0.0,0.0,0.0,0.0,,,,,,,,,290.0,,,,,,,,,,,,,,,,0.0,,1.0,,,,,,,,,,,,,,,,,,,,,,,,,,,0.0,0.0,0.0,,,,,,,,,,,,,,,,,,,,,""
10093107942,"23 de out. de 2023, 22:27:24",Noite Passeio,Pedalada,,3858,"22,43",,,false,,Show Gravel,activities/10812305252.fit.gz,,11.0,3858.0,3820.0,22434.2,13.824,5.873,364.0,364.0,768.0,833.0,38.8,-0.1,,,,0.0,,0.0,,222.0,805.0,,22.0,,,,,,,,,,,,,,0.0,,1.0,,,,,,,,,,,,,,,,10641974.0,,,,,,,,,,,0.0,5.815,275.6,,,,,,,,,,,,,,,,,,,,,""
10099344703,"23 de out. de 2023, 20:01:53",Afternoon Weight Training,Treinamento com peso,,6107,0,,,false,,,activities/10818766158.fit.gz,,,6107.0,6107.0,0.0,0.0,0.0,0.0,0.0,0.0,0.0,0.0,0.0,,,,,,,,,482.0,,,,,,,,,,,,,,,,0.0,,1.0,,,,,,,,,,,,,,,,,,,,,,,,,,,0.0,0.0,0.0,,,,,,,,,,,,,,,,,,,,,""
10086721721,"22 de out. de 2023, 18:14:12",Afternoon Run,Corrida,"",2774,"8,01",,,false,,Olympikus Corre 1 Corre 1,activities/10805626857.fit.gz,,,2774.0,2767.0,8011.1,4.64,2.895,86.3,1530.0,757.3,813.5,16.2,-0.1,,,,,,,,,516.0,,,,,,,,,,,,,,0.0,,0.0,,1.0,8226.8,,,,,,,,,,,,,,,,11197800.0,,,,,,,,,,0.0,2.888,728.1,,,,,,,,,,,,,,,,,,,,,media/63d1f3a0-5a7c-44c1-a15e-2c3c2546891e.jpg
10074977616,"20 de out. de 2023, 23:03:40",Evening Ride,Pedalada,,3734,"20,74",,,false,,Show Gravel,activities/10793382862.fit.gz,,11.0,3734.0,3734.0,20743.0,13.0,5.555,0.0,3759.0,0.0,0.0,49.1,0.0,,,,,,,,245.0,629.0,,,,,,,,,,,,,,,,0.0,,1.0,,,,,,,,,,,,,,,,10641974.0,,,,,,,,,,,0.0,5.555,0.0,,,,,,,,,,,,,,,,,,,,,""
10074977563,"20 de out. de 2023, 21:20:14",Evening Weight Training,Treinamento com peso,,3676,0,,,false,,,activities/10793382836.fit.gz,,,3676.0,3676.0,0.0,0.0,0.0,0.0,0.0,0.0,0.0,0.0,0.0,,,,,,,,,173.0,,,,,,,,,,,,,,,,0.0,,1.0,,,,,,,,,,,,,,,,,,,,,,,,,,,0.0,0.0,0.0,,,,,,,,,,,,,,,,,,,,,""
10074977630,"19 de out. de 2023, 23:19:33",Evening Run,Corrida,,1277,"5,01",,,false,,Olympikus Corre 1 Corre 1,activities/10793382913.fit.gz,,,1277.0,1277.0,5015.0,4.86,3.927,0.0,0.0,0.0,0.0,0.0,0.0,,,,,,,,,254.0,,,,,,,,,,,,,,,,0.0,,1.0,5015.7,,,,,,,,,,,,,,,,11197800.0,,,,,,,,,,0.0,3.927,0.0,,,,,,,,,,,,,,,,,,,,,""
10074977615,"19 de out. de 2023, 22:17:47",Evening Weight Training,Treinamento com peso,,3548,0,,,false,,,activities/10793382889.fit.gz,,,3548.0,3548.0,0.0,0.0,0.0,0.0,0.0,0.0,0.0,0.0,0.0,,,,,,,,,286.0,,,,,,,,,,,,,,,,0.0,,1.0,,,,,,,,,,,,,,,,,,,,,,,,,,,0.0,0.0,0.0,,,,,,,,,,,,,,,,,,,,,""
10072729446,"18 de out. de 2023, 21:28:19",Evening Run,Corrida,,1185,"5,03",,,false,,Olympikus Corre 1 Corre 1,activities/10791053509.fit.gz,,,1185.0,1185.0,5029.0,5.1,4.244,0.0,0.0,0.0,0.0,0.0,0.0,,,,,,,,,212.0,,,,,,,,,,,,,,,,0.0,,1.0,5029.1,,,,,,,,,,,,,,,,11197800.0,,,,,,,,,,0.0,4.244,0.0,,,,,,,,,,,,,,,,,,,,,""
10072729424,"18 de out. de 2023, 20:26:05",Afternoon Weight Training,Treinamento com peso,,3644,0,,,false,,,activities/10791053487.fit.gz,,,3644.0,3644.0,0.0,0.0,0.0,0.0,0.0,0.0,0.0,0.0,0.0,,,,,,,,,113.0,,,,,,,,,,,,,,,,0.0,,1.0,,,,,,,,,,,,,,,,,,,,,,,,,,,0.0,0.0,0.0,,,,,,,,,,,,,,,,,,,,,""
10072729396,"17 de out. de 2023, 21:31:24",Evening Weight Training,Treinamento com peso,,4440,0,,,false,,,activities/10791053452.fit.gz,,,4440.0,4440.0,0.0,0.0,0.0,0.0,0.0,0.0,0.0,0.0,0.0,,,,,,,,,354.0,,,,,,,,,,,,,,,,0.0,,1.0,,,,,,,,,,,,,,,,,,,,,,,,,,,0.0,0.0,0.0,,,,,,,,,,,,,,,,,,,,,""
10051529921,"16 de out. de 2023, 19:49:50",Afternoon Run,Corrida,,1225,"5,00",,,false,,Olympikus Corre 1 Corre 1,activities/10769018082.fit.gz,,,1225.0,1225.0,5008.0,5.16,4.088,0.0,0.0,0.0,0.0,0.0,0.0,,,,,,,,,217.0,,,,,,,,,,,,,,,,0.0,,1.0,5008.6,,,,,,,,,,,,,,,,11197800.0,,,,,,,,,,0.0,4.088,0.0,,,,,,,,,,,,,,,,,,,,,""
10051529952,"16 de out. de 2023, 18:36:20",Afternoon Weight Training,Treinamento com peso,,4271,0,,,false,,,activities/10769018102.fit.gz,,,4271.0,4271.0,0.0,0.0,0.0,0.0,0.0,0.0,0.0,0.0,0.0,,,,,,,,,243.0,,,,,,,,,,,,,,,,0.0,,1.0,,,,,,,,,,,,,,,,,,,,,,,,,,,0.0,0.0,0.0,,,,,,,,,,,,,,,,,,,,,""
10045526370,"15 de out. de 2023, 15:41:54",Meio-dia Passeio,Pedalada,,11148,"54,35",,,false,,Show Gravel,activities/10762763012.fit.gz,,11.0,11148.0,8394.0,54354.2,11.642,6.475,376.0,365.0,720.0,794.0,25.8,0.0,,,,0.0,,0.0,,214.0,1942.0,,32.0,,,,,,,,,,,,,,0.0,,1.0,,,,,,,,,,,,,,,,10641974.0,,,,,,,,,,,0.0,4.876,1853.0,,,,,,,,,,,,,,,,,,,,,""
10033631508,"13 de out. de 2023, 20:33:53",Afternoon Weight Training,Treinamento com peso,,5883,0,,,false,,,activities/10750350192.fit.gz,,,5883.0,5883.0,0.0,0.0,0.0,0.0,0.0,0.0,0.0,0.0,0.0,,,,,,,,,439.0,,,,,,,,,,,,,,,,0.0,,1.0,,,,,,,,,,,,,,,,,,,,,,,,,,,0.0,0.0,0.0,,,,,,,,,,,,,,,,,,,,,""
10025519922,"12 de out. de 2023, 12:27:31",Morning Weight Training,Treinamento com peso,,4217,0,,,false,,,activities/10741931610.fit.gz,,,4217.0,4217.0,0.0,0.0,0.0,0.0,0.0,0.0,0.0,0.0,0.0,,,,,,,,,267.0,,,,,,,,,,,,,,,,0.0,,1.0,,,,,,,,,,,,,,,,,,,,,,,,,,,0.0,0.0,0.0,,,,,,,,,,,,,,,,,,,,,""
10025519965,"11 de out. de 2023, 20:54:29",Afternoon Weight Training,Treinamento com peso,,3982,0,,,false,,,activities/10741931677.fit.gz,,,3982.0,3982.0,0.0,0.0,0.0,0.0,0.0,0.0,0.0,0.0,0.0,,,,,,,,,169.0,,,,,,,,,,,,,,,,0.0,,1.0,,,,,,,,,,,,,,,,,,,,,,,,,,,0.0,0.0,0.0,,,,,,,,,,,,,,,,,,,,,""
10015929351,"10 de out. de 2023, 22:29:05",Evening Run,Corrida,,1315,"5,01",,,false,,Olympikus Corre 1 Corre 1,activities/10731976227.fit.gz,,,1315.0,1315.0,5015.0,4.76,3.814,0.0,0.0,0.0,0.0,0.0,0.0,,,,,,,,,256.0,,,,,,,,,,,,,,,,0.0,,1.0,5015.9,,,,,,,,,,,,,,,,11197800.0,,,,,,,,,,0.0,3.814,0.0,,,,,,,,,,,,,,,,,,,,,""
10015929324,"10 de out. de 2023, 21:38:30",Evening Weight Training,Treinamento com peso,,2792,0,,,false,,,activities/10731976185.fit.gz,,,2792.0,2792.0,0.0,0.0,0.0,0.0,0.0,0.0,0.0,0.0,0.0,,,,,,,,,186.0,,,,,,,,,,,,,,,,0.0,,1.0,,,,,,,,,,,,,,,,,,,,,,,,,,,0.0,0.0,0.0,,,,,,,,,,,,,,,,,,,,,""
10009131444,"9 de out. de 2023, 21:34:13",Evening Run,Corrida,"",2792,"8,01",,,false,,Olympikus Corre 1 Corre 1,activities/10724943429.fit.gz,,,2792.0,2777.0,8011.5,4.2,2.885,105.2,1395.0,757.7,825.7,31.7,-0.1,,,,,,,,,508.0,,,,,,,,,7.0,,,,,0.0,88.0,0.0,,1.0,8364.0,,,,,,,,,,,,,,,,11197800.0,,,,,,,,,,0.0,2.869,215.6,,,,,,,,,,,,,,,,,,,,,media/b5a42550-eb8a-4659-ad3e-f6f9a4914e60.jpg
10009131439,"9 de out. de 2023, 20:03:24",Afternoon Weight Training,Treinamento com peso,,4671,0,,,false,,,activities/10724943464.fit.gz,,,4671.0,4671.0,0.0,0.0,0.0,0.0,0.0,0.0,0.0,0.0,0.0,,,,,,,,,284.0,,,,,,,,,,,,,,,,0.0,,1.0,,,,,,,,,,,,,,,,,,,,,,,,,,,0.0,0.0,0.0,,,,,,,,,,,,,,,,,,,,,""
9990587682,"6 de out. de 2023, 22:48:52",Taboão/Embu,Pedalada,"",9518,"35,90",,,false,,Show Gravel,activities/10705564388.fit.gz,,11.0,9518.0,8098.0,35903.6,13.446,4.434,504.0,502.0,750.0,842.0,47.0,0.1,,,,0.0,,0.0,,160.0,1159.0,,26.0,,,,,,,6.0,,,,,0.0,213.0,0.0,,1.0,,,,,,,,,,,,,,,,10641974.0,,,,,,,,,,,0.0,3.772,3086.4,,,,,,,,,,,,,,,,,,,,,media/61b41caf-42c4-4b9e-a5b7-60279aee4a8f.jpg
9984622391,"5 de out. de 2023, 22:54:01",Evening Run,Corrida,"",1809,"7,14",,,false,,Olympikus Corre 1 Corre 1,activities/10699339714.fit.gz,,,1809.0,1809.0,7148.0,4.92,3.951,0.0,0.0,0.0,0.0,0.0,0.0,,,,,,,,,343.0,,,,,,,,,6.0,,,,,0.0,47.0,0.0,,1.0,7148.2,,,,,,,,,,,,,,,,11197800.0,,,,,,,,,,0.0,3.951,0.0,,,,,,,,,,,,,,,,,,,,,media/680bc019-fefc-4d6d-8ec5-f397d7fd5b23.jpg
9984622363,"5 de out. de 2023, 21:38:43",Evening Weight Training,Treinamento com peso,,4377,0,,,false,,,activities/10699339681.fit.gz,,,4377.0,4377.0,0.0,0.0,0.0,0.0,0.0,0.0,0.0,0.0,0.0,,,,,,,,,136.0,,,,,,,,,,,,,,,,0.0,,1.0,,,,,,,,,,,,,,,,,,,,,,,,,,,0.0,0.0,0.0,,,,,,,,,,,,,,,,,,,,,""
9984628485,"4 de out. de 2023, 20:56:55",Afternoon Weight Training,Treinamento com peso,,3678,0,,,false,,,activities/10699345987.fit.gz,,,3678.0,3678.0,0.0,0.0,0.0,0.0,0.0,0.0,0.0,0.0,0.0,,,,,,,,,208.0,,,,,,,,,,,,,,,,0.0,,1.0,,,,,,,,,,,,,,,,,,,,,,,,,,,0.0,0.0,0.0,,,,,,,,,,,,,,,,,,,,,""
9962605845,"2 de out. de 2023, 13:40:08",Manhã Passeio,Pedalada,"",6007,"34,62",,,false,,Show Gravel,activities/10676405996.fit.gz,,11.0,6007.0,5122.0,34622.6,11.19,6.76,280.0,212.0,718.0,833.0,43.1,0.1,,,,0.0,,0.0,,235.0,1290.0,,24.0,,,,,,,7.0,,,,,0.0,163.0,0.0,,1.0,,,,,,,,,,,,,,,,10641974.0,,,,,,,,,,,0.0,5.764,384.0,,,,,,,,,,,,,,,,,,,,,media/75ecc3ef-1b3f-4206-af45-33fc51ab4361.jpg|media/88b9015a-e680-465d-b829-42d9291e1ca7.jpg
9962558555,"2 de out. de 2023, 12:30:39",Manhã Passeio,Pedalada,,4014,"19,98",,,false,,Show Gravel,activities/10676356295.fit.gz,,11.0,4014.0,3417.0,19980.5,12.386,5.847,152.0,211.0,731.0,799.0,20.6,-0.3,,,,0.0,,0.0,,193.0,689.0,,22.0,,,,,,,,,,,,,,0.0,,1.0,,,,,,,,,,,,,,,,10641974.0,,,,,,,,,,,0.0,4.978,1302.7,,,,,,,,,,,,,,,,,,,,,""
9951658030,"30 de set. de 2023, 19:33:50",Afternoon Run,Corrida,"",1961,"6,01",,,false,,Olympikus Corre 1 Corre 1,activities/10664808245.fit.gz,,,1961.0,1955.0,6010.0,4.4,3.074,61.1,1002.0,757.4,796.4,27.0,-0.2,,,,,,,,,376.0,,,,,,,,,7.0,,,,,0.0,62.0,0.0,,1.0,6155.5,,,,,,,,,,,,,,,,11197800.0,,,,,,,,,,0.0,3.065,1051.2,,,,,,,,,,,,,,,,,,,,,media/f685080b-77dc-4044-b145-38793f9551b0.jpg|media/89666cba-e478-47a9-bd26-a68cf3549f18.jpg
9950637188,"29 de set. de 2023, 22:28:30",Evening Run,Corrida,,1285,"5,01",,,false,,Olympikus Corre 1 Corre 1,activities/10663740433.fit.gz,,,1285.0,1285.0,5011.0,4.94,3.9,0.0,0.0,0.0,0.0,0.0,0.0,,,,,,,,,228.0,,,,,,,,,,,,,,,,0.0,,1.0,5011.3,,,,,,,,,,,,,,,,11197800.0,,,,,,,,,,0.0,3.9,0.0,,,,,,,,,,,,,,,,,,,,,""
9950637106,"29 de set. de 2023, 20:42:50",Afternoon Weight Training,Treinamento com peso,,6250,0,,,false,,,activities/10663740382.fit.gz,,,6250.0,6250.0,0.0,0.0,0.0,0.0,0.0,0.0,0.0,0.0,0.0,,,,,,,,,168.0,,,,,,,,,,,,,,,,0.0,,1.0,,,,,,,,,,,,,,,,,,,,,,,,,,,0.0,0.0,0.0,,,,,,,,,,,,,,,,,,,,,""
9939700346,"28 de set. de 2023, 21:04:26",Evening Run,Corrida,"",1806,"5,03",,,false,,Olympikus Corre 1 Corre 1,activities/10652329208.fit.gz,,,1806.0,1783.0,5029.8,4.16,2.821,125.8,1497.0,778.2,823.1,45.2,0.0,,,,,,,,,333.0,,,,,,,,,7.0,,,,,0.0,56.0,0.0,,1.0,5532.4,,,,,,,,,,,,,,,,11197800.0,,,,,,,,,,0.0,2.785,0.0,,,,,,,,,,,,,,,,,,,,,media/0eaefd29-cf93-4a4d-8bf0-d942780316ff.jpg
9939733613,"27 de set. de 2023, 20:42:39",Afternoon Weight Training,Treinamento com peso,,5307,0,,,false,,,activities/10652363788.fit.gz,,,5307.0,5307.0,0.0,0.0,0.0,0.0,0.0,0.0,0.0,0.0,0.0,,,,,,,,,398.0,,,,,,,,,,,,,,,,0.0,,1.0,,,,,,,,,,,,,,,,,,,,,,,,,,,0.0,0.0,0.0,,,,,,,,,,,,,,,,,,,,,""
9927139736,"26 de set. de 2023, 21:48:51",Evening Run,Corrida,,1532,"6,01",,,false,,Olympikus Corre 1 Corre 1,activities/10639196765.fit.gz,,,1532.0,1532.0,6009.0,4.92,3.922,0.0,0.0,0.0,0.0,0.0,0.0,,,,,,,,,299.0,,,,,,,,,,,,,,,,0.0,,1.0,6009.1,,,,,,,,,,,,,,,,11197800.0,,,,,,,,,,0.0,3.922,0.0,,,,,,,,,,,,,,,,,,,,,""
9927139765,"26 de set. de 2023, 20:39:44",Afternoon Weight Training,Treinamento com peso,,3840,0,,,false,,,activities/10639196792.fit.gz,,,3840.0,3840.0,0.0,0.0,0.0,0.0,0.0,0.0,0.0,0.0,0.0,,,,,,,,,266.0,,,,,,,,,,,,,,,,0.0,,1.0,,,,,,,,,,,,,,,,,,,,,,,,,,,0.0,0.0,0.0,,,,,,,,,,,,,,,,,,,,,""
9920536303,"25 de set. de 2023, 21:20:38",Evening Run,Corrida,"",1518,"6,05",,,false,,Olympikus Corre 1 Corre 1,activities/10632293726.fit.gz,,,1518.0,1518.0,6052.0,4.96,3.987,0.0,0.0,0.0,0.0,0.0,0.0,,,,,,,,,267.0,,,,,,,,,6.0,,,,,0.0,40.0,0.0,,1.0,6052.7,,,,,,,,,,,,,,,,11197800.0,,,,,,,,,,0.0,3.987,0.0,,,,,,,,,,,,,,,,,,,,,media/3930259a-c53e-47da-be98-41d7ead08f47.jpg
9920536276,"25 de set. de 2023, 20:17:44",Afternoon Weight Training,Treinamento com peso,,3734,0,,,false,,,activities/10632293706.fit.gz,,,3734.0,3734.0,0.0,0.0,0.0,0.0,0.0,0.0,0.0,0.0,0.0,,,,,,,,,74.0,,,,,,,,,,,,,,,,0.0,,1.0,,,,,,,,,,,,,,,,,,,,,,,,,,,0.0,0.0,0.0,,,,,,,,,,,,,,,,,,,,,""
9911376185,"24 de set. de 2023, 12:11:42",Morning Ride,Pedalada,,639,"2,44",,,false,,Show Gravel,activities/10622651187.fit.gz,,11.0,639.0,528.0,2447.0,10.2,4.634,61.0,478.0,770.7,821.8,43.6,0.8,,,,,,,,212.0,76.0,,,,,,,,,,,,,,,,0.0,,1.0,,,,,,,,,,,,,,,,10641974.0,,,,,,,,,,,0.0,3.829,0.0,,,,,,,,,,,,,,,,,,,,,""
9907224568,"23 de set. de 2023, 20:03:21",Afternoon Run,Corrida,"",2050,"6,07",,,false,,Olympikus Corre 1 Corre 1,activities/10618263294.fit.gz,,,2050.0,2035.0,6069.6,4.36,2.983,42.1,786.0,757.4,785.9,17.9,-0.1,,,,,,,,,377.0,,,,,,,,,7.0,,,,,0.0,65.0,0.0,,1.0,6159.8,,,,,,,,,,,,,,,,11197800.0,,,,,,,,,,0.0,2.961,644.7,,,,,,,,,,,,,,,,,,,,,media/26f02fba-3d74-4547-9f8f-c91e7e1bb91b.jpg
9901070715,"22 de set. de 2023, 20:31:28",Afternoon Weight Training,Treinamento com peso,,3301,0,,,false,,,activities/10611790790.fit.gz,,,3301.0,3301.0,0.0,0.0,0.0,0.0,0.0,0.0,0.0,0.0,0.0,,,,,,,,,185.0,,,,,,,,,,,,,,,,0.0,,1.0,,,,,,,,,,,,,,,,,,,,,,,,,,,0.0,0.0,0.0,,,,,,,,,,,,,,,,,,,,,""
9895369868,"21 de set. de 2023, 21:44:04",Evening Run,Corrida,"",1332,"5,05",,,false,,Olympikus Corre 1 Corre 1,activities/10605812496.fit.gz,,,1332.0,1332.0,5059.0,4.94,3.798,0.0,0.0,0.0,0.0,0.0,0.0,,,,,,,,,225.0,,,,,,,,,7.0,,,,,0.0,42.0,0.0,,1.0,5059.9,,,,,,,,,,,,,,,,11197800.0,,,,,,,,,,0.0,3.798,0.0,,,,,,,,,,,,,,,,,,,,,media/4d579845-6aa5-4522-8062-7a8751193f48.jpg
9895369830,"21 de set. de 2023, 20:54:47",Afternoon Weight Training,Treinamento com peso,,2850,0,,,false,,,activities/10605812466.fit.gz,,,2850.0,2850.0,0.0,0.0,0.0,0.0,0.0,0.0,0.0,0.0,0.0,,,,,,,,,154.0,,,,,,,,,,,,,,,,0.0,,1.0,,,,,,,,,,,,,,,,,,,,,,,,,,,0.0,0.0,0.0,,,,,,,,,,,,,,,,,,,,,""
9890224876,"20 de set. de 2023, 22:09:51",Noite Passeio,Pedalada,"",16597,"44,21",,,false,,Show Gravel,activities/10600432986.fit.gz,,11.0,16597.0,8972.0,44212.8,16.25,4.928,730.0,735.0,745.0,902.0,40.0,0.0,,,,0.0,,0.0,,192.0,1469.0,,20.0,,,,,,,8.0,,,,,0.0,386.0,0.0,,1.0,,,,,,,,,,,,,,,,10641974.0,,,,,,,,,,,0.0,2.664,1133.4,,,,,,,,,,,,,,,,,,,,,media/17075b53-1b9a-4e24-9152-e0f45c2c58aa.jpg
9882931669,"19 de set. de 2023, 22:29:22",Evening Run,Corrida,"",1072,"4,00",,,false,,Olympikus Corre 1 Corre 1,activities/10592824500.fit.gz,,,1072.0,1072.0,4006.0,4.94,3.737,0.0,0.0,0.0,0.0,0.0,0.0,,,,,,,,,204.0,,,,,,,,,,,,,,0.0,,0.0,,1.0,4006.6,,,,,,,,,,,,,,,,11197800.0,,,,,,,,,,0.0,3.737,0.0,,,,,,,,,,,,,,,,,,,,,media/23c7076b-ad81-4c6e-b3f5-13311859a45f.jpg|media/1dfe472c-7cc7-4949-b5c7-b470f7c9ae2e.jpg
9882931716,"19 de set. de 2023, 21:35:40",Evening Weight Training,Treinamento com peso,,3130,0,,,false,,,activities/10592824534.fit.gz,,,3130.0,3130.0,0.0,0.0,0.0,0.0,0.0,0.0,0.0,0.0,0.0,,,,,,,,,309.0,,,,,,,,,,,,,,,,0.0,,1.0,,,,,,,,,,,,,,,,,,,,,,,,,,,0.0,0.0,0.0,,,,,,,,,,,,,,,,,,,,,""
9876770079,"18 de set. de 2023, 21:49:13",Noite Passeio,Pedalada,"",9569,"37,45",,,true,,Show Gravel,activities/10586368784.fit.gz,,11.0,9569.0,7307.0,37456.1,11.93,5.126,236.0,228.0,717.0,799.0,38.5,0.1,,,123.0,65.0,,0.0,,168.0,1230.0,,26.0,,,,,,,4.0,,,,,0.0,81.0,1.0,,1.0,,,,,,,,,,,,,,,,10641974.0,,,,,,,,,,,0.0,3.914,2079.6,,,,,,,,,,,,,,,,,,,,,media/8387ae44-2f4b-42aa-ba9b-c91f37b05e4b.jpg|media/85763663-c4e1-40e6-a6ce-65f71c6a0cfa.jpg
9873431061,"18 de set. de 2023, 12:58:22",Morning Run,Corrida,"",1702,"6,03",,,false,,Olympikus Corre 1 Corre 1,activities/10582913386.fit.gz,,,1702.0,1702.0,6034.0,4.44,3.545,0.0,0.0,0.0,0.0,0.0,0.0,,,,,,,,,323.0,,,,,,,,,6.0,,,,,0.0,44.0,0.0,,1.0,6034.0,,,,,,,,,,,,,,,,11197800.0,,,,,,,,,,0.0,3.545,0.0,,,,,,,,,,,,,,,,,,,,,media/422a2f3c-265a-4c39-a515-58030c9ceb4f.jpg|media/7e5ac117-c8fa-42b1-82c7-eb29436f4eea.jpg
9873431038,"18 de set. de 2023, 11:51:44",Morning Weight Training,Treinamento com peso,,3880,0,,,false,,,activities/10582913351.fit.gz,,,3880.0,3880.0,0.0,0.0,0.0,0.0,0.0,0.0,0.0,0.0,0.0,,,,,,,,,238.0,,,,,,,,,,,,,,,,0.0,,1.0,,,,,,,,,,,,,,,,,,,,,,,,,,,0.0,0.0,0.0,,,,,,,,,,,,,,,,,,,,,""
9869922505,"17 de set. de 2023, 13:47:35",Morning Ride,Pedalada,,587,"2,66",,,false,,Show Gravel,activities/10579189169.fit.gz,,11.0,587.0,550.0,2661.0,10.2,4.838,24.2,11725.0,762.1,798.9,22.0,-0.4,,,,,,,,169.0,60.0,,,,,,,,,,,,,,,,0.0,,1.0,,,,,,,,,,,,,,,,10641974.0,,,,,,,,,,,0.0,4.533,535.0,,,,,,,,,,,,,,,,,,,,,""
9856583059,"15 de set. de 2023, 21:59:27",Evening Run,Corrida,"",1757,"6,03",,,false,,Olympikus Corre 1 Corre 1,activities/10565167619.fit.gz,,,1757.0,1757.0,6033.0,4.42,3.434,0.0,0.0,0.0,0.0,0.0,0.0,,,,,,,,,349.0,,,,,,,,,6.0,,,,,0.0,46.0,0.0,,1.0,6033.1,,,,,,,,,,,,,,,,11197800.0,,,,,,,,,,0.0,3.434,0.0,,,,,,,,,,,,,,,,,,,,,media/f96a676c-a9ac-48e7-b438-211d917db64d.jpg
9856583042,"15 de set. de 2023, 21:08:06",Evening Workout,Treino,,2850,0,,,false,,,activities/10565167597.fit.gz,,,2850.0,2850.0,0.0,0.0,0.0,0.0,0.0,0.0,0.0,0.0,0.0,,,,,,,,,217.0,,,,,,,,,,,,,,,,0.0,,1.0,,,,,,,,,,,,,,,,,,,,,,,,,,,0.0,0.0,0.0,,,,,,,,,,,,,,,,,,,,,""
9850995100,"14 de set. de 2023, 22:06:33",Evening Run,Corrida,"",1960,"6,13",,,false,,Olympikus Corre 1 Corre 1,activities/10559295166.fit.gz,,,1960.0,1960.0,6130.0,4.02,3.128,0.0,0.0,0.0,0.0,0.0,0.0,,,,,,,,,372.0,,,,,,,,,5.0,,,,,0.0,35.0,0.0,,1.0,6130.2,,,,,,,,,,,,,,,,11197800.0,,,,,,,,,,0.0,3.128,0.0,,,,,,,,,,,,,,,,,,,,,media/81da930f-53ba-4c7c-8bca-55e6d02cf3ed.jpg|media/490c3da0-0920-463a-8b87-103b9269b11f.jpg
9850995137,"13 de set. de 2023, 20:40:36",Afternoon Workout,Treino,,5638,0,,,false,,,activities/10559295187.fit.gz,,,5638.0,5638.0,0.0,0.0,0.0,0.0,0.0,0.0,0.0,0.0,0.0,,,,,,,,,495.0,,,,,,,,,,,,,,,,0.0,,1.0,,,,,,,,,,,,,,,,,,,,,,,,,,,0.0,0.0,0.0,,,,,,,,,,,,,,,,,,,,,""
9837674577,"12 de set. de 2023, 21:50:28",Evening Run,Corrida,"",1802,"5,03",,,false,,Olympikus Corre 1 Corre 1,activities/10545365500.fit.gz,,,1802.0,1802.0,5032.0,4.0,2.792,0.0,0.0,0.0,0.0,0.0,0.0,,,,,,,,,345.0,,,,,,,,,7.0,,,,,0.0,57.0,0.0,,1.0,5032.9,,,,,,,,,,,,,,,,11197800.0,,,,,,,,,,0.0,2.792,0.0,,,,,,,,,,,,,,,,,,,,,media/89d7cb82-ecd1-467e-b1b6-44861b7b366a.mp4
9837674603,"12 de set. de 2023, 21:11:58",Evening Weight Training,Treinamento com peso,,2225,0,,,false,,,activities/10545365530.fit.gz,,,2225.0,2225.0,0.0,0.0,0.0,0.0,0.0,0.0,0.0,0.0,0.0,,,,,,,,,196.0,,,,,,,,,,,,,,,,0.0,,1.0,,,,,,,,,,,,,,,,,,,,,,,,,,,0.0,0.0,0.0,,,,,,,,,,,,,,,,,,,,,""
9837674654,"11 de set. de 2023, 21:07:46",Evening Weight Training,Treinamento com peso,,9671,0,,,false,,,activities/10545365572.fit.gz,,,9671.0,9671.0,0.0,0.0,0.0,0.0,0.0,0.0,0.0,0.0,0.0,,,,,,,,,428.0,,,,,,,,,,,,,,,,0.0,,1.0,,,,,,,,,,,,,,,,,,,,,,,,,,,0.0,0.0,0.0,,,,,,,,,,,,,,,,,,,,,""
9810583340,"8 de set. de 2023, 21:19:35",Evening Walk,Caminhada,,844,"1,08",,,false,,Olympikus Corre 1 Corre 1,activities/10516820280.fit.gz,,,844.0,844.0,1087.0,2.04,1.288,17.1,61.0,769.8,787.5,21.4,1.6,,,,,,,,,100.0,,,,,,,,,,,,,,,,0.0,,1.0,,,,,,,,,,,,,,,,,11197800.0,,,,,,,,,,0.0,1.288,0.0,,,,,,,,,,,,,,,,,,,,,""
9810583336,"8 de set. de 2023, 20:44:27",Afternoon Run,Corrida,"",2073,"6,00",,,false,,Olympikus Corre 1 Corre 1,activities/10516820262.fit.gz,,,2073.0,2070.0,6005.1,4.34,2.901,69.6,897.0,757.4,796.3,34.7,-0.1,,,,,,,,,388.0,,,,,,,,,7.0,,,,,0.0,66.0,0.0,,1.0,6185.5,,,,,,,,,,,,,,,,11197800.0,,,,,,,,,,0.0,2.897,1032.4,,,,,,,,,,,,,,,,,,,,,media/fc4c5607-b3fc-4559-aff2-e1a05798a013.jpg
9801950348,"7 de set. de 2023, 12:54:56",Morning Run,Corrida,"",1855,"5,19",,,false,,Olympikus Corre 1 Corre 1,activities/10507739667.fit.gz,,,1855.0,1855.0,5197.0,3.702,2.802,0.0,0.0,0.0,0.0,0.0,0.0,,,,,,,,,347.0,,,,,,,,,,,,,,0.0,,0.0,,1.0,5197.6,,,,,,,,,,,,,,,,11197800.0,,,,,,,,,,0.0,2.802,0.0,,,,,,,,,,,,,,,,,,,,,media/5449e555-6945-470c-b67e-76a40a089da8.jpg|media/e635ae5f-c27f-4637-a959-c46fc789901e.jpg
9801950326,"7 de set. de 2023, 11:48:46",Morning Workout,Treino,,3652,0,,,false,,,activities/10507739621.fit.gz,,,3652.0,3652.0,0.0,0.0,0.0,0.0,0.0,0.0,0.0,0.0,0.0,,,,,,,,,334.0,,,,,,,,,,,,,,,,0.0,,1.0,,,,,,,,,,,,,,,,,,,,,,,,,,,0.0,0.0,0.0,,,,,,,,,,,,,,,,,,,,,""
9801950410,"5 de set. de 2023, 20:32:49",Afternoon Workout,Treino,,4648,0,,,false,,,activities/10507739717.fit.gz,,,4648.0,4648.0,0.0,0.0,0.0,0.0,0.0,0.0,0.0,0.0,0.0,,,,,,,,,303.0,,,,,,,,,,,,,,,,0.0,,1.0,,,,,,,,,,,,,,,,,,,,,,,,,,,0.0,0.0,0.0,,,,,,,,,,,,,,,,,,,,,""
9785007109,"4 de set. de 2023, 21:24:25",Regenerativo,Corrida,"",1128,"3,05",,,false,,Olympikus Corre 1 Corre 1,activities/10489908303.fit.gz,,,1128.0,1128.0,3056.0,3.48,2.709,0.0,0.0,0.0,0.0,0.0,0.0,,,,,,,,,221.0,,,,,,,,,4.0,,,,,0.0,12.0,0.0,,1.0,3056.3,,,,,,,,,,,,,,,,11197800.0,,,,,,,,,,0.0,2.709,0.0,,,,,,,,,,,,,,,,,,,,,media/5e3809ff-67f5-4c22-8471-54fe5c509c08.mp4|media/33880ccc-625c-45c4-8187-e5b0c7742fa1.jpg
9785007143,"4 de set. de 2023, 20:15:08",Afternoon Weight Training,Treinamento com peso,,4069,0,,,false,,,activities/10489908329.fit.gz,,,4069.0,4069.0,0.0,0.0,0.0,0.0,0.0,0.0,0.0,0.0,0.0,,,,,,,,,242.0,,,,,,,,,,,,,,,,0.0,,1.0,,,,,,,,,,,,,,,,,,,,,,,,,,,0.0,0.0,0.0,,,,,,,,,,,,,,,,,,,,,""
9778685398,"3 de set. de 2023, 21:46:20",Evening Walk,Caminhada,,545,"0,89",,,false,,Olympikus Corre 1 Corre 1,activities/10483246090.fit.gz,,,545.0,545.0,893.3,2.52,1.639,14.5,42.0,770.6,786.2,21.3,1.7,,,,,,,,,89.0,,,,,,,,,,,,,,,,0.0,,1.0,,,,,,,,,,,,,,,,,11197800.0,,,,,,,,,,0.0,1.639,0.0,,,,,,,,,,,,,,,,,,,,,""
9778685381,"3 de set. de 2023, 21:15:48",Treino 5km,Corrida,"",1810,"5,01",,,false,,Olympikus Corre 1 Corre 1,activities/10483246074.fit.gz,,,1810.0,1804.0,5013.3,4.12,2.779,63.7,750.0,757.4,796.3,31.0,0.0,,,,,,,,,380.0,,,,,,,,,7.0,,,,,0.0,57.0,0.0,,1.0,5208.4,,,,,,,,,,,,,,,,11197800.0,,,,,,,,,,0.0,2.77,936.0,,,,,,,,,,,,,,,,,,,,,media/43b22a1a-0908-4d57-927b-661f2bc9e3d5.jpg
9778685348,"3 de set. de 2023, 21:11:21",Evening Run,Corrida,,213,"0,60",,,false,,Olympikus Corre 1 Corre 1,activities/10483246054.fit.gz,,,213.0,207.0,601.5,4.058,2.906,0.0,126.0,770.7,780.2,3.8,-1.2,,,,,,,,,37.0,,,,,,,,,,,,,,,,0.0,,1.0,589.8,,,,,,,,,,,,,,,,11197800.0,,,,,,,,,,0.0,2.824,0.0,,,,,,,,,,,,,,,,,,,,,""
9745810903,"29 de ago. de 2023, 20:43:04",Regenerativo,Treino,"",3822,0,,,false,,,activities/10448296611.fit.gz,,,3822.0,3822.0,0.0,0.0,0.0,0.0,0.0,0.0,0.0,0.0,0.0,,,,,,,,,319.0,,,,,,,,,5.0,,,,,0.0,69.0,0.0,,1.0,,,,,,,,,,,,,,,,,,,,,,,,,,,0.0,0.0,0.0,,,,,,,,,,,,,,,,,,,,,media/d26b4622-1973-450b-91dc-f34ecb35c5f1.mp4
9745810876,"29 de ago. de 2023, 10:47:35",Morning Ride,Pedalada,,423,"1,25",,,false,,Show Gravel,activities/10448296576.fit.gz,,11.0,423.0,423.0,1250.0,9.4,2.955,33.1,545.0,769.6,811.9,29.0,-1.2,,,,,,,,175.0,51.0,,,,,,,,,,,,,,,,0.0,,1.0,,,,,,,,,,,,,,,,10641974.0,,,,,,,,,,,0.0,2.955,60.0,,,,,,,,,,,,,,,,,,,,,""
9745810918,"28 de ago. de 2023, 20:56:16",Afternoon Weight Training,Treinamento com peso,,2934,0,,,false,,,activities/10448296650.fit.gz,,,2934.0,2934.0,0.0,0.0,0.0,0.0,0.0,0.0,0.0,0.0,0.0,,,,,,,,,118.0,,,,,,,,,,,,,,,,0.0,,1.0,,,,,,,,,,,,,,,,,,,,,,,,,,,0.0,0.0,0.0,,,,,,,,,,,,,,,,,,,,,""
9876741256,"27 de ago. de 2023, 19:58:32",Tarde Passeio,Pedalada,,2175,"10,24",,,false,,Show Gravel,activities/10586338495.fit.gz,,11.0,2175.0,1974.0,10241.0,10.36,5.188,104.0,56.0,678.0,787.0,44.0,0.8,,,93.0,60.0,,0.0,,197.0,332.0,,12.0,,,,,,,,,,,,,,0.0,,1.0,,,,,,,,,,,,,,,,10641974.0,,,,,,,,,,,0.0,4.709,970.6,,,,,,,,,,,,,,,,,,,,,""
9732950067,"27 de ago. de 2023, 15:01:38",Meio-dia Passeio,Pedalada,,1821,"4,40",,,false,,Show Gravel,activities/10434746222.fit.gz,,11.0,1821.0,1190.0,4402.5,11.282,3.7,87.0,64.0,556.0,618.0,36.3,0.6,,,71.0,49.0,,0.0,,145.0,146.0,,18.0,,,,,,,,,,,,,,0.0,,1.0,,,,,,,,,,,,,,,,10641974.0,,,,,,,,,,,0.0,2.418,77.2,,,,,,,,,,,,,,,,,,,,,""
9732950381,"27 de ago. de 2023, 08:14:56",Noite Passeio,Pedalada,,24386,"110,81",,,false,,Show Gravel,activities/10434746173.fit.gz,,11.0,24386.0,18025.0,110814.5,20.116,6.148,1427.0,1650.0,534.0,813.0,49.5,-0.2,,,123.0,59.0,,0.0,,221.0,4011.0,,14.0,,,,,,,,,,,,,,0.0,,1.0,,,,,,,,,,,,,,,,10641974.0,,,,,,,,,,,0.0,4.544,150.8,,,,,,,,,,,,,,,,,,,,,""
9726617801,"25 de ago. de 2023, 21:46:01",Evening Run,Corrida,,2427,"6,03",,,false,,Olympikus Corre 1 Corre 1,activities/10428008292.fit.gz,,,2427.0,2427.0,6038.0,3.3,2.488,0.0,0.0,0.0,0.0,0.0,0.0,,,,,,,,,490.0,,,,,,,,,,,,,,,,0.0,,1.0,6038.6,,,,,,,,,,,,,,,,11197800.0,,,,,,,,,,0.0,2.488,0.0,,,,,,,,,,,,,,,,,,,,,""
9726617783,"25 de ago. de 2023, 21:39:59",Evening Run,Corrida,,276,"0,54",,,false,,Olympikus Corre 1 Corre 1,activities/10428008267.fit.gz,,,276.0,276.0,547.0,3.12,1.982,0.0,0.0,0.0,0.0,0.0,0.0,,,,,,,,,39.0,,,,,,,,,,,,,,,,0.0,,1.0,547.4,,,,,,,,,,,,,,,,11197800.0,,,,,,,,,,0.0,1.982,0.0,,,,,,,,,,,,,,,,,,,,,""
9717465236,"24 de ago. de 2023, 21:32:03",Evening Weight Training,Treinamento com peso,,2916,0,,,false,,,activities/10418326254.fit.gz,,,2916.0,2916.0,0.0,0.0,0.0,0.0,0.0,0.0,0.0,0.0,0.0,,,,,,,,,25.0,,,,,,,,,,,,,,,,0.0,,1.0,,,,,,,,,,,,,,,,,,,,,,,,,,,0.0,0.0,0.0,,,,,,,,,,,,,,,,,,,,,""
9675454678,"18 de ago. de 2023, 22:48:23",Taboão - Embu,Pedalada,"",5559,"20,12",,,false,,Show Gravel,activities/10373320636.fit.gz,,11.0,5559.0,4360.0,20121.3,13.954,4.615,275.0,270.0,656.0,819.0,48.5,0.6,,,87.0,48.0,,0.0,,175.0,679.0,,22.0,,,,,,,4.0,,,,,0.0,48.0,0.0,,1.0,,,,,,,,,,,,,,,,10641974.0,,,,,,,,,,,0.0,3.62,582.9,,,,,,,,,,,,,,,,,,,,,media/afb5655e-9ad5-4937-ab5c-11c048691be3.jpg
9603442127,"8 de ago. de 2023, 00:08:38",Noite Passeio,Pedalada,,4711,"19,18",,,false,,Show Gravel,activities/10297361746.fit.gz,,11.0,4711.0,3681.0,19185.7,11.138,5.212,228.0,169.0,718.0,793.0,47.8,0.4,,,98.0,62.0,,0.0,,187.0,626.0,,19.0,,,,,,,,,,,,,,0.0,,1.0,,,,,,,,,,,,,,,,10641974.0,,,,,,,,,,,0.0,4.073,974.4,,,,,,,,,,,,,,,,,,,,,""
9603442149,"7 de ago. de 2023, 22:58:00",Treininho,Pedalada,"",4220,"30,11",,,false,,Show Gravel,activities/10297361775.fit.gz,,11.0,4220.0,3742.0,30115.1,12.97,8.048,109.0,135.0,710.0,728.0,35.7,0.0,,,102.0,73.0,,0.0,,260.0,1181.0,,22.0,,,,,,,8.0,,,,,0.0,161.0,0.0,,1.0,,,,,,,,,,,,,,,,10641974.0,,,,,,,,,,,0.0,7.136,0.0,,,,,,,,,,,,,,,,,,,,,media/6c7a8500-9ac8-4808-9797-c431ff891dd1.jpg
9603447520,"7 de ago. de 2023, 21:54:19",Noite Passeio,Pedalada,,3511,"17,70",,,false,,Show Gravel,activities/10297367350.fit.gz,,11.0,3511.0,2680.0,17706.7,12.788,6.607,89.0,144.0,718.0,790.0,26.2,-0.4,,,95.0,64.0,,0.0,,205.0,638.0,,24.0,,,,,,,,,,,,,,0.0,,1.0,,,,,,,,,,,,,,,,10641974.0,,,,,,,,,,,0.0,5.043,363.9,,,,,,,,,,,,,,,,,,,,,""
9596867397,"6 de ago. de 2023, 21:04:24",Noite Passeio,Pedalada,,5678,"33,09",,,false,,Show Gravel,activities/10290422629.fit.gz,,11.0,5678.0,5343.0,33092.8,13.424,6.194,268.0,279.0,462.0,796.0,49.1,-0.9,,,89.0,62.0,,0.0,,199.0,1206.0,,22.0,,,,,,,,,,,,,,0.0,,1.0,,,,,,,,,,,,,,,,10641974.0,,,,,,,,,,,0.0,5.828,1634.9,,,,,,,,,,,,,,,,,,,,,""
9552066320,"30 de jul. de 2023, 17:22:06",Treino curto (30km),Pedalada,"",4982,"30,35",,,false,,Show Gravel,activities/10242977482.fit.gz,,11.0,4982.0,4464.0,30357.1,15.05,6.8,420.0,419.0,746.0,835.0,27.4,0.0,,,92.0,63.0,,0.0,,258.0,1109.0,,23.0,,,,,,,7.0,,,,,0.0,142.0,0.0,,1.0,,,,,,,,,,,,,,,,10641974.0,,,,,,,,,,,0.0,6.093,597.7,,,,,,,,,,,,,,,,,,,,,media/df81e08c-ef01-4196-ab19-9c7873f94b60.jpg|media/35ab144b-ab6c-41ba-8744-074f78d2dd7c.jpg
9539972881,"28 de jul. de 2023, 21:30:54",Treino fortalecimento ,Treinamento com peso,"",5400,0,,,false,,,,,,5400.0,5400.0,0.0,,0.0,,,,,,0.0,,,,,,,,,,,,,,,,,,7.0,,,,,0.0,172.0,0.0,,0.0,,,,,,,,,,,,,,,,,,,,,,,,,,,0.0,0.0,0.0,,,,,,,,,,,,,,,,,,,,,media/40bd1117-ec01-4646-9579-61e639b65367.jpg
9521588799,"25 de jul. de 2023, 22:01:11",Corrida ao entardecer,Corrida,,1608,"5,01",,,false,,Olympikus Corre 1 Corre 1,activities/9521588799.gpx,,,1608.0,1601.0,5010.3,8.984,3.13,33.8,81.8,759.7,842.8,28.9,-1.0,,,,,,,,,523.0,,,,,,,,,,,,,,0.0,,0.0,,1.0,5068.9,,,,,,,,,,,,,,,,11197800.0,,,,,,,,,,0.0,3.116,306.3,,,,,,,,,,,,,,,,,,,,,""
9446354092,"13 de jul. de 2023, 21:40:28",Treino 6km (5:30/km),Corrida,Pace 0:02s,1967,"6,00",,,false,,Olympikus Corre 1 Corre 1,activities/9446354092.gpx,,,1967.0,1967.0,6003.4,5.338,3.052,70.7,66.2,779.3,824.9,16.9,0.1,,,,,,,,,642.0,,,,,,,,,,,,,,0.0,,0.0,,1.0,6219.1,,,,,,,,,,,,,,,,11197800.0,,,,,,,,,,0.0,3.052,0.0,,,,,,,,,,,,,,,,,,,,,""
9426871643,"10 de jul. de 2023, 20:46:13",Treino (5:40/km),Corrida,Pace -0:4s,2021,"6,00",,,false,,Olympikus Corre 1 Corre 1,activities/9426871643.gpx,,,2021.0,2018.0,6004.5,4.933,2.975,44.9,45.2,757.4,780.1,19.6,0.0,,,,,,,,,630.0,,,,,,,,,,,,,,0.0,,0.0,,1.0,6102.6,,,,,,,,,,,,,,,,11197800.0,,,,,,,,,,0.0,2.971,1060.5,,,,,,,,,,,,,,,,,,,,,media/55564e1c-2ab9-4c68-84d4-9212bc3e689e.jpg
9408130324,"7 de jul. de 2023, 21:41:51",Ritmo (5:40/km),Corrida,Pace -0:4s,2030,"6,03",,,false,,Olympikus Corre 1 Corre 1,activities/9408130324.gpx,,,2030.0,2024.0,6032.4,4.502,2.98,52.7,52.7,757.4,792.9,12.2,0.0,,,,,,,,,634.0,,,,,,,,,,,,,,0.0,,0.0,,1.0,6138.7,,,,,,,,,,,,,,,,11197800.0,,,,,,,,,,0.0,2.972,960.0,,,,,,,,,,,,,,,,,,,,,media/00d34c04-9d8f-416f-91cb-f0c0b000633d.jpg
9383264388,"3 de jul. de 2023, 21:26:26",Ritmo (5:40/km),Corrida,Pace -0:6s,2005,"6,01",,,false,,Olympikus Corre 1 Corre 1,activities/9383264388.gpx,,,2005.0,2005.0,6009.1,4.314,2.997,44.0,40.6,757.4,785.5,11.5,0.1,,,,,,,,,629.0,,,,,,,,,8.0,,,,,0.0,86.0,0.0,,1.0,6092.8,,,,,,,,,,,,,,,,11197800.0,,,,,,,,,,0.0,2.997,946.5,,,,,,,,,,,,,,,,,,,,,media/fda3ec73-6bc5-46fa-8582-ee748599a639.jpg|media/ba601d57-ce8f-44e6-ac6e-ce97b9ffa8f3.jpg
9377379833,"2 de jul. de 2023, 17:13:31",Passeio com Biel!,Pedalada,"",14976,"50,16",,,true,,Show Gravel,activities/9377379833.gpx,,11.0,14976.0,12083.0,50161.6,12.862,4.151,234.6,234.6,726.4,794.5,47.4,0.0,,,,,,,,119.0,1603.0,,,,,,,,,,,,,,0.0,,1.0,,1.0,,,,,,,,,,,,,,,,10641974.0,,,,,,,,,,,0.0,3.349,5970.8,,,,,,,,,,,,,,,,,,,,,media/c1ebef41-f436-4e5f-9614-a12c211f3a90.jpg
9364889119,"30 de jun. de 2023, 22:35:26",Ritmo (5:40/km),Corrida,Pace -0:8s,1998,"6,00",,,false,,Olympikus Corre 1 Corre 1,activities/9364889119.gpx,,,1998.0,1992.0,6007.4,4.206,3.016,26.8,23.9,757.4,782.2,14.9,0.0,,,,,,,,,625.0,,,,,,,,,8.0,,,,,0.0,85.0,0.0,,1.0,6055.9,,,,,,,,,,,,,,,,11197800.0,,,,,,,,,,0.0,3.007,465.7,,,,,,,,,,,,,,,,,,,,,media/994c0b0b-8972-4a09-af59-8ecc65e78a66.jpg
9359081039,"29 de jun. de 2023, 20:33:18",Ritmo (5:40/km),Corrida,"",2053,"6,00",,,false,,Olympikus Corre 1 Corre 1,activities/9359081039.gpx,,,2053.0,2042.0,6007.3,6.7,2.942,25.4,22.8,757.4,782.8,15.2,0.0,,,,,,,,,624.0,,,,,,,,,7.0,,,,,0.0,65.0,0.0,,1.0,6049.7,,,,,,,,,,,,,,,,11197800.0,,,,,,,,,,0.0,2.926,560.8,,,,,,,,,,,,,,,,,,,,,media/6dd17827-da4a-4c97-a3fb-916bd2d5184b.jpg|media/2aa90ecd-3be9-482d-85a1-8cde2a8453ff.jpg
9346997038,"27 de jun. de 2023, 21:32:55",Altimetria,Corrida,"",2595,"7,00",,,false,,Olympikus Corre 1 Corre 1,activities/9346997038.gpx,,,2595.0,2575.0,7003.9,5.602,2.72,146.7,153.4,757.4,842.9,42.9,-0.1,,,,,,,,,776.0,,,,,,,,,8.0,,,,,0.0,110.0,0.0,,1.0,7516.5,,,,,,,,,,,,,,,,11197800.0,,,,,,,,,,0.0,2.699,985.8,,,,,,,,,,,,,,,,,,,,,media/0291e00d-06b4-4fa7-b5ac-9ce8a738910b.jpg
9342864046,"26 de jun. de 2023, 20:34:47",Noite Passeio,Pedalada,,9121,"50,87",,,false,,Show Gravel,activities/10021623088.fit.gz,,11.0,9121.0,7834.0,50869.7,13.086,6.493,299.0,296.0,705.0,790.0,28.2,0.0,,,102.0,67.0,,0.0,,202.0,1827.0,,20.0,,,,,,,,,,,,,,0.0,,1.0,,,,,,,,,,,,,,,,10641974.0,,,,,,,,,,,0.0,5.577,1463.3,,,,,,,,,,,,,,,,,,,,,""
9298189284,"19 de jun. de 2023, 23:12:57",Noite Passeio,Pedalada,,3598,"17,20",,,false,,Show Gravel,activities/9974348856.fit.gz,,11.0,3598.0,2952.0,17202.1,11.792,5.827,159.0,102.0,708.0,791.0,49.4,0.5,,,104.0,64.0,,0.0,,187.0,589.0,,16.0,,,,,,,,,,,,,,0.0,,1.0,,,,,,,,,,,,,,,,10641974.0,,,,,,,,,,,0.0,4.781,455.7,,,,,,,,,,,,,,,,,,,,,""
9298182524,"19 de jun. de 2023, 21:03:10",Cadencia (65/70rpm),Pedalada,"",7781,"40,05",,,false,,Show Gravel,activities/9974337964.fit.gz,,11.0,7781.0,6394.0,40058.8,13.308,6.265,278.0,341.0,707.0,821.0,43.4,-0.1,,,156.0,66.0,,0.0,,199.0,1442.0,,16.0,,,,,,,7.0,,,,,0.0,204.0,0.0,,1.0,,,,,,,,,,,,,,,,10641974.0,,,,,,,,,,,0.0,5.148,673.0,,,,,,,,,,,,,,,,,,,,,media/a4625ace-a506-4d50-871e-a2cef102cb78.jpg
9273220391,"15 de jun. de 2023, 21:37:58",Corrida curta (5km),Corrida,"",1709,"5,09",,,false,,Olympikus Corre 1 Corre 1,activities/9273220391.gpx,,,1709.0,1709.0,5093.1,4.628,2.98,52.7,52.2,757.4,793.8,15.7,0.0,,,,,,,,,541.0,,,,,,,,,7.0,,,,,0.0,54.0,0.0,,1.0,5241.2,,,,,,,,,,,,,,,,11197800.0,,,,,,,,,,0.0,2.98,593.0,,,,,,,,,,,,,,,,,,,,,media/0fb27ebd-38fd-4b6a-8ea3-6faabaeeea65.jpg|media/f3bb3965-f896-462f-896b-1e226b499811.jpg|media/408b42d4-c9ae-4617-808b-b4225438c495.jpg
9260680214,"13 de jun. de 2023, 21:47:29",Treino 5km (condicionamento físico),Corrida,"",1696,"5,00",,,false,,Olympikus Corre 1 Corre 1,activities/9260680214.gpx,,,1696.0,1691.0,5006.2,5.08,2.96,59.5,67.9,758.4,793.8,20.2,-0.2,,,,,,,,,533.0,,,,,,,,,7.0,,,,,0.0,54.0,0.0,,1.0,5159.9,,,,,,,,,,,,,,,,11197800.0,,,,,,,,,,0.0,2.952,1240.5,,,,,,,,,,,,,,,,,,,,,media/1f4ef6db-1645-4ad0-8a68-abbb9aac0692.jpg
9254438102,"12 de jun. de 2023, 22:24:16",Noite Passeio,Pedalada,,3577,"16,96",,,false,,Show Gravel,activities/9927896995.fit.gz,,11.0,3577.0,3077.0,16968.9,9.5,5.515,152.0,91.0,714.0,780.0,27.5,0.4,,,95.0,64.0,,0.0,,180.0,577.0,,19.0,,,,,,,,,,,,,,0.0,,1.0,,,,,,,,,,,,,,,,10641974.0,,,,,,,,,,,0.0,4.744,615.9,,,,,,,,,,,,,,,,,,,,,""
9254415955,"12 de jun. de 2023, 21:29:26",Ritmo 28km/h,Pedalada,"",3282,"23,83",,,false,,Show Gravel,activities/9927874220.fit.gz,,11.0,3282.0,3030.0,23834.2,10.178,7.866,76.0,75.0,713.0,725.0,33.2,0.0,,,88.0,72.0,,0.0,,243.0,919.0,,20.0,,,,,,,7.0,,,,,0.0,96.0,0.0,,1.0,,,,,,,,,,,,,,,,10641974.0,,,,,,,,,,,0.0,7.262,0.0,,,,,,,,,,,,,,,,,,,,,media/9db02757-ccc6-4676-ab86-d3a92d9e28fc.jpg|media/91d8732c-eebd-472b-a427-816cf3af1e04.jpg
9254415902,"12 de jun. de 2023, 20:41:05",Noite Passeio,Pedalada,,2872,"15,85",,,false,,Show Gravel,activities/9927874183.fit.gz,,11.0,2872.0,2461.0,15849.2,13.884,6.44,79.0,139.0,439.0,781.0,41.1,1.7,,,107.0,67.0,,0.0,,191.0,569.0,,21.0,,,,,,,,,,,,,,0.0,,1.0,,,,,,,,,,,,,,,,10641974.0,,,,,,,,,,,0.0,5.519,331.3,,,,,,,,,,,,,,,,,,,,,""
9235243424,"9 de jun. de 2023, 22:24:38",Retorno aos treinos - recondicionamento,Corrida,"",1799,"5,05",,,false,,,activities/9235243424.gpx,,,1799.0,1737.0,5058.3,5.466,2.912,41.8,45.0,779.3,786.2,47.3,-0.1,,,,,,,,,535.0,,,,,,,,,7.0,,,,,0.0,55.0,0.0,,1.0,5180.4,,,,,,,,,,,,,,,,,,,,,,,,,,0.0,2.812,0.0,,,,,,,,,,,,,,,,,,,,,media/09b2a419-b158-45a3-aad4-c84b3e175e92.jpg
9108570705,"20 de mai. de 2023, 18:57:38",Tarde Passeio,Pedalada,,2337,"9,95",,,false,,Show Gravel,activities/9771005320.fit.gz,,11.0,2337.0,1886.0,9949.7,10.694,5.276,113.0,61.0,446.0,742.0,11.8,-3.0,,,98.0,64.0,,0.0,,112.0,334.0,,25.0,,,,,,,,,,,,,,0.0,,1.0,,,,,,,,,,,,,,,,10641974.0,,,,,,,,,,,0.0,4.257,735.9,,,,,,,,,,,,,,,,,,,,,""
9108055867,"20 de mai. de 2023, 08:15:53",Paranapiacaba,Pedalada,"",32465,"110,07",,,true,,Show Gravel,activities/9770455856.fit.gz,,11.0,32465.0,18299.0,110071.3,18.364,6.015,1263.0,1275.0,732.0,844.0,47.9,0.0,,,,0.0,,0.0,,197.0,3873.0,,18.0,,,,,,,6.0,,,,,0.0,482.0,1.0,,1.0,,,,,,,,,,,,,,,,10641974.0,,,,,,,,,,,0.0,3.39,1473.6,,,,,,,,,,,,,,,,,,,,,media/4ce9220f-2222-4bde-9ef6-e14a42a7e895.jpg|media/18c52426-f57e-453c-aa99-5db4ecfc8422.jpg|media/857cfe30-4f2b-46f7-bee5-ac4270e83aa5.jpg|media/2083ee73-aa22-4195-a0ea-042460843151.jpg|media/c88ebc48-e094-4157-9176-34041491add4.jpg
9093874995,"18 de mai. de 2023, 08:12:33",Mina de ouro - Embu-Guaçu ,Pedalada,"",15981,"78,82",,,false,,Show Gravel,activities/9755477057.fit.gz,,11.0,15981.0,13277.0,78828.3,18.204,5.937,1722.0,1723.0,-20.0,796.0,49.9,-0.9,,,,0.0,,0.0,,197.0,2909.0,,15.0,,,,,,,7.0,,,,,0.0,424.0,0.0,,1.0,,,,,,,,,,,,,,,,10641974.0,,,,,,,,,,,0.0,4.933,329.1,,,,,,,,,,,,,,,,,,,,,media/6de253d9-1402-4155-b9af-9a48fdb66a13.jpg|media/0b24d51c-026f-4498-a408-ce3dc3007f22.jpg|media/934b15e9-fd2e-43e7-8b2c-b4f78cdd2786.jpg
9081567200,"16 de mai. de 2023, 08:23:22",Estrada Santa Rita,Pedalada,"",17201,"103,10",,,true,,Show Gravel,activities/9742488876.fit.gz,,11.0,17201.0,15738.0,103101.9,17.322,6.551,1689.0,1700.0,739.0,936.0,44.3,0.0,,,,0.0,,0.0,,245.0,3809.0,,13.0,,,,,,,8.0,,,,,0.0,677.0,1.0,,1.0,,,,,,,,,,,,,,,,10641974.0,,,,,,,,,,,0.0,5.994,139.4,,,,,,,,,,,,,,,,,,,,,media/6a85229d-58ce-4760-881d-7961495a838b.jpg
9075492033,"15 de mai. de 2023, 12:26:24",Manhã Passeio,Pedalada,,3137,"16,68",,,false,,Show Gravel,activities/9736076840.fit.gz,,11.0,3137.0,2892.0,16684.2,10.206,5.769,178.0,114.0,696.0,798.0,44.5,0.6,,,,0.0,,0.0,,202.0,585.0,,20.0,,,,,,,,,,,,,,0.0,,1.0,,,,,,,,,,,,,,,,10641974.0,,,,,,,,,,,0.0,5.319,1192.9,,,,,,,,,,,,,,,,,,,,,""
9075483379,"15 de mai. de 2023, 10:27:26",Ciclo capivara - (90min),Pedalada,"",6769,"47,95",,,false,,Show Gravel,activities/9736067544.fit.gz,,11.0,6769.0,6215.0,47952.8,13.458,7.716,170.0,253.0,710.0,786.0,40.7,-0.1,,,,0.0,,0.0,,243.0,1849.0,,15.0,,,,,,,8.0,,,,,0.0,267.0,0.0,,1.0,,,,,,,,,,,,,,,,10641974.0,,,,,,,,,,,0.0,7.084,41.8,,,,,,,,,,,,,,,,,,,,,media/8acb6941-7352-4634-8fcd-458832e36604.mp4|media/90e1e529-eb7b-4d51-802d-ad1f683aec61.jpg
9063056225,"13 de mai. de 2023, 10:55:50",Manhã Passeio,Pedalada,,3416,"17,37",,,false,,Show Gravel,activities/9722765490.fit.gz,,11.0,3416.0,3015.0,17378.0,14.102,5.764,239.0,188.0,366.0,830.0,18.9,-2.7,,,,0.0,,0.0,,145.0,654.0,,17.0,,,,,,,,,,,,,,0.0,,1.0,,,,,,,,,,,,,,,,10641974.0,,,,,,,,,,,0.0,5.087,696.5,,,,,,,,,,,,,,,,,,,,,""
9063030647,"13 de mai. de 2023, 08:49:57",Anhanband (#01),Pedalada,"",7005,"63,83",,,false,,Show Gravel,activities/9722738293.fit.gz,,11.0,7005.0,6845.0,63838.0,19.022,9.326,498.0,518.0,667.0,773.0,44.7,-0.1,,,,0.0,,0.0,,329.0,2560.0,,16.0,,,,,,,8.0,,,,,0.0,294.0,0.0,,1.0,,,,,,,,,,,,,,,,10641974.0,,,,,,,,,,,0.0,9.113,427.9,,,,,,,,,,,,,,,,,,,,,media/ad07fb9b-5957-45e3-b75b-f9758f2ac961.jpg|media/4d3a6e5e-5088-4dc9-bc75-8f8268ef1a69.jpg
9063004600,"13 de mai. de 2023, 08:12:24",Noite Passeio,Pedalada,,1886,"9,88",,,false,,Show Gravel,activities/9722711113.fit.gz,,11.0,1886.0,1717.0,9881.9,12.752,5.755,146.0,188.0,697.0,779.0,39.3,-0.8,,,,0.0,,0.0,,161.0,360.0,,16.0,,,,,,,,,,,,,,0.0,,1.0,,,,,,,,,,,,,,,,10641974.0,,,,,,,,,,,0.0,5.24,811.7,,,,,,,,,,,,,,,,,,,,,""
9055523147,"11 de mai. de 2023, 22:27:33",Noite Passeio,Pedalada,,14920,"75,43",,,false,,Show Gravel,activities/9714820770.fit.gz,,11.0,14920.0,11715.0,75433.8,13.88,6.439,529.0,515.0,709.0,809.0,37.6,0.0,,,,0.0,,0.0,,208.0,2749.0,,18.0,,,,,,,,,,,,,,0.0,,1.0,,,,,,,,,,,,,,,,10641974.0,,,,,,,,,,,0.0,5.056,2597.2,,,,,,,,,,,,,,,,,,,,,""
9042514525,"9 de mai. de 2023, 21:58:00",Treino 6km (pace 5:30min),Corrida,"",1994,"6,05",,,false,,,activities/9042514525.gpx,,,1994.0,1994.0,6055.7,5.742,3.037,63.3,80.3,757.1,791.2,10.5,-0.3,,,,,,,,,638.0,,,,,,,,,7.0,,,,,0.0,63.0,0.0,,1.0,6177.1,,,,,,,,,,,,,,,,,,,,,,,,,,0.0,3.037,1462.1,,,,,,,,,,,,,,,,,,,,,media/9a60c3fb-0622-47d4-8848-40ede727ff89.jpg
9036308773,"8 de mai. de 2023, 21:52:41",Regenerativo ,Corrida,"",1814,"5,09",,,false,,Olympikus Corre 1 Corre 1,activities/9036308773.gpx,,,1814.0,1779.0,5093.7,5.66,2.863,24.4,20.9,779.3,786.2,8.5,0.1,,,,,,,,,530.0,,,,,,,,,5.0,,,,,0.0,32.0,0.0,,1.0,5138.6,,,,,,,,,,,,,,,,11197800.0,,,,,,,,,,0.0,2.808,0.0,,,,,,,,,,,,,,,,,,,,,media/5b65d463-8ec6-4170-97f0-f2539f560879.jpg
9030069630,"7 de mai. de 2023, 18:56:22",Ritmo 5:30min,Corrida,,1950,"6,00",,,false,,Olympikus Corre 1 Corre 1,activities/9030069630.gpx,,,1950.0,1941.0,6007.2,5.752,3.095,55.0,71.5,757.4,791.2,11.0,-0.3,,,,,,,,,630.0,,,,,,,,,,,,,,0.0,,0.0,,1.0,6103.6,,,,,,,,,,,,,,,,11197800.0,,,,,,,,,,0.0,3.081,913.2,,,,,,,,,,,,,,,,,,,,,media/1e5e05aa-0071-47b1-b228-7fc784100408.jpg
9017807188,"5 de mai. de 2023, 22:29:57",Treino altimetria ,Corrida,"",3463,"8,09",,,false,,Olympikus Corre 1 Corre 1,activities/9017807188.gpx,,,3463.0,3098.0,8089.2,8.086,2.611,158.7,158.2,757.4,842.9,47.4,0.0,,,,,,,,,897.0,,,,,,,,,,,,,,0.0,,0.0,,1.0,8689.4,,,,,,,,,,,,,,,,11197800.0,,,,,,,,,,0.0,2.336,451.6,,,,,,,,,,,,,,,,,,,,,media/8fb86d42-3df3-4d42-8df4-28f1e1255efb.jpg
9002401149,"3 de mai. de 2023, 12:08:23",Treino 5km,Corrida,"",1552,"5,02",,,false,,Olympikus Corre 1 Corre 1,activities/9002401149.gpx,,,1552.0,1549.0,5020.7,5.522,3.241,42.6,55.3,759.9,802.6,24.4,-0.3,,,,,,,,,524.0,,,,,,,,,6.0,,,,,0.0,40.0,0.0,,1.0,5075.9,,,,,,,,,,,,,,,,11197800.0,,,,,,,,,,0.0,3.235,535.2,,,,,,,,,,,,,,,,,,,,,""
9055474867,"1 de mai. de 2023, 22:12:52",Noite Passeio,Pedalada,,3564,"15,97",,,false,,Show Gravel,activities/9714770231.fit.gz,,11.0,3564.0,2951.0,15973.1,10.15,5.413,136.0,79.0,708.0,782.0,28.0,0.5,,,,0.0,,0.0,,175.0,542.0,,22.0,,,,,,,,,,,,,,0.0,,1.0,,,,,,,,,,,,,,,,10641974.0,,,,,,,,,,,0.0,4.482,995.7,,,,,,,,,,,,,,,,,,,,,""
8993533968,"1 de mai. de 2023, 20:56:20",Treino ritmo 30km/h+,Pedalada,"",4584,"34,45",,,false,,Show Gravel,activities/9649174122.fit.gz,,11.0,4584.0,4187.0,34451.0,11.136,8.228,57.0,63.0,703.0,738.0,43.6,0.0,,,,0.0,,0.0,,273.0,1373.0,,22.0,,,,,,,7.0,,,,,0.0,133.0,0.0,,1.0,,,,,,,,,,,,,,,,10641974.0,,,,,,,,,,,0.0,7.515,0.0,,,,,,,,,,,,,,,,,,,,,media/0fd3344a-adb0-4400-acfc-f4cf823196ae.jpg|media/937ecd03-bfe6-4586-ac6c-61bb8a21f8f6.jpg|media/a9c68a76-63e0-4f7e-bed2-9da6b317fc53.jpg
8993511557,"1 de mai. de 2023, 17:58:01",Tarde Passeio,Pedalada,,9258,"27,23",,,false,,Show Gravel,activities/9649150846.fit.gz,,11.0,9258.0,4551.0,27232.5,13.28,5.984,145.0,200.0,716.0,903.0,46.9,-0.7,,,,0.0,,0.0,,183.0,1003.0,,26.0,,,,,,,,,,,,,,0.0,,1.0,,,,,,,,,,,,,,,,10641974.0,,,,,,,,,,,0.0,2.942,4116.6,,,,,,,,,,,,,,,,,,,,,""
8957662291,"25 de abr. de 2023, 22:56:41",Noite Passeio,Pedalada,,4487,"21,97",,,false,,Show Gravel,activities/9611088519.fit.gz,,11.0,4487.0,3775.0,21976.1,11.278,5.821,151.0,88.0,685.0,819.0,36.2,-0.1,,,,0.0,,0.0,,183.0,752.0,,20.0,,,,,,,,,,,,,,0.0,,1.0,,,,,,,,,,,,,,,,10641974.0,,,,,,,,,,,0.0,4.898,991.3,,,,,,,,,,,,,,,,,,,,,""
8957662252,"25 de abr. de 2023, 21:42:01",Treino curto,Pedalada,"",4473,"30,05",,,false,,Show Gravel,activities/9611088472.fit.gz,,11.0,4473.0,3920.0,30050.5,13.988,7.666,107.0,159.0,710.0,792.0,42.1,0.0,,,,0.0,,0.0,,246.0,1158.0,,21.0,,,,,,,8.0,,,,,0.0,168.0,0.0,,1.0,,,,,,,,,,,,,,,,10641974.0,,,,,,,,,,,0.0,6.718,0.0,,,,,,,,,,,,,,,,,,,,,media/6be6cc32-3936-4b8c-bcd6-9f4cf2c1e34e.jpg
8951196153,"24 de abr. de 2023, 22:57:23",Treino curto 5km,Corrida,"",1566,"5,00",,,false,,Olympikus Corre 1 Corre 1,activities/8951196153.gpx,,,1566.0,1566.0,5007.6,5.26,3.198,59.6,42.2,757.4,791.2,25.3,0.3,,,,,,,,,534.0,,,,,,,,,8.0,,,,,0.0,67.0,0.0,,1.0,5176.8,,,,,,,,,,,,,,,,11197800.0,,,,,,,,,,0.0,3.198,937.4,,,,,,,,,,,,,,,,,,,,,media/3180e089-cd23-4243-861b-bf47b655c47b.jpg|media/0b7741a0-d72b-4371-99de-d05d5da3d084.jpg
8933151769,"21 de abr. de 2023, 22:31:25",Noite Passeio,Pedalada,,2114,"10,10",,,false,,Show Gravel,activities/9584806749.fit.gz,,11.0,2114.0,1902.0,10105.1,11.098,5.313,114.0,63.0,720.0,785.0,49.9,0.6,,,,0.0,,0.0,,183.0,329.0,,18.0,,,,,,,,,,,,,,0.0,,1.0,,,,,,,,,,,,,,,,10641974.0,,,,,,,,,,,0.0,4.78,1031.7,,,,,,,,,,,,,,,,,,,,,""
8933139421,"21 de abr. de 2023, 16:53:17",Tarde Passeio,Pedalada,,2171,"3,84",,,false,,Show Gravel,activities/9584794030.fit.gz,,11.0,2171.0,924.0,3847.5,13.862,4.164,59.0,55.0,563.0,614.0,27.5,0.1,,,,0.0,,0.0,,147.0,131.0,,33.0,,,,,,,,,,,,,,0.0,,1.0,,,,,,,,,,,,,,,,10641974.0,,,,,,,,,,,0.0,1.772,360.4,,,,,,,,,,,,,,,,,,,,,""
8933099960,"21 de abr. de 2023, 08:35:28",Itu - Estrada dos Romeiros,Pedalada,"",29852,"108,74",,,true,,Show Gravel,activities/9584753151.fit.gz,,11.0,29852.0,16382.0,108740.1,20.622,6.638,1333.0,1525.0,-20.0,814.0,48.5,-0.7,,,,0.0,,0.0,,203.0,4117.0,,21.0,,,,,,,8.0,,,,,0.0,705.0,1.0,,1.0,,,,,,,,,,,,,,,,10641974.0,,,,,,,,,,,0.0,3.643,1702.4,,,,,,,,,,,,,,,,,,,,,media/dff00cda-eb5c-4079-9d26-7918322c94ba.jpg|media/d562ff3c-794b-44ed-86a8-6356dc974577.mp4|media/aa49e2c3-c1c4-4177-891a-c93e27f4425f.jpg|media/aa282dc1-6d35-44dd-8cf2-b339cdee25eb.jpg|media/cfbefcd3-f2fc-4a21-a017-14a4579a248b.jpg
8909963689,"17 de abr. de 2023, 21:55:59",Treino 120min (moderado),Pedalada,"",9554,"56,27",,,false,,Show Gravel,activities/9560365166.fit.gz,,11.0,9554.0,8506.0,56274.2,12.194,6.616,275.0,272.0,713.0,786.0,45.5,0.0,,,,0.0,,0.0,,209.0,2033.0,,22.0,,,,,,,7.0,,,,,0.0,271.0,0.0,,1.0,,,,,,,,,,,,,,,,10641974.0,,,,,,,,,,,0.0,5.89,1037.0,,,,,,,,,,,,,,,,,,,,,media/86dbae0c-de99-42a4-a8d4-cb9389551f28.jpg
8891769518,"14 de abr. de 2023, 23:28:56",Noite Passeio,Pedalada,,3677,"15,66",,,false,,Show Gravel,activities/9541013222.fit.gz,,11.0,3677.0,2933.0,15668.5,10.914,5.342,139.0,79.0,727.0,796.0,27.1,0.4,,,,0.0,,0.0,,172.0,516.0,,22.0,,,,,,,,,,,,,,0.0,,1.0,,,,,,,,,,,,,,,,10641974.0,,,,,,,,,,,0.0,4.261,1077.2,,,,,,,,,,,,,,,,,,,,,""
8891763700,"14 de abr. de 2023, 22:21:38",🌬️ Ritmo (30km),Pedalada,"",4018,"30,06",,,false,,Show Gravel,activities/9541007181.fit.gz,,11.0,4018.0,3576.0,30059.0,9.748,8.406,46.0,54.0,713.0,748.0,18.7,0.1,,,,0.0,,0.0,,279.0,1221.0,,22.0,,,,,,,8.0,,,,,0.0,153.0,0.0,,1.0,,,,,,,,,,,,,,,,10641974.0,,,,,,,,,,,0.0,7.481,0.0,,,,,,,,,,,,,,,,,,,,,media/c296d7c5-7e94-4e80-9ade-a6ddcb56bbc3.jpg|media/a36a119e-6cc8-4cc6-94ef-9ff247550208.jpg
8891763681,"14 de abr. de 2023, 21:30:46",Noite Passeio,Pedalada,,2741,"15,79",,,false,,Show Gravel,activities/9541007160.fit.gz,,11.0,2741.0,2573.0,15790.5,19.183,6.137,77.0,132.0,720.0,778.0,19.4,-0.3,,,,0.0,,0.0,,193.0,552.0,,23.0,,,,,,,,,,,,,,0.0,,1.0,,,,,,,,,,,,,,,,10641974.0,,,,,,,,,,,0.0,5.761,327.8,,,,,,,,,,,,,,,,,,,,,""
8869276993,"10 de abr. de 2023, 23:18:53",Noite Passeio,Pedalada,,3825,"17,97",,,false,,Show Gravel,activities/9516666347.fit.gz,,11.0,3825.0,3272.0,17974.3,11.228,5.493,166.0,104.0,720.0,794.0,29.7,0.3,,,,0.0,,0.0,,182.0,597.0,,19.0,,,,,,,,,,,,,,0.0,,1.0,,,,,,,,,,,,,,,,10641974.0,,,,,,,,,,,0.0,4.699,984.1,,,,,,,,,,,,,,,,,,,,,""
8869276996,"10 de abr. de 2023, 21:58:26",🌬️Treino forte contra o vento ,Pedalada,"",4655,"31,96",,,false,,Show Gravel,activities/9516666323.fit.gz,,11.0,4655.0,4080.0,31965.4,11.758,7.835,64.0,70.0,709.0,751.0,32.7,-0.1,,,,0.0,,0.0,,251.0,1229.0,,19.0,,,,,,,8.0,,,,,0.0,175.0,0.0,,1.0,,,,,,,,,,,,,,,,10641974.0,,,,,,,,,,,0.0,6.867,0.0,,,,,,,,,,,,,,,,,,,,,media/af2d2ead-80a9-45fa-8287-997fcea8f1b9.jpg
8869271853,"10 de abr. de 2023, 21:03:31",Noite Passeio,Pedalada,,3289,"18,26",,,false,,Show Gravel,activities/9516660905.fit.gz,,11.0,3289.0,2743.0,18260.5,13.896,6.657,103.0,161.0,638.0,938.0,49.6,-0.8,,,,0.0,,0.0,,173.0,671.0,,21.0,,,,,,,,,,,,,,0.0,,1.0,,,,,,,,,,,,,,,,10641974.0,,,,,,,,,,,0.0,5.552,293.2,,,,,,,,,,,,,,,,,,,,,""
8844993129,"6 de abr. de 2023, 22:48:23",Treino condicionamento,Corrida,"",2055,"6,00",,,false,,Olympikus Corre 1 Corre 1,activities/8844993129.gpx,,,2055.0,2019.0,6003.6,4.424,2.974,92.2,111.5,759.0,842.9,43.6,-0.3,,,,,,,,,650.0,,,,,,,,,,,,,,0.0,,0.0,,1.0,6294.5,,,,,,,,,,,,,,,,11197800.0,,,,,,,,,,0.0,2.921,0.0,,,,,,,,,,,,,,,,,,,,,media/05f56fa2-f34c-459b-9330-545c3eda4be9.jpg
8869266886,"3 de abr. de 2023, 23:58:42",Noite Passeio,Pedalada,,3258,"16,57",,,false,,Show Gravel,activities/9516655734.fit.gz,,11.0,3258.0,2871.0,16578.6,10.89,5.774,143.0,85.0,709.0,799.0,49.3,0.5,,,,0.0,,0.0,,193.0,574.0,,21.0,,,,,,,,,,,,,,0.0,,1.0,,,,,,,,,,,,,,,,10641974.0,,,,,,,,,,,0.0,5.089,1040.0,,,,,,,,,,,,,,,,,,,,,""
8828076971,"3 de abr. de 2023, 22:37:47",Ritmo (30km/h+),Pedalada,"",4849,"36,03",,,false,,Show Gravel,activities/9473204828.fit.gz,,11.0,4849.0,4292.0,36031.6,11.01,8.395,59.0,66.0,714.0,747.0,18.9,0.0,,,,0.0,,0.0,,284.0,1445.0,,21.0,,,,,,,,,,,,0.0,,0.0,,1.0,,,,,,,,,,,,,,,,10641974.0,,,,,,,,,,,0.0,7.431,0.0,,,,,,,,,,,,,,,,,,,,,media/93fc8fbb-af0e-4c4d-919c-45248231481d.jpg|media/42a31fb0-d3a7-4dac-8073-9eff97dd59ce.mp4
8828076922,"3 de abr. de 2023, 21:51:52",Noite Passeio,Pedalada,,2388,"15,19",,,false,,Show Gravel,activities/9473204800.fit.gz,,11.0,2388.0,2229.0,15194.2,13.48,6.817,76.0,123.0,725.0,823.0,31.2,-0.6,,,,0.0,,0.0,,204.0,541.0,,22.0,,,,,,,,,,,,,,0.0,,1.0,,,,,,,,,,,,,,,,10641974.0,,,,,,,,,,,0.0,6.363,241.0,,,,,,,,,,,,,,,,,,,,,""
8805962456,"30 de mar. de 2023, 23:58:08",Noite Passeio,Pedalada,,3167,"16,64",,,false,,Show Gravel,activities/9449918595.fit.gz,,11.0,3167.0,2837.0,16639.1,11.598,5.865,172.0,117.0,697.0,788.0,38.5,0.5,,,,0.0,,0.0,,199.0,569.0,,25.0,,,,,,,,,,,,,,0.0,,1.0,,,,,,,,,,,,,,,,10641974.0,,,,,,,,,,,0.0,5.254,1136.3,,,,,,,,,,,,,,,,,,,,,""
8805962466,"30 de mar. de 2023, 22:12:03",Resistencia 90min (27 km/h),Pedalada,"",5776,"40,90",,,false,,Show Gravel,activities/9449918564.fit.gz,,11.0,5776.0,5246.0,40900.8,12.818,7.797,125.0,171.0,672.0,781.0,19.4,-0.3,,,,0.0,,0.0,,233.0,1608.0,,26.0,,,,,,,8.0,,,,,0.0,225.0,0.0,,1.0,,,,,,,,,,,,,,,,10641974.0,,,,,,,,,,,0.0,7.081,1758.7,,,,,,,,,,,,,,,,,,,,,media/a870f7c5-c61b-4e53-8cb1-b806373dd4b9.jpg|media/1410407c-c68d-46db-8080-f2b2b5e005ca.jpg
8788469598,"27 de mar. de 2023, 21:33:18",Ritmo livre (7km),Corrida,"",2417,"7,06",,,false,,Olympikus Corre 1 Corre 1,activities/8788469598.gpx,,,2417.0,2402.0,7065.5,4.622,2.941,98.4,70.7,742.6,791.2,15.5,0.4,,,,,,,,,758.0,,,,,,,,,7.0,,,,,0.0,76.0,0.0,,1.0,7340.1,,,,,,,,,,,,,,,,11197800.0,,,,,,,,,,0.0,2.923,2158.0,,,,,,,,,,,,,,,,,,,,,media/faecca47-5f9d-4842-8a16-c3c9b1e88f76.jpg
8788296080,"27 de mar. de 2023, 21:04:54",Pedalada ao entardecer,Pedalada,,1355,"7,73",,,false,,Show Gravel,activities/8788296080.gpx,,11.0,1355.0,1181.0,7735.8,13.254,6.55,35.2,79.8,741.6,787.4,23.3,-0.6,,,,,,,,190.0,251.0,,,,,,,,,,,,,,0.0,,0.0,,1.0,,,,,,,,,,,,,,,,10641974.0,,,,,,,,,,,0.0,5.709,313.4,,,,,,,,,,,,,,,,,,,,,""
8767149772,"23 de mar. de 2023, 22:28:20",Campo de Marte,Pedalada,"",12537,"72,07",,,false,,Show Gravel,activities/9408959753.fit.gz,,11.0,12537.0,10964.0,72077.0,14.604,6.574,462.0,462.0,715.0,834.0,49.6,0.0,,,,0.0,,0.0,,212.0,2564.0,,24.0,,,,,,,6.0,,,,,0.0,289.0,0.0,,1.0,,,,,,,,,,,,,,,,10641974.0,,,,,,,,,,,0.0,5.749,1000.3,,,,,,,,,,,,,,,,,,,,,media/c4fc0bbe-5ff7-4769-b463-44fbffe3cd1c.jpg|media/31e8c76e-0608-457f-b44e-d2fa58d28226.jpg
8755812593,"21 de mar. de 2023, 22:20:24",Treino leve,Pedalada,"",11290,"44,74",,,false,,Show Gravel,activities/9397067793.fit.gz,,11.0,11290.0,7595.0,44746.9,11.14,5.892,204.0,203.0,710.0,810.0,48.6,0.0,,,,0.0,,0.0,,188.0,1578.0,,23.0,,,,,,,5.0,,,,,0.0,137.0,0.0,,1.0,,,,,,,,,,,,,,,,10641974.0,,,,,,,,,,,0.0,3.963,953.2,,,,,,,,,,,,,,,,,,,,,media/09f64eec-fad5-4b66-a633-5972f9f7ca6d.jpg|media/2dd2df4e-dd87-4209-a8af-bf2f9b110cbe.jpg|media/e53a43c0-857f-4fd1-89f7-4270e5d0c616.jpg|media/4916ad6f-f38e-4c11-88a5-b219493b0e37.jpg
8731757890,"17 de mar. de 2023, 22:16:16",Recondicionamento (5:30km/h),Corrida,"",1971,"6,00",,,false,,Olympikus Corre 1 Corre 1,activities/8731757890.gpx,,,1971.0,1967.0,6006.3,6.126,3.054,64.4,72.8,757.4,790.9,49.9,-0.1,,,,,,,,,639.0,,,,,,,,,7.0,,,,,0.0,62.0,0.0,,1.0,6194.1,,,,,,,,,,,,,,,,11197800.0,,,,,,,,,,0.0,3.047,1069.8,,,,,,,,,,,,,,,,,,,,,media/24978802-292c-4e28-a67d-f86bec80b848.jpg
8727211061,"16 de mar. de 2023, 22:48:13",Treino recuperação (120min),Pedalada,"",7503,"50,64",,,false,,Show Gravel,activities/9366960106.fit.gz,,11.0,7503.0,7183.0,50643.3,13.082,7.05,259.0,269.0,716.0,794.0,49.3,0.0,,,,0.0,,0.0,,235.0,1904.0,,23.0,,,,,,,7.0,,,,,0.0,229.0,0.0,,1.0,,,,,,,,,,,,,,,,10641974.0,,,,,,,,,,,0.0,6.75,1988.1,,,,,,,,,,,,,,,,,,,,,""
8710077755,"13 de mar. de 2023, 22:38:52",Treino curto ⛰️,Corrida,"",1663,"5,04",,,false,,Olympikus Corre 1 Corre 1,activities/8710077755.gpx,,,1663.0,1663.0,5039.8,5.188,3.031,74.4,110.0,762.2,818.8,30.7,-0.7,,,,,,,,,543.0,,,,,,,,,,,,,,0.0,,0.0,,1.0,5264.5,,,,,,,,,,,,,,,,11197800.0,,,,,,,,,,0.0,3.031,105.7,,,,,,,,,,,,,,,,,,,,,media/d15675f4-6153-4b03-a129-cdef1228737a.jpg|media/e34e951a-2ba1-400a-ba7e-7962ed335828.jpg
8672720691,"7 de mar. de 2023, 00:02:44",Noite Passeio,Pedalada,,2811,"16,61",,,false,,Show Gravel,activities/9309631501.fit.gz,,11.0,2811.0,2781.0,16618.5,11.286,5.976,164.0,107.0,669.0,797.0,49.9,0.8,,,,0.0,,0.0,,203.0,582.0,,23.0,,,,,,,,,,,,,,0.0,,1.0,,,,,,,,,,,,,,,,10641974.0,,,,,,,,,,,0.0,5.912,1134.6,,,,,,,,,,,,,,,,,,,,,""
8672720719,"6 de mar. de 2023, 22:14:37",Treinamento ritmo leve 27km/h,Pedalada,"",6113,"39,21",,,false,,Show Gravel,activities/9309631476.fit.gz,,11.0,6113.0,5213.0,39210.1,14.22,7.522,111.0,179.0,716.0,782.0,36.1,-0.2,,,,0.0,,0.0,,233.0,1517.0,,24.0,,,,,,,6.0,,,,,0.0,137.0,0.0,,1.0,,,,,,,,,,,,,,,,10641974.0,,,,,,,,,,,0.0,6.414,328.1,,,,,,,,,,,,,,,,,,,,,media/374ae37c-5e0b-445a-80fc-44146284464e.jpg|media/c11f0d16-0e37-4799-8436-2ebb671bd608.jpg
8651759679,"3 de mar. de 2023, 09:50:00",Treino 6km,Corrida,"",1985,"6,05",,,false,,Olympikus Corre 1 Corre 1,activities/8651759679.gpx,,,1985.0,1883.0,6049.7,4.92,3.213,12.8,13.0,-3.4,9.9,17.8,0.0,,,,,,,,,628.0,,,,,,,,,,,,,,0.0,,0.0,,1.0,6086.0,,,,,,,,,,,,,,,,11197800.0,,,,,,,,,,0.0,3.048,6049.7,,,,0.0,,,,,,,,,,,,,,,,,media/ca6e5dba-49b3-4c1e-a641-78d174dc04bd.jpg|media/f51dc2be-a86e-4eb9-8e1b-0a079190a64a.jpg|media/e2897eaf-b7f6-4c34-9b64-9048e98550f5.jpg|media/0d0da752-a86c-4ce2-b11a-b9ebd2890f28.mp4
8633751607,"27 de fev. de 2023, 22:36:14",Pedalada ao entardecer,Pedalada,,9557,"29,97",,,false,,Show Gravel,activities/8633751607.gpx,,11.0,9557.0,7106.0,29971.6,12.926,4.218,133.7,133.5,726.1,787.4,23.0,0.0,,,,,,,,128.0,1018.0,,,,,,,,,,,,,,0.0,,0.0,,1.0,,,,,,,,,,,,,,,,10641974.0,,,,,,,,,,,0.0,3.136,1558.2,,,,,,,,,,,,,,,,,,,,,""
8616502201,"24 de fev. de 2023, 21:51:31",Que saudade! ❤️,Pedalada,"",1780,"7,99",,,true,,Show Gravel,activities/8616502201.gpx,,11.0,1780.0,1648.0,7994.3,10.398,4.851,89.3,43.0,740.5,787.3,21.7,0.6,,,,,,,,172.0,316.0,,,,,,,,,2.0,,,,,0.0,7.0,1.0,,1.0,,,,,,,,,,,,,,,,10641974.0,,,,,,,,,,,0.0,4.491,977.9,,,,,,,,,,,,,,,,,,,,,media/938d6b39-b872-401f-802e-71c41457df75.jpg
8600880264,"21 de fev. de 2023, 20:53:03",Corrida vespertina,Corrida,,2144,"6,00",,,false,,Olympikus Corre 1 Corre 1,activities/8600880264.gpx,,,2144.0,2127.0,6007.6,5.816,2.824,43.8,44.5,779.1,799.8,21.4,0.0,,,,,,,,,627.0,,,,,,,,,,,,,,0.0,,0.0,,1.0,6074.4,,,,,,,,,,,,,,,,11197800.0,,,,,,,,,,0.0,2.802,0.0,,,,,,,,,,,,,,,,,,,,,""
8564227770,"15 de fev. de 2023, 09:43:48",Treino leve - 5km,Corrida,"",2029,"5,00",,,false,,Olympikus Corre 1 Corre 1,activities/8564227770.gpx,,,2029.0,1834.0,5008.5,4.754,2.731,39.8,104.6,757.4,834.0,24.1,-1.3,,,,,,,,,525.0,,,,,,,,,6.0,,,,,0.0,48.0,0.0,,1.0,5082.8,,,,,,,,,,,,,,,,11197800.0,,,,,,,,,,0.0,2.468,668.2,,,,,,,,,,,,,,,,,,,,,media/7c0259ab-3e12-47d0-8d4f-7e7037afb8a8.jpg
8529055516,"8 de fev. de 2023, 21:46:35",Treino 6km,Corrida,"",2076,"6,02",,,false,,Olympikus Corre 1 Corre 1,activities/8529055516.gpx,,,2076.0,2076.0,6025.1,7.0,2.902,107.9,107.8,762.1,824.9,17.9,0.0,,,,,,,,,650.0,,,,,,,,,7.0,,,,,0.0,66.0,0.0,,1.0,6297.4,,,,,,,,,,,,,,,,11197800.0,,,,,,,,,,0.0,2.902,0.0,,,,,,,,,,,,,,,,,,,,,media/f4c246b1-ebc5-41b2-9329-bc5943764619.jpg|media/0767210b-bcee-4b85-90e0-4cc1881befac.jpg
8512843133,"5 de fev. de 2023, 23:07:33",Noite Passeio,Pedalada,,4035,"18,11",,,false,,Show Gravel,activities/9136832300.fit.gz,,11.0,4035.0,3335.0,18110.6,9.13,5.43,81.0,58.0,717.0,797.0,47.6,0.3,,,,0.0,,0.0,,173.0,603.0,,22.0,,,,,,,,,,,,,,0.0,,1.0,,,,,,,,,,,,,,,,10641974.0,,,,,,,,,,,0.0,4.488,1032.9,,,,,,,,,,,,,,,,,,,,,""
8512838989,"5 de fev. de 2023, 20:59:53","Treino 90min (ritmo livre)
",Pedalada,Chuva + Pneu 23mm = +1 terreno adquirido 🎉,7647,"45,03",,,false,,Orbea Aqua,activities/9136827455.fit.gz,,11.0,7647.0,5464.0,45030.1,16.065,8.241,112.0,95.0,612.0,740.0,48.0,0.2,,,,0.0,,0.0,,176.0,1790.0,,25.0,,,,,,,7.0,,,,,0.0,174.0,0.0,,1.0,,,,,,,,,,,,,,,,11986179.0,,,,,,,,,,,0.0,5.889,0.0,,,,,,,,,,,,,,,,,,,,,media/42db3e1d-c21b-4d32-9646-759ba07a813f.jpg|media/0eb17655-a605-4397-af64-e557152586e3.jpg
8512834637,"5 de fev. de 2023, 20:13:12",Noite Passeio,Pedalada,,2456,"16,77",,,false,,Show Gravel,activities/9136822466.fit.gz,,11.0,2456.0,2261.0,16772.8,13.318,7.418,81.0,156.0,728.0,813.0,41.5,-0.1,,,,0.0,,0.0,,237.0,636.0,,29.0,,,,,,,,,,,,,,0.0,,1.0,,,,,,,,,,,,,,,,10641974.0,,,,,,,,,,,0.0,6.829,324.3,,,,,,,,,,,,,,,,,,,,,""
8491039729,"2 de fev. de 2023, 00:22:11",Noite Passeio,Pedalada,"",2911,"16,62",,,true,,Orbea Aqua,activities/9112425006.fit.gz,,11.0,2911.0,2760.0,16621.9,10.192,6.022,55.0,48.0,703.0,794.0,47.9,0.5,,,,0.0,,0.0,,146.0,581.0,,23.0,,,,,,,,,,,,0.0,,1.0,,1.0,,,,,,,,,,,,,,,,11986179.0,,,,,,,,,,,0.0,5.71,1189.3,,,,,,,,,,,,,,,,,,,,,""
8491039719,"1 de fev. de 2023, 23:15:25",Treino ritmo - 30km/h,Pedalada,"",3927,"27,97",,,false,,Orbea Aqua,activities/9112424997.fit.gz,,11.0,3927.0,3308.0,27976.3,10.876,8.457,69.0,75.0,683.0,897.0,45.2,-0.6,,,,0.0,,0.0,,193.0,1127.0,,24.0,,,,,,,7.0,,,,,0.0,105.0,0.0,,1.0,,,,,,,,,,,,,,,,11986179.0,,,,,,,,,,,0.0,7.124,0.0,,,,,,,,,,,,,,,,,,,,,media/a1d79f0e-d865-4b36-b907-3a6d72097e62.jpg
8491039708,"1 de fev. de 2023, 22:21:23",Noite Passeio,Pedalada,"",2820,"16,34",,,true,,Orbea Aqua,activities/9112424978.fit.gz,,11.0,2820.0,2589.0,16348.7,15.593,6.315,78.0,146.0,720.0,796.0,35.4,-0.2,,,,0.0,,0.0,,122.0,581.0,,27.0,,,,,,,,,,,,0.0,,1.0,,1.0,,,,,,,,,,,,,,,,11986179.0,,,,,,,,,,,0.0,5.797,444.6,,,,,,,,,,,,,,,,,,,,,""
8490966031,"31 de jan. de 2023, 22:17:59",Noite Passeio,Pedalada,"",4757,"24,63",,,true,,Orbea Aqua,activities/9112343529.fit.gz,,11.0,4757.0,3790.0,24634.4,12.9,6.5,123.0,97.0,718.0,790.0,43.3,0.1,,,,0.0,,0.0,,142.0,887.0,,24.0,,,,,,,,,,,,0.0,,1.0,,1.0,,,,,,,,,,,,,,,,11986179.0,,,,,,,,,,,0.0,5.179,536.6,,,,,,,,,,,,,,,,,,,,,""
8490965972,"31 de jan. de 2023, 22:06:28",Noite Passeio,Pedalada,,330,"0,43",,,false,,Show Gravel,activities/9112343514.fit.gz,,11.0,330.0,128.0,434.6,6.622,3.395,0.0,14.0,664.0,664.0,0.0,0.0,,,,0.0,,0.0,,93.0,3.0,,27.0,,,,,,,,,,,,,,0.0,,1.0,,,,,,,,,,,,,,,,10641974.0,,,,,,,,,,,0.0,1.317,0.0,,,,,,,,,,,,,,,,,,,,,""
8458041403,"26 de jan. de 2023, 22:37:52",Primeiro rolê da Aqua!🖤🧡,Pedalada,"",9399,"50,43",,,true,,Orbea Aqua,activities/9074639220.fit.gz,,11.0,9399.0,7462.0,50437.0,11.95,6.759,277.0,284.0,712.0,825.0,33.6,-0.1,,,,0.0,,0.0,,147.0,1872.0,,23.0,,,,,,,6.0,,,,,0.0,196.0,1.0,,1.0,,,,,,,,,,,,,,,,11986179.0,,,,,,,,,,,0.0,5.366,1337.2,,,,,,,,,,,,,,,,,,,,,media/21178145-9638-43c2-ba68-d5327c9d9003.jpg
8447567342,"24 de jan. de 2023, 22:44:43",Treino 7km,Corrida,"",2379,"7,00",,,false,,Olympikus Corre 1 Corre 1,activities/8447567342.gpx,,,2379.0,2379.0,7008.8,7.157,2.946,108.3,102.3,763.3,824.9,31.5,0.1,,,,,,,,,758.0,,,,,,,,,6.0,,,,,0.0,62.0,0.0,,1.0,7341.2,,,,,,,,,,,,,,,,11197800.0,,,,,,,,,,0.0,2.946,277.5,,,,,,,,,,,,,,,,,,,,,media/49f908dc-9513-4350-a25d-e886dd2aa27c.jpg
8409773153,"18 de jan. de 2023, 00:39:02",Noite Passeio,Pedalada,,2993,"16,61",,,false,,Show Gravel,activities/9021232223.fit.gz,,11.0,2993.0,2786.0,16609.8,11.112,5.962,127.0,77.0,687.0,993.0,36.3,0.7,,,,0.0,,0.0,,180.0,532.0,,24.0,,,,,,,,,,,,,,0.0,,1.0,,,,,,,,,,,,,,,,10641974.0,,,,,,,,,,,2.0,5.55,895.9,,,,,,,,,,,,,,,,,,,,,""
8409773129,"17 de jan. de 2023, 23:14:48",Treino curto - ritmo (30km/h+),Pedalada,"",5037,"29,08",,,false,,Show Gravel,activities/9021232194.fit.gz,,11.0,5037.0,3505.0,29083.4,11.62,8.298,53.0,60.0,690.0,739.0,29.1,0.0,,,,0.0,,0.0,,278.0,1159.0,,24.0,,,,,,,7.0,,,,,0.0,111.0,0.0,,1.0,,,,,,,,,,,,,,,,10641974.0,,,,,,,,,,,0.0,5.774,0.0,,,,,,,,,,,,,,,,,,,,,media/e93f632f-e7f1-4397-b24a-77b89d0d182e.mp4|media/19091352-533d-4a30-81da-ee12920d1b29.jpg
8409767272,"17 de jan. de 2023, 21:53:03",Noite Passeio,Pedalada,,4896,"18,96",,,false,,Show Gravel,activities/9021225802.fit.gz,,11.0,4896.0,3923.0,18959.2,11.536,4.833,249.0,330.0,712.0,794.0,25.2,-0.2,,,,0.0,,0.0,,149.0,615.0,,25.0,,,,,,,,,,,,,,0.0,,1.0,,,,,,,,,,,,,,,,10641974.0,,,,,,,,,,,0.0,3.872,426.3,,,,,,,,,,,,,,,,,,,,,""
8404215076,"16 de jan. de 2023, 22:20:43",Subidas - Itapecerica/Embu/Taboão,Pedalada,"",9158,"38,31",,,false,,Show Gravel,activities/9015115374.fit.gz,,11.0,9158.0,7441.0,38314.3,15.664,5.149,605.0,624.0,749.0,898.0,36.5,-0.1,,,,0.0,,0.0,,175.0,1298.0,,24.0,,,,,,,4.0,,,,,0.0,82.0,0.0,,1.0,,,,,,,,,,,,,,,,10641974.0,,,,,,,,,,,0.0,4.184,641.4,,,,,,,,,,,,,,,,,,,,,media/ecabb71f-4c7d-4a58-8b55-cc43230bbfe0.jpg|media/fa2af35a-d323-4acd-9cad-caeb3b51ec0a.jpg
8404162122,"10 de jan. de 2023, 00:32:59",Noite Passeio,Pedalada,,3890,"19,32",,,false,,Show Gravel,activities/9015056887.fit.gz,,11.0,3890.0,3570.0,19322.1,14.736,5.412,210.0,156.0,721.0,799.0,44.7,0.4,,,,0.0,,0.0,,180.0,662.0,,21.0,,,,,,,,,,,,,,0.0,,1.0,,,,,,,,,,,,,,,,10641974.0,,,,,,,,,,,0.0,4.967,103.3,,,,,,,,,,,,,,,,,,,,,""
8366726373,"9 de jan. de 2023, 22:30:25",Treino ritmo (30km/h),Pedalada,"",6041,"41,41",,,false,,Show Gravel,activities/8973492061.fit.gz,,11.0,6041.0,5066.0,41415.4,11.498,8.175,91.0,104.0,703.0,751.0,19.5,-0.1,,,,0.0,,0.0,,263.0,1649.0,,21.0,,,,,,,7.0,,,,,0.0,161.0,0.0,,1.0,,,,,,,,,,,,,,,,10641974.0,,,,,,,,,,,0.0,6.856,0.0,,,,,,,,,,,,,,,,,,,,,media/e8ae459e-241c-4f88-9400-3b0d35597ec2.jpg|media/e239db70-e47b-4b4a-a666-46a978eac87b.jpg
8366716737,"9 de jan. de 2023, 21:59:31",Noite Passeio,Pedalada,,1815,"10,00",,,false,,Show Gravel,activities/8973481383.fit.gz,,11.0,1815.0,1548.0,9999.1,12.673,6.459,95.0,152.0,732.0,797.0,42.4,-0.3,,,,0.0,,0.0,,216.0,355.0,,21.0,,,,,,,,,,,,,,0.0,,1.0,,,,,,,,,,,,,,,,10641974.0,,,,,,,,,,,0.0,5.509,0.0,,,,,,,,,,,,,,,,,,,,,""
8355821325,"7 de jan. de 2023, 21:53:45",Giro leve,Pedalada,Giro leve com a broderagem [strava://athletes/83291564/13]Lucas Caballi ,14725,"63,77",,,false,,Show Gravel,activities/8961270068.fit.gz,,11.0,14725.0,10450.0,63774.8,14.55,6.103,479.0,478.0,705.0,804.0,41.8,0.0,,,,0.0,,0.0,,191.0,2262.0,,19.0,,,,,,,6.0,,,,,0.0,275.0,0.0,,1.0,,,,,,,,,,,,,,,,10641974.0,,,,,,,,,,,0.0,4.331,396.5,,,,,,,,,,,,,,,,,,,,,media/be6bd5c3-484a-4525-b4c8-a454a1dfd4d3.jpg|media/3f14d8a9-2b00-4afa-9c0e-649b044619d2.jpg|media/c45e8361-223a-46f6-8b96-565c5dcff840.jpg|media/bf59fff2-18d0-474d-98af-944f9d1efb7a.jpg|media/3322f666-2515-482a-9e1b-9a27ee555b84.jpg
8329090586,"2 de jan. de 2023, 21:56:59",Regenerativo,Pedalada,"",13544,"55,50",,,true,,Show Gravel,activities/8931355106.fit.gz,,11.0,13544.0,10374.0,55500.6,12.254,5.35,294.0,299.0,708.0,801.0,44.1,0.0,,,,0.0,,0.0,,157.0,1855.0,,25.0,,,,,,,3.0,,,,,0.0,86.0,1.0,,1.0,,,,,,,,,,,,,,,,10641974.0,,,,,,,,,,,0.0,4.098,1040.4,,,,,,,,,,,,,,,,,,,,,media/9db783ce-946f-4213-9c26-478452a55e4e.jpg|media/6cc02f78-51cc-498b-9ba1-52e8c1f293d7.jpg|media/d1f162c2-3665-4aef-a8e6-d0bfc9bb84ec.jpg|media/2c47f2a8-36c1-4763-af57-3e25e93f04df.jpg|media/aafe9345-3ec8-44b5-b844-25779010cf97.jpg
8322969103,"1 de jan. de 2023, 22:01:23",Treino leve (6km + 5:30),Corrida,"",2012,"6,00",,,false,,Olympikus Corre 1 Corre 1,activities/8322969103.gpx,,,2012.0,2006.0,6004.3,7.414,2.993,43.5,55.9,757.7,784.1,48.0,-0.2,,,,,,,,,633.0,,,,,,,,,7.0,,,,,0.0,64.0,0.0,,1.0,6060.6,,,,,,,,,,,,,,,,11197800.0,,,,,,,,,,0.0,2.984,0.0,,,,,,,,,,,,,,,,,,,,,media/2b6311f7-61cb-401b-aa70-8b32e57bdfb8.jpg
8316674956,"31 de dez. de 2022, 13:21:05",Manhã Passeio,Pedalada,,4133,"17,24",,,false,,Show Gravel,activities/8916790511.fit.gz,,11.0,4133.0,3043.0,17240.2,12.2,5.666,193.0,70.0,702.0,790.0,42.8,0.5,,,,0.0,,0.0,,188.0,592.0,,34.0,,,,,,,,,,,,,,0.0,,1.0,,,,,,,,,,,,,,,,10641974.0,,,,,,,,,,,0.0,4.171,359.1,,,,,,,,,,,,,,,,,,,,,""
8316675230,"31 de dez. de 2022, 11:13:30",Treino resistência (120min - 30km/h),Pedalada,"",7646,"58,12",,,false,,Show Gravel,activities/8916790570.fit.gz,,11.0,7646.0,7227.0,58120.1,12.108,8.042,160.0,216.0,713.0,794.0,19.9,-0.1,,,,0.0,,0.0,,255.0,2291.0,,31.0,,,,,,,7.0,,,,,0.0,230.0,0.0,,1.0,,,,,,,,,,,,,,,,10641974.0,,,,,,,,,,,0.0,7.601,18.9,,,,,,,,,,,,,,,,,,,,,media/8b2e2367-830e-4bbd-8331-f0a0658a697d.jpg|media/d8739120-a6e3-4d79-97d3-1bdb01b629e2.mp4|media/ee747c39-4c34-4e3d-8bd0-9c93fdaae070.mp4
8307867766,"29 de dez. de 2022, 15:53:37",Deslocamento ,Pedalada,"",3778,"18,91",,,false,,Show Gravel,activities/8906871304.fit.gz,,11.0,3778.0,3149.0,18917.7,9.83,6.008,472.0,258.0,704.0,793.0,41.6,0.5,,,,0.0,,0.0,,201.0,605.0,,35.0,,,,,,,,,,,,0.0,,0.0,,1.0,,,,,,,,,,,,,,,,10641974.0,,,,,,,,,,,0.0,5.007,303.0,,,,,,,,,,,,,,,,,,,,,""
8307858969,"29 de dez. de 2022, 13:53:09",Treino ritmo 90min (29km/h),Pedalada,"",7216,"45,03",,,false,,Show Gravel,activities/8906861280.fit.gz,,11.0,7216.0,5496.0,45035.8,11.182,8.194,141.0,289.0,711.0,736.0,20.6,0.0,,,,0.0,,0.0,,261.0,1065.0,,31.0,,,,,,,,,,,,0.0,,0.0,,1.0,,,,,,,,,,,,,,,,10641974.0,,,,,,,,,,,0.0,6.241,0.0,,,,,,,,,,,,,,,,,,,,,media/7c9bf212-2571-4208-916b-ba9327b04f44.mp4|media/a9be6827-35df-4324-ac26-4bed6c59193d.jpg
8307849554,"29 de dez. de 2022, 13:11:07",Deslocamento ,Pedalada,"",2253,"15,27",,,false,,Show Gravel,activities/8906850692.fit.gz,,11.0,2253.0,2208.0,15275.8,12.868,6.918,81.0,122.0,719.0,907.0,14.8,-1.2,,,,0.0,,0.0,,222.0,416.0,,30.0,,,,,,,,,,,,0.0,,0.0,,1.0,,,,,,,,,,,,,,,,10641974.0,,,,,,,,,,,0.0,6.78,16.8,,,,,,,,,,,,,,,,,,,,,""
8299918553,"27 de dez. de 2022, 21:27:05",Deslocamento ,Pedalada,"",3346,"16,23",,,false,,Show Gravel,activities/8897917051.fit.gz,,11.0,3346.0,2845.0,16236.7,11.508,5.707,76.0,22.0,725.0,796.0,22.2,0.1,,,,0.0,,0.0,,184.0,545.0,,24.0,,,,,,,,,,,,0.0,,0.0,,1.0,,,,,,,,,,,,,,,,10641974.0,,,,,,,,,,,0.0,4.853,251.9,,,,,,,,,,,,,,,,,,,,,""
8299912149,"27 de dez. de 2022, 18:54:45",Treino ritmo (27km/h),Pedalada,"",8345,"53,96",,,false,,Show Gravel,activities/8897909784.fit.gz,,11.0,8345.0,7018.0,53966.1,12.138,7.69,171.0,230.0,717.0,780.0,30.6,-0.1,,,,0.0,,0.0,,243.0,1353.0,,26.0,,,,,,,7.0,,,,,0.0,224.0,0.0,,1.0,,,,,,,,,,,,,,,,10641974.0,,,,,,,,,,,0.0,6.467,17.2,,,,,,,,,,,,,,,,,,,,,media/e0108a69-fe6a-4b2d-ba11-a855b31e8ecb.jpg
8295412346,"26 de dez. de 2022, 21:23:51",Deslocamento,Pedalada,"",6376,"32,70",,,true,,Show Gravel,activities/8892808541.fit.gz,,11.0,6376.0,5036.0,32708.0,11.274,6.495,168.0,104.0,712.0,787.0,33.7,0.2,,,,0.0,,0.0,,201.0,969.0,,22.0,,,,,,,,,,,,0.0,,1.0,,1.0,,,,,,,,,,,,,,,,10641974.0,,,,,,,,,,,0.0,5.13,722.7,,,,,,,,,,,,,,,,,,,,,""
8295400408,"26 de dez. de 2022, 20:19:18",Treino Ritmo (30km/h),Pedalada,"",3864,"31,15",,,false,,Show Gravel,activities/8892795272.fit.gz,,11.0,3864.0,3615.0,31149.1,12.106,8.617,67.0,70.0,714.0,732.0,9.4,0.0,,,,0.0,,0.0,,279.0,701.0,,24.0,,,,,,,7.0,,,,,0.0,115.0,0.0,,1.0,,,,,,,,,,,,,,,,10641974.0,,,,,,,,,,,0.0,8.061,0.0,,,,,,,,,,,,,,,,,,,,,media/f7b42a68-66af-4670-abf5-9c9a8eb6265c.jpg|media/f7b9aa98-4327-4573-b3f6-a6de7cad22cf.mp4
8295400344,"26 de dez. de 2022, 19:35:26",Deslocamento ,Pedalada,"",2572,"16,15",,,false,,Show Gravel,activities/8892795234.fit.gz,,11.0,2572.0,2356.0,16150.8,13.218,6.855,82.0,151.0,718.0,824.0,18.7,-0.5,,,,0.0,,0.0,,206.0,453.0,,25.0,,,,,,,,,,,,0.0,,0.0,,1.0,,,,,,,,,,,,,,,,10641974.0,,,,,,,,,,,0.0,6.279,16.7,,,,,,,,,,,,,,,,,,,,,""
8291082624,"25 de dez. de 2022, 22:38:13",Treino ritmo baixo - 6km,Corrida,"",2224,"6,02",,,false,,Olympikus Corre 1 Corre 1,activities/8291082624.gpx,,,2224.0,2224.0,6022.6,6.298,2.708,63.8,62.9,757.6,803.3,44.3,0.0,,,,,,,,,646.0,,,,,,,,,6.0,,,,,0.0,58.0,0.0,,1.0,6187.1,,,,,,,,,,,,,,,,11197800.0,,,,,,,,,,0.0,2.708,15.4,,,,,,,,,,,,,,,,,,,,,""
8283902050,"23 de dez. de 2022, 23:18:50",Noite Passeio,Pedalada,,4385,"19,85",,,false,,Show Gravel,activities/8879690182.fit.gz,,11.0,4385.0,3647.0,19850.0,11.982,5.443,192.0,133.0,715.0,790.0,39.2,0.4,,,,0.0,,0.0,,177.0,705.0,,20.0,,,,,,,,,,,,,,0.0,,1.0,,,,,,,,,,,,,,,,10641974.0,,,,,,,,,,,0.0,4.527,314.7,,,,,,,,,,,,,,,,,,,,,""
8283898250,"23 de dez. de 2022, 22:13:44",Treino ritmo 30km/h,Pedalada,"",3894,"30,03",,,false,,Show Gravel,activities/8879685824.fit.gz,,11.0,3894.0,3530.0,30030.9,11.156,8.507,83.0,84.0,711.0,726.0,10.1,0.0,,,,0.0,,0.0,,269.0,684.0,,20.0,,,,,,,8.0,,,,,0.0,151.0,0.0,,1.0,,,,,,,,,,,,,,,,10641974.0,,,,,,,,,,,0.0,7.712,0.0,,,,,,,,,,,,,,,,,,,,,media/61c2f153-9ba4-463d-b9d4-0cb07fc6f955.mp4|media/c2ad27ec-073c-486d-8b90-fc26ebcb5ea1.jpg|media/451b9043-a137-46a0-98ae-44c703ac19ce.jpg
8283894216,"23 de dez. de 2022, 21:23:05",Noite Passeio,Pedalada,,2445,"16,33",,,false,,Show Gravel,activities/8879681355.fit.gz,,11.0,2445.0,2334.0,16332.8,13.466,6.998,86.0,152.0,712.0,813.0,18.5,-0.6,,,,0.0,,0.0,,211.0,450.0,,21.0,,,,,,,,,,,,,,0.0,,1.0,,,,,,,,,,,,,,,,10641974.0,,,,,,,,,,,0.0,6.68,17.3,,,,,,,,,,,,,,,,,,,,,""
8272604365,"20 de dez. de 2022, 22:20:15",Treino 6km,Corrida,"",1981,"6,00",,,false,,Olympikus Corre 1 Corre 1,activities/8272604365.gpx,,,1981.0,1981.0,6001.2,4.48,3.029,11.3,11.2,299.0,304.9,4.0,0.0,,,,,,,,,628.0,,,,,,,,,6.0,,,,,0.0,52.0,0.0,,1.0,6012.2,,,,,,,,,,,,,,,,11197800.0,,,,,,,,,,0.0,3.029,6001.2,,,,,,,,,,,,,,,,,,,,,media/23705a10-db77-440a-940f-38eac2295ae5.mp4
8256526015,"16 de dez. de 2022, 21:48:45",Treino ritmo - 5:45 - 6:00,Corrida,"",2504,"7,50",,,false,,Olympikus Corre 1 Corre 1,activities/8256526015.gpx,,,2504.0,2504.0,7501.6,4.994,2.996,11.7,11.7,299.0,305.9,33.4,0.0,,,,,,,,,787.0,,,,,,,,,6.0,,,,,0.0,66.0,0.0,,1.0,7536.4,,,,,,,,,,,,,,,,11197800.0,,,,,,,,,,0.0,2.996,3771.2,,,,,,,,,,,,,,,,,,,,,media/02a54442-cd0f-44e8-8583-f3f0266210dd.jpg|media/a8660d0f-bb22-4754-afba-372e6922dbce.jpg|media/01145c24-831b-489b-8746-da2535cb2aa2.jpg|media/6359ec52-1adb-42f5-b6c5-40cb19aa4ca8.jpg|media/0af76088-2dfe-4761-bf36-38837597eacd.jpg
8245404711,"13 de dez. de 2022, 21:23:35",Corrida leve,Corrida,"",2160,"6,00",,,false,,Olympikus Corre 1 Corre 1,,,,2160.0,2160.0,6000.0,,2.778,,,,,,0.0,,,,,,,,,627.0,,,,,,,,,7.0,,,,,0.0,69.0,0.0,,0.0,,,,,,,,,,,,,,,,,11197800.0,,,,,,,,,,0.0,2.778,0.0,,,,,,,,,,,,,,,,,,,,,media/9cc5144a-0c9a-4287-bb30-c44e9cb0d8e6.jpg|media/d18eb48f-9a29-4142-b848-ed615585dde9.jpg
8245222528,"10 de dez. de 2022, 23:20:35",Corrida ao entardecer,Corrida,,743,"2,54",,,false,,Olympikus Corre 1 Corre 1,activities/8245222528.gpx,,,743.0,743.0,2540.9,5.042,3.42,29.9,26.0,504.4,534.6,3.5,0.1,,,,,,,,,269.0,,,,,,,,,,,,,,0.0,,0.0,,1.0,2580.1,,,,,,,,,,,,,,,,11197800.0,,,,,,,,,,0.0,3.42,0.0,,,,,,,,,,,,,,,,,,,,,""
8229701915,"10 de dez. de 2022, 02:49:50",Treino 8km - São José do Rio Preto ,Corrida,"",2738,"8,00",,,false,,Olympikus Corre 1 Corre 1,activities/8229701915.gpx,,,2738.0,2648.0,8004.3,4.42,3.023,96.3,92.7,496.8,558.5,23.4,0.0,,,,,,,,,851.0,,,,,,,,,,,,,,0.0,,0.0,,1.0,8145.0,,,,,,,,,,,,,,,,11197800.0,,,,,,,,,,0.0,2.923,0.0,,,,,,,,,,,,,,,,,,,,,media/9cc11b8f-8a87-446a-b105-4505e93ef41c.jpg|media/ba891c27-711b-4864-b914-1cfd6dc967ad.jpg|media/756ce2bc-9464-46d1-9f9d-a60266ad45e5.jpg
8212512230,"5 de dez. de 2022, 22:37:58",Treino (9km),Corrida,"",3140,"9,00",,,false,,Olympikus Corre 1 Corre 1,activities/8212512230.gpx,,,3140.0,3137.0,9008.9,5.638,2.872,157.7,158.6,765.4,824.8,31.1,0.0,,,,,,,,,988.0,,,,,,,,,6.0,,,,,0.0,82.0,0.0,,1.0,9461.1,,,,,,,,,,,,,,,,11197800.0,,,,,,,,,,0.0,2.869,167.0,,,,,,,,,,,,,,,,,,,,,media/1edb274f-b113-471c-9a52-62c68c112d16.jpg
8283890201,"2 de dez. de 2022, 22:09:45",Noite Passeio,Pedalada,,5652,"26,49",,,false,,Show Gravel,activities/8879676748.fit.gz,,11.0,5652.0,3708.0,26492.2,13.29,7.145,148.0,197.0,722.0,819.0,40.7,0.0,,,,0.0,,0.0,,232.0,718.0,,24.0,,,,,,,,,,,,,,0.0,,1.0,,,,,,,,,,,,,,,,10641974.0,,,,,,,,,,,0.0,4.687,107.9,,,,,,,,,,,,,,,,,,,,,""
8178340037,"26 de nov. de 2022, 23:34:53",Deslocamento ,Pedalada,"",3053,"15,78",,,false,,Show Gravel,activities/8760527760.fit.gz,,11.0,3053.0,2639.0,15787.7,11.952,5.982,143.0,83.0,715.0,797.0,30.7,0.5,,,,0.0,,0.0,,201.0,510.0,,20.0,,,,,,,,,,,,0.0,,0.0,,1.0,,,,,,,,,,,,,,,,10641974.0,,,,,,,,,,,0.0,5.171,247.6,,,,,,,,,,,,,,,,,,,,,""
8178350991,"26 de nov. de 2022, 21:29:28",Treino ritmo (28km/h+),Pedalada,"",7511,"49,37",,,false,,Show Gravel,activities/8760540184.fit.gz,,11.0,7511.0,6219.0,49371.5,13.116,7.939,147.0,200.0,710.0,774.0,18.7,-0.1,,,,0.0,,0.0,,251.0,1206.0,,21.0,,,,,,,8.0,,,,,0.0,267.0,0.0,,1.0,,,,,,,,,,,,,,,,10641974.0,,,,,,,,,,,0.0,6.573,24.9,,,,,,,,,,,,,,,,,,,,,media/73728cb6-4c04-4c5f-9ca4-6a91c20c077d.jpg|media/50d9a54c-d92a-4079-97b1-0bbb13da6051.jpg
8178315529,"24 de nov. de 2022, 22:44:32",Deslocamento ,Pedalada,"",4444,"14,94",,,false,,Show Gravel,activities/8760499634.fit.gz,,11.0,4444.0,2262.0,14945.2,13.176,6.607,133.0,127.0,735.0,802.0,23.2,-0.1,,,,0.0,,0.0,,225.0,429.0,,21.0,,,,,,,,,,,,0.0,,0.0,,1.0,,,,,,,,,,,,,,,,10641974.0,,,,,,,,,,,0.0,3.363,754.0,,,,,,,,,,,,,,,,,,,,,""
8156812715,"23 de nov. de 2022, 10:07:54",Treino ritmo alto - 5km,Corrida,,1498,"5,00",,,false,,Olympikus Corre 1 Corre 1,activities/8156812715.gpx,,,1498.0,1498.0,5005.1,5.386,3.341,24.2,21.3,776.3,784.1,4.3,0.1,,,,,,,,,525.0,,,,,,,,,,,,,,0.0,,0.0,,1.0,5025.5,,,,,,,,,,,,,,,,11197800.0,,,,,,,,,,0.0,3.341,0.0,,,,,,,,,,,,,,,,,,,,,media/2f27ee63-82ba-46b9-b1a1-dbd1f3244c71.jpg
8150732078,"21 de nov. de 2022, 22:25:12",Treino curto - 6km (pace 5min),Corrida,"",1857,"6,03",,,false,,Olympikus Corre 1 Corre 1,activities/8150732078.gpx,,,1857.0,1833.0,6030.9,6.296,3.29,50.1,49.8,774.1,784.1,11.5,0.0,,,,,,,,,637.0,,,,,,,,,7.0,,,,,0.0,58.0,0.0,,1.0,6097.8,,,,,,,,,,,,,,,,11197800.0,,,,,,,,,,0.0,3.248,0.0,,,,,,,,,,,,,,,,,,,,,media/0f84f32d-baf8-4ff3-b197-0898cf0d285c.jpg
8178311976,"20 de nov. de 2022, 17:38:47",Tarde Passeio,Pedalada,,1620,"9,62",,,false,,Show Gravel,activities/8760495523.fit.gz,,11.0,1620.0,1620.0,9626.5,12.416,5.942,52.0,28.0,724.0,825.0,19.9,-0.4,,,,0.0,,0.0,,220.0,311.0,,22.0,,,,,,,,,,,,,,0.0,,1.0,,,,,,,,,,,,,,,,10641974.0,,,,,,,,,,,0.0,5.942,83.4,,,,,,,,,,,,,,,,,,,,,""
8145562155,"20 de nov. de 2022, 07:08:40",Cicloturismo - Litoral (via Estrada de manutenção  #1),Pedalada,"",25897,"101,68",,,false,,Show Gravel,activities/8723465982.fit.gz,,11.0,25897.0,16847.0,101683.5,18.12,6.036,2640.6,1741.0,0.5,826.1,50.0,-0.7,,,,0.0,,0.0,,174.0,3235.0,,27.0,,,,,,,,,,,,0.0,,0.0,,1.0,,,,,,,,,,,,,,,,10641974.0,,,,,,,,,,,0.0,3.926,13689.9,,,,,0.0,,,,,,,,,,,,,,,,media/8f95fc39-d92a-48c9-b779-450f4f572b13.jpg|media/c0c6283b-5609-4b1c-b222-c2aa1b09d90e.jpg|media/66bbaf0e-4f16-44e3-9264-0c51fac102a0.jpg|media/206dbf95-07b2-47cd-a2f0-c74385772d0c.jpg|media/1b6fb953-f0ce-4970-bb02-c15818537632.jpg|media/33f36aa9-9afd-4e3f-8894-efd188eb77e6.jpg|media/c60bd60c-832e-45ba-a8f2-3f8bd515b26b.jpg|media/2f10c421-195f-447a-b50c-59fbada9fb51.jpg
8137126782,"18 de nov. de 2022, 21:46:01",Treino ritmo leve,Pedalada,"",10089,"56,51",,,false,,Show Gravel,activities/8713857889.fit.gz,,11.0,10089.0,8664.0,56511.4,12.738,6.523,364.0,355.0,717.0,819.0,38.6,0.0,,,,0.0,,0.0,,202.0,1676.0,,18.0,,,,,,,5.0,,,,,0.0,156.0,0.0,,1.0,,,,,,,,,,,,,,,,10641974.0,,,,,,,,,,,0.0,5.601,712.3,,,,,,,,,,,,,,,,,,,,,""
8128923997,"17 de nov. de 2022, 01:08:23",Deslocamento ,Pedalada,"",3333,"19,48",,,true,,Show Gravel,activities/8704625606.fit.gz,,11.0,3333.0,2780.0,19482.4,12.868,7.008,150.0,84.0,719.0,791.0,42.1,0.3,,,,0.0,,0.0,,238.0,536.0,,18.0,,,,,,,,,,,,0.0,,1.0,,1.0,,,,,,,,,,,,,,,,10641974.0,,,,,,,,,,,0.0,5.845,87.3,,,,,,,,,,,,,,,,,,,,,""
8128923988,"16 de nov. de 2022, 23:38:57",Treino ritmo 30km/h+,Pedalada,"",5358,"30,07",,,false,,Show Gravel,activities/8704625597.fit.gz,,11.0,5358.0,3441.0,30074.3,13.672,8.74,61.0,68.0,708.0,734.0,42.8,0.1,,,,0.0,,0.0,,294.0,666.0,,19.0,,,,,,,8.0,,,,,0.0,148.0,0.0,,1.0,,,,,,,,,,,,,,,,10641974.0,,,,,,,,,,,0.0,5.613,0.0,,,,,,,,,,,,,,,,,,,,,media/01f4c120-7288-4819-8c12-3cc224293163.jpg
8128920112,"16 de nov. de 2022, 22:09:29",Deslocamento ,Pedalada,"",5358,"19,49",,,true,,Show Gravel,activities/8704621237.fit.gz,,11.0,5358.0,3197.0,19490.7,11.734,6.097,164.0,216.0,717.0,836.0,49.7,-0.6,,,,0.0,,0.0,,191.0,608.0,,20.0,,,,,,,,,,,,0.0,,1.0,,1.0,,,,,,,,,,,,,,,,10641974.0,,,,,,,,,,,0.0,3.638,44.2,,,,,,,,,,,,,,,,,,,,,""
8123843609,"15 de nov. de 2022, 22:14:17",Treino no feriado ,Corrida,"",2545,"8,01",,,false,,Olympikus Corre 1 Corre 1,activities/8123843609.gpx,,,2545.0,2542.0,8017.9,11.012,3.154,63.9,70.9,757.7,787.9,48.7,-0.1,,,,,,,,,856.0,,,,,,,,,7.0,,,,,0.0,81.0,0.0,,1.0,8195.5,,,,,,,,,,,,,,,,11197800.0,,,,,,,,,,0.0,3.15,105.4,,,,,,,,,,,,,,,,,,,,,media/c74e2a73-6211-4bff-855c-3bc3b4df348d.jpg
8128904502,"13 de nov. de 2022, 08:09:30",Deslocamento ,Pedalada,"",6875,"25,09",,,true,,Show Gravel,activities/8704603661.fit.gz,,11.0,6875.0,3737.0,25096.1,18.488,6.716,287.0,284.0,751.0,831.0,26.4,-0.1,,,110.0,63.0,,0.0,,239.0,711.0,,20.0,,,,,,,,,,,,0.0,,1.0,,1.0,,,,,,,,,,,,,,,,10641974.0,,,,,,,,,,,0.0,3.65,0.0,,,,,,,,,,,,,,,,,,,,,""
8104155414,"11 de nov. de 2022, 21:56:23",Treino com chuva ,Pedalada,"",12168,"65,75",,,false,,Show Gravel,activities/8676514476.fit.gz,,11.0,12168.0,10569.0,65749.4,12.096,6.221,436.0,433.0,715.0,810.0,49.9,0.0,,,101.0,64.0,,0.0,,199.0,2039.0,,20.0,,,,,,,5.0,,,,,0.0,190.0,0.0,,1.0,,,,,,,,,,,,,,,,10641974.0,,,,,,,,,,,0.0,5.403,150.4,,,,,,,,,,,,,,,,,,,,,""
8094922129,"10 de nov. de 2022, 00:34:32",Deslocamento ,Pedalada,"",4189,"23,33",,,true,,Show Gravel,activities/8666080926.fit.gz,,11.0,4189.0,3845.0,23332.2,15.452,6.068,232.0,167.0,653.0,797.0,49.8,0.6,,,96.0,62.0,,0.0,,207.0,746.0,,18.0,,,,,,,5.0,,,,,0.0,69.0,1.0,,1.0,,,,,,,,,,,,,,,,10641974.0,,,,,,,,,,,0.0,5.57,310.5,,,,,,,,,,,,,,,,,,,,,""
8094917632,"9 de nov. de 2022, 22:18:14",Treino ritmo (30km/h+),Pedalada,"",6455,"46,90",,,false,,Show Gravel,activities/8666075960.fit.gz,,11.0,6455.0,5750.0,46902.6,12.01,8.157,121.0,139.0,708.0,734.0,39.2,0.0,,,149.0,74.0,,0.0,,272.0,1112.0,,19.0,,,,,,,8.0,,,,,0.0,247.0,0.0,,1.0,,,,,,,,,,,,,,,,10641974.0,,,,,,,,,,,0.0,7.266,46.4,,,,,,,,,,,,,,,,,,,,,media/b6dcf4a2-634f-4974-852e-0c9e4fb7686b.jpg
8094908813,"9 de nov. de 2022, 21:41:49",Deslocamento ,Pedalada,"",2171,"10,78",,,true,,Show Gravel,activities/8666065999.fit.gz,,11.0,2171.0,1837.0,10788.1,10.936,5.873,136.0,183.0,736.0,803.0,48.6,-0.6,,,104.0,68.0,,0.0,,199.0,345.0,,20.0,,,,,,,5.0,,,,,0.0,33.0,1.0,,1.0,,,,,,,,,,,,,,,,10641974.0,,,,,,,,,,,0.0,4.969,782.6,,,,,,,,,,,,,,,,,,,,,""
8084967693,"7 de nov. de 2022, 21:38:27",Regenerativo ,Pedalada,"",13655,"56,00",,,false,,Show Gravel,activities/8654957188.fit.gz,,11.0,13655.0,9128.0,56001.4,13.77,6.135,372.0,382.0,719.0,810.0,37.6,0.0,,,130.0,64.0,,0.0,,198.0,1753.0,,16.0,,,,,,,5.0,,,,,0.0,164.0,0.0,,1.0,,,,,,,,,,,,,,,,10641974.0,,,,,,,,,,,0.0,4.101,1263.7,,,,,,,,,,,,,,,,,,,,,media/d9347cd2-1095-47ab-a28b-b90a96fdedd5.jpg|media/4e987e14-99b9-411f-b4af-77dbf17706ae.jpg
8079583249,"6 de nov. de 2022, 16:22:24",Giro de domingo,Pedalada,"Giro! Treino! Gravelitos!
A satisfação da liberdade!",14557,"86,41",,,true,,Show Gravel,activities/8648871629.fit.gz,,11.0,14557.0,11650.0,86414.6,14.504,7.418,510.0,498.0,719.0,790.0,43.9,0.0,,,177.0,72.0,,0.0,,239.0,2237.0,,23.0,,,,,,,7.0,,,,,0.0,372.0,1.0,,1.0,,,,,,,,,,,,,,,,10641974.0,,,,,,,,,,,0.0,5.936,417.1,,,,,,,,,,,,,,,,,,,,,media/ba42d58a-0d54-4a24-832f-201bc36a773b.jpg|media/285f13be-2290-4927-bc1c-1f1e2f538e6a.jpg|media/088d46ea-eacc-4c69-8dce-fe5651e5031d.jpg|media/805f9a4f-e6ef-4c92-bd28-af5f224973ef.jpg
8065195603,"3 de nov. de 2022, 21:32:11",Treino baixa intensidade (25km/h),Pedalada,"",12486,"64,75",,,false,,Show Gravel,activities/8632433079.fit.gz,,11.0,12486.0,11128.0,64758.2,12.248,5.819,546.0,545.0,722.0,823.0,48.2,0.0,,,114.0,60.0,,0.0,,189.0,2140.0,,15.0,,,,,,,6.0,,,,,0.0,293.0,0.0,,1.0,,,,,,,,,,,,,,,,10641974.0,,,,,,,,,,,0.0,5.186,1437.8,,,,,,,,,,,,,,,,,,,,,""
8050219341,"1 de nov. de 2022, 00:02:43",Deslocamento ,Pedalada,"",2764,"15,17",,,false,,Show Gravel,activities/8615563188.fit.gz,,11.0,2764.0,2590.0,15178.6,13.558,5.86,142.0,90.0,707.0,854.0,28.5,-0.4,,,100.0,70.0,,0.0,,201.0,499.0,,20.0,,,,,,,,,,,,0.0,,0.0,,1.0,,,,,,,,,,,,,,,,10641974.0,,,,,,,,,,,0.0,5.492,139.6,,,,,,,,,,,,,,,,,,,,,""
8050215439,"31 de out. de 2022, 22:09:47",Treino Ritmo (27km/h - 80RPM),Pedalada,"",6756,"45,81",,,false,,Show Gravel,activities/8615558626.fit.gz,,11.0,6756.0,5707.0,45818.1,15.858,8.028,184.0,260.0,714.0,799.0,32.8,-0.2,,,118.0,77.0,,0.0,,261.0,1099.0,,22.0,,,,,,,7.0,,,,,0.0,182.0,0.0,,1.0,,,,,,,,,,,,,,,,10641974.0,,,,,,,,,,,0.0,6.782,0.0,,,,,,,,,,,,,,,,,,,,,media/f8a9b711-bb18-4fa3-9fce-9c9fe996b07f.mp4|media/b19b763d-d2ed-4087-a963-9a354873f4ee.jpg
8043329035,"30 de out. de 2022, 09:56:23",Giro de domingo - Interlagos,Pedalada,"",17036,"79,78",,,true,,Show Gravel,activities/8607622896.fit.gz,,11.0,17036.0,12917.0,79781.7,15.696,6.176,515.0,520.0,716.0,807.0,46.7,0.0,,,175.0,66.0,,0.0,,189.0,2484.0,,33.0,,,,,,,6.0,,,,,0.0,340.0,1.0,,1.0,,,,,,,,,,,,,,,,10641974.0,,,,,,,,,,,0.0,4.683,847.6,,,,,,,,,,,,,,,,,,,,,media/67c7a84f-0d7f-4012-9fce-88789b06f5cd.jpg|media/edd15545-f205-496c-a420-36d90718fb8d.jpg
8029633938,"27 de out. de 2022, 22:18:49",Retorno aos treinos!,Corrida,"",2499,"7,14",,,false,,Olympikus Corre 1 Corre 1,activities/8029633938.gpx,,,2499.0,2477.0,7146.8,5.844,2.885,108.7,108.9,776.3,821.8,40.5,0.0,,,,,,,,,783.0,,,,,,,,,6.0,,,,,0.0,65.0,0.0,,1.0,7495.7,,,,,,,,,,,,,,,,11197800.0,,,,,,,,,,0.0,2.86,0.0,,,,,,,,,,,,,,,,,,,,,media/2570f734-664e-463e-9cb6-e07d70d23bc7.jpg
8020044538,"25 de out. de 2022, 22:11:45","Pedal com ""Clube da Bike - Taboão da Serra"" ",Pedalada,"",10360,"46,90",,,true,,Show Gravel,activities/8581192816.fit.gz,,11.0,10360.0,7500.0,46907.1,12.514,6.254,285.0,288.0,714.0,790.0,47.1,0.0,,,98.0,62.0,,0.0,,197.0,1433.0,,19.0,,,,,,,5.0,,,,,0.0,135.0,1.0,,1.0,,,,,,,,,,,,,,,,10641974.0,,,,,,,,,,,0.0,4.528,1042.7,,,,,,,,,,,,,,,,,,,,,media/3c4746f8-e2f7-44a6-b66c-240dba2a1f55.jpg
8008054128,"23 de out. de 2022, 14:05:26",Deslocamento ,Pedalada,"",4351,"22,14",,,false,,Show Gravel,activities/8008054128.gpx,,11.0,4351.0,3584.0,22139.5,19.926,6.177,289.3,428.0,749.0,926.0,22.6,-0.6,,,,,,,,198.0,793.0,,,,,,,,,,,,,,0.0,,0.0,,1.0,,,,,,,,,,,,,,,,10641974.0,,,,,,,,,,,0.0,5.088,0.0,,,,,,,,,,,,,,,,,,,,,""
8008870152,"23 de out. de 2022, 10:10:54",Pedreira - Itapecerica (Pedalentos #21),Pedalada,"",15247,"52,01",,,false,,Show Gravel,activities/8568529236.fit.gz,,11.0,15247.0,10165.0,52017.1,19.456,5.117,1060.0,1084.0,747.0,942.0,36.2,0.0,,,123.0,57.0,,0.0,,196.0,1958.0,,27.0,,,,,,,7.0,,,,,0.0,324.0,0.0,,1.0,,,,,,,,,,,,,,,,10641974.0,,,,,,,,,,,0.0,3.412,40.1,,,,,,,,,,,,,,,,,,,,,media/367d1526-d2f0-4e81-9e22-dc2a12e4968d.jpg|media/671ec66c-4e2a-4c46-aaaf-9cb166a25c44.jpg|media/866eb12a-9a94-4429-86ba-162a9fc4ff21.jpg
7999163929,"21 de out. de 2022, 23:33:40",Deslocamento ,Pedalada,"",3051,"15,83",,,true,,Show Gravel,activities/8557456133.fit.gz,,11.0,3051.0,2319.0,15834.9,14.846,6.828,139.0,76.0,717.0,791.0,28.3,0.5,,,102.0,69.0,,0.0,,241.0,444.0,,23.0,,,,,,,,,,,,0.0,,1.0,,1.0,,,,,,,,,,,,,,,,10641974.0,,,,,,,,,,,0.0,5.19,84.0,,,,,,,,,,,,,,,,,,,,,""
7999168887,"21 de out. de 2022, 22:08:56",Treino Ritmo (30km/h),Pedalada,"",5052,"30,09",,,false,,Show Gravel,activities/8557461636.fit.gz,,11.0,5052.0,3664.0,30089.2,12.834,8.212,73.0,89.0,709.0,747.0,15.5,0.0,,,100.0,70.0,,0.0,,279.0,710.0,,24.0,,,,,,,,,,,,0.0,,0.0,,1.0,,,,,,,,,,,,,,,,10641974.0,,,,,,,,,,,0.0,5.956,0.0,,,,,,,,,,,,,,,,,,,,,media/6f642b5f-e4ec-41df-ba45-61f89e4ccab2.jpg
7999173652,"21 de out. de 2022, 21:07:16",Deslocamento ,Pedalada,"",3496,"12,00",,,true,,Show Gravel,activities/8557466930.fit.gz,,11.0,3496.0,1988.0,12007.8,11.348,6.04,135.0,204.0,547.0,808.0,46.3,1.5,,,106.0,68.0,,0.0,,203.0,380.0,,24.0,,,,,,,,,,,,0.0,,1.0,,1.0,,,,,,,,,,,,,,,,10641974.0,,,,,,,,,,,0.0,3.435,439.1,,,,,,,,,,,,,,,,,,,,,""
7979932440,"17 de out. de 2022, 21:31:43",Treino Ritmo 25km/h (Pedalentos #20),Pedalada,"Planejamento:
• Ritmo sentido Vila Lobos: 27km - 32km
_Vento a favor: Sentido Vila Lobos_

• Ritmo sentido Ponte Estaiada: 22km - 27km
_Vento Contra: Sentido Ponte Estaiada_",12561,"62,43",,,true,,Show Gravel,activities/8535824420.fit.gz,,11.0,12561.0,9843.0,62429.6,15.132,6.343,486.0,483.0,524.0,850.0,48.8,-0.3,,,102.0,63.0,,0.0,,174.0,1904.0,,20.0,,,,,,,6.0,,,,,0.0,259.0,1.0,,1.0,,,,,,,,,,,,,,,,10641974.0,,,,,,,,,,,2.0,4.97,1235.2,,,,,,,,,,,,,,,,,,,,,media/fea2d096-dd14-40b7-9209-1d52baf1f280.jpg
7979937312,"12 de out. de 2022, 22:55:06",NoitePasseio,Pedalada,,1694,"8,28",,,false,,Show Gravel,activities/8535830088.fit.gz,,11.0,1694.0,1248.0,8282.6,12.332,6.637,101.0,65.0,696.0,796.0,39.8,0.8,,,101.0,71.0,,0.0,,245.0,241.0,,23.0,,,,,,,,,,,,,,0.0,,1.0,,,,,,,,,,,,,,,,10641974.0,,,,,,,,,,,0.0,4.889,80.1,,,,,,,,,,,,,,,,,,,,,""
7954099120,"12 de out. de 2022, 20:43:39",Deslocamento Jundiaí ,Pedalada,"",1321,"4,13",,,false,,Show Gravel,activities/8505609762.fit.gz,,11.0,1321.0,817.0,4137.1,16.16,5.064,23.0,87.0,713.0,816.0,25.4,-2.2,,,80.0,52.0,,0.0,,147.0,149.0,,25.0,,,,,,,,,,,,0.0,,0.0,,1.0,,,,,,,,,,,,,,,,10641974.0,,,,,,,,,,,0.0,3.132,19.8,,,,,,,,,,,,,,,,,,,,,""
7953490021,"12 de out. de 2022, 08:33:31",Cicloturismo - Itu (via  Estrada dos Romeiros #2),Pedalada,"",29771,"111,03",,,true,,Show Gravel,activities/8504919627.fit.gz,,11.0,29771.0,17317.0,111031.1,18.763,6.412,2262.4,1519.0,553.2,805.3,50.0,-0.2,,,107.0,61.0,,0.0,,185.0,3344.0,,28.0,,,,,,,7.0,,,,,0.0,553.0,1.0,,1.0,,,,,,,,,,,,,,,,10641974.0,,,,,,,,,,,2.0,3.73,793.0,,,,,,,,,,,,,,,,,,,,,media/d613546f-7cef-48ce-823c-601b7b458f5e.jpg|media/def71675-2b53-4e2e-adb3-ca1a164a8827.jpg|media/2e0d2387-3473-4954-83c9-460ac5072118.jpg|media/32401387-6664-46d6-9eec-cf445fec71c7.jpg|media/4687cb3e-e126-44be-81e8-cd3d7ed69547.jpg|media/40b2312c-f77c-44c8-9e45-2057e7ad69d4.jpg|media/b3fd349d-a994-4f03-b694-5f0b9c8d8cba.jpg|media/a9434a16-9187-485f-ae5e-7f34d0d726b4.jpg
7944115414,"11 de out. de 2022, 00:01:35",Deslocamento ,Pedalada,"",1815,"10,40",,,true,,Show Gravel,activities/8494410946.fit.gz,,11.0,1815.0,1738.0,10405.9,11.982,5.987,172.0,123.0,739.0,825.0,49.8,0.4,,,105.0,73.0,,0.0,,215.0,334.0,,20.0,,,,,,,6.0,,,,,0.0,45.0,1.0,,1.0,,,,,,,,,,,,,,,,10641974.0,,,,,,,,,,,0.0,5.733,259.3,,,,,,,,,,,,,,,,,,,,,""
7944124857,"10 de out. de 2022, 22:19:19",Treino Ritmo (80RPM - 28km/h),Pedalada,"",6126,"40,14",,,false,,Show Gravel,activities/8494421310.fit.gz,,11.0,6126.0,5185.0,40147.2,12.668,7.743,166.0,220.0,704.0,798.0,30.9,-0.1,,,107.0,80.0,,0.0,,253.0,996.0,,20.0,,,,,,,8.0,,,,,0.0,223.0,0.0,,1.0,,,,,,,,,,,,,,,,10641974.0,,,,,,,,,,,0.0,6.554,57.4,,,,,,,,,,,,,,,,,,,,,media/99860672-4ede-424a-87f2-d3667035d678.jpg
7923241652,"6 de out. de 2022, 21:47:28",Regenerativo ,Pedalada,25km/h média com trechos de alta 40km/h,7965,"45,77",,,false,,Show Gravel,activities/8470670157.fit.gz,,11.0,7965.0,6574.0,45773.3,13.4,6.963,265.0,282.0,706.0,793.0,37.8,0.0,,,148.0,70.0,,0.0,,231.0,1260.0,,25.0,,,,,,,,,,,,0.0,,0.0,,1.0,,,,,,,,,,,,,,,,10641974.0,,,,,,,,,,,0.0,5.747,541.5,,,,,,,,,,,,,,,,,,,,,media/ad2a7193-1fd7-404e-bf47-9e76842681bd.jpg
7918462425,"5 de out. de 2022, 21:54:16",Itapecerica/Embu (Pedalentos #19),Pedalada,Participação: Brothers Bike,12956,"46,21",,,false,,Show Gravel,activities/8465262643.fit.gz,,11.0,12956.0,8156.0,46215.3,18.498,5.666,633.0,645.0,737.0,911.0,49.4,0.0,,,104.0,61.0,,0.0,,204.0,1568.0,,19.0,,,,,,,7.0,,,,,0.0,260.0,0.0,,1.0,,,,,,,,,,,,,,,,10641974.0,,,,,,,,,,,0.0,3.567,1287.7,,,,,,,,,,,,,,,,,,,,,media/fc769432-7a67-4531-9fe0-031f94348625.jpg
7915047678,"4 de out. de 2022, 22:09:27",Itapecerica (Pedalentos #18),Pedalada,"",9133,"45,07",,,false,,Show Gravel,activities/8461444171.fit.gz,,11.0,9133.0,8147.0,45072.9,17.496,5.532,760.0,764.0,751.0,914.0,46.3,0.0,,,107.0,64.0,,0.0,,202.0,1564.0,,17.0,,,,,,,7.0,,,,,0.0,260.0,0.0,,1.0,,,,,,,,,,,,,,,,10641974.0,,,,,,,,,,,0.0,4.935,307.9,,,,,,,,,,,,,,,,,,,,,media/35b7845b-d04d-4d15-8662-2370e2f42bd1.jpg
7887827762,"29 de set. de 2022, 21:38:03",Treino Ritmo - (27km/h),Pedalada,"",8488,"51,55",,,false,,Show Gravel,activities/8430760825.fit.gz,,11.0,8488.0,7068.0,51554.1,12.987,7.294,289.0,299.0,703.0,801.0,19.8,0.0,,,98.0,76.0,,0.0,,237.0,1365.0,,16.0,,,,,,,8.0,,,,,0.0,304.0,0.0,,1.0,,,,,,,,,,,,,,,,10641974.0,,,,,,,,,,,0.0,6.074,93.5,,,,,,,,,,,,,,,,,,,,,media/7eb92c6d-b3d2-4c8d-9f53-4e06d37b11f0.jpg|media/aad2eb60-4024-4ef3-a820-96a4bc1c3e12.jpg
7887827670,"29 de set. de 2022, 21:33:56",NoitePasseio,Pedalada,,233,"0,29",,,false,,Show Gravel,activities/8430760839.fit.gz,,11.0,233.0,142.0,293.4,5.454,2.066,1.0,0.0,753.0,804.0,45.3,14.3,,,54.0,43.0,,0.0,,83.0,17.0,,17.0,,,,,,,,,,,,,,0.0,,1.0,,,,,,,,,,,,,,,,10641974.0,,,,,,,,,,,0.0,1.259,0.0,,,,,,,,,,,,,,,,,,,,,""
7852329859,"22 de set. de 2022, 22:11:55",Vale do anhagabaú (Pedalentos #17),Pedalada,"",12167,"69,59",,,false,,Show Gravel,activities/8390749832.fit.gz,,11.0,12167.0,9844.0,69593.5,14.686,7.07,516.0,548.0,718.0,811.0,43.7,0.0,,,102.0,69.0,,0.0,,237.0,1888.0,,21.0,,,,,,,7.0,,,,,0.0,314.0,0.0,,1.0,,,,,,,,,,,,,,,,10641974.0,,,,,,,,,,,0.0,5.72,926.3,,,,,,,,,,,,,,,,,,,,,media/416f2330-c871-42c7-805c-eaa1ae875823.jpg|media/1993bba6-4e44-499e-938b-3d72df7f2ae8.jpg
7825195423,"17 de set. de 2022, 21:16:40",Ponte das bandeiras ,Pedalada,"",9360,"60,11",,,false,,Show Gravel,activities/8360233494.fit.gz,,11.0,9360.0,8118.0,60114.8,13.827,7.405,423.0,404.0,717.0,824.0,48.3,0.0,,,106.0,77.0,,0.0,,241.0,1545.0,,14.0,,,,,,,8.0,,,,,0.0,349.0,0.0,,1.0,,,,,,,,,,,,,,,,10641974.0,,,,,,,,,,,0.0,6.423,738.4,,,,,,,,,,,,,,,,,,,,,media/5487f0f1-55ef-485e-8d6b-9d30e2f61dd2.jpg|media/ac9fd603-dc34-4b17-aff6-432a024bf5fb.jpg
7798876811,"12 de set. de 2022, 22:43:34",Deslocamento ,Pedalada,"",3391,"16,29",,,true,,Show Gravel,activities/8330701409.fit.gz,,11.0,3391.0,2710.0,16294.8,10.866,6.013,108.0,74.0,680.0,795.0,37.5,0.5,,,175.0,72.0,,0.0,,198.0,521.0,,16.0,,,,,,,,,,,,0.0,,1.0,,1.0,,,,,,,,,,,,,,,,10641974.0,,,,,,,,,,,0.0,4.805,725.3,,,,,,,,,,,,,,,,,,,,,""
7798889183,"12 de set. de 2022, 21:01:22",Retorno aos treinos (27km/h),Pedalada,"",6064,"40,10",,,false,,Show Gravel,activities/8330715012.fit.gz,,11.0,6064.0,5399.0,40101.8,12.304,7.428,134.0,190.0,709.0,778.0,31.8,-0.1,,,106.0,78.0,,0.0,,236.0,1036.0,,17.0,,,,,,,8.0,,,,,0.0,232.0,0.0,,1.0,,,,,,,,,,,,,,,,10641974.0,,,,,,,,,,,0.0,6.613,0.0,,,,,,,,,,,,,,,,,,,,,media/559e4fbf-43c8-4a40-94c1-b44d4b98b44c.jpg
7772338742,"7 de set. de 2022, 22:42:35",Treino curto 6km,Corrida,"",1925,"6,01",,,false,,Olympikus Corre 1 Corre 1,activities/7772338742.gpx,,,1925.0,1899.0,6010.9,5.654,3.165,52.0,44.3,768.3,784.1,29.5,0.1,,,87.0,82.0,,,,,638.0,,,,,,,,,,,,,,0.0,,0.0,,1.0,6109.5,,,,,,,,,,,,,,,,11197800.0,,,,,,,,,,0.0,3.123,0.0,,,,,,,,,,,,,,,,,,,,,media/6ea31cb7-bae5-4e4c-8514-5b8548a449e8.jpg
7761297273,"5 de set. de 2022, 21:58:10",Treino Ritmo (25km/h),Pedalada,"Ritmo Médio 25km/h constante;
#Treinoplanejado
#Treinoexecutado ",6207,"35,35",,,false,,Show Gravel,activities/8288260128.fit.gz,,11.0,6207.0,5096.0,35356.2,10.37,6.938,205.0,145.0,691.0,786.0,24.9,0.3,,,102.0,74.0,,0.0,,220.0,988.0,,16.0,,,,,,,,,,,,0.0,,0.0,,1.0,,,,,,,,,,,,,,,,10641974.0,,,,,,,,,,,0.0,5.696,843.0,,,,,,,,,,,,,,,,,,,,,media/5e558ac3-d46e-4486-8d23-d46b3621e660.jpg|media/654d03f8-e43e-4dde-a126-232631d60387.jpg
7761301017,"5 de set. de 2022, 21:17:02",Deslocamento ,Pedalada,"",2444,"13,77",,,false,,Show Gravel,activities/8288264310.fit.gz,,11.0,2444.0,2192.0,13775.9,12.136,6.285,96.0,129.0,724.0,765.0,19.2,-0.3,,,98.0,73.0,,0.0,,189.0,425.0,,16.0,,,,,,,,,,,,0.0,,0.0,,1.0,,,,,,,,,,,,,,,,10641974.0,,,,,,,,,,,0.0,5.637,408.3,,,,,,,,,,,,,,,,,,,,,""
7761301103,"5 de set. de 2022, 21:13:12",NoitePasseio,Pedalada,,134,"0,56",,,false,,Show Gravel,activities/8288264472.fit.gz,,11.0,134.0,92.0,562.9,7.002,6.119,0.0,4.0,799.0,799.0,0.0,0.0,,,84.0,72.0,,0.0,,150.0,3.0,,16.0,,,,,,,,,,,,,,0.0,,1.0,,,,,,,,,,,,,,,,10641974.0,,,,,,,,,,,0.0,4.201,0.0,,,,,,,,,,,,,,,,,,,,,""
7761303014,"4 de set. de 2022, 20:52:57",Deslocamento (fail),Pedalada,"",957,"5,73",,,false,,Show Gravel,activities/8288266518.fit.gz,,11.0,957.0,957.0,5732.0,10.996,5.99,67.0,62.0,756.0,792.0,16.9,0.3,,,99.0,74.0,,0.0,,196.0,180.0,,14.0,,,,,,,,,,,,0.0,,0.0,,1.0,,,,,,,,,,,,,,,,10641974.0,,,,,,,,,,,0.0,5.99,0.0,,,,,,,,,,,,,,,,,,,,,""
7744764832,"2 de set. de 2022, 21:41:46",Giro em SP,Pedalada,"",15452,"64,71",,,true,,Show Gravel,activities/8269486497.fit.gz,,11.0,15452.0,13132.0,64712.7,12.426,4.928,606.0,604.0,287.0,843.0,45.7,0.8,,,156.0,58.0,,0.0,,161.0,2511.0,,21.0,,,,,,,6.0,,,,,0.0,346.0,1.0,,1.0,,,,,,,,,,,,,,,,10641974.0,,,,,,,,,,,0.0,4.188,1291.1,,,,,,,,,,,,,,,,,,,,,media/42acdfdf-3478-48b2-bb15-c54cb929f53b.jpg|media/77d182ef-4176-456d-8e50-2c1df9165685.jpg|media/9e07ca60-a571-4860-8ecb-1a12a7c42b6e.jpg
7727991941,"30 de ago. de 2022, 21:04:43",Corrida semanal,Corrida,"",3163,"10,00",,,false,,Olympikus Corre 1 Corre 1,activities/7727991941.gpx,,,3163.0,3154.0,10007.0,5.338,3.173,93.2,111.8,752.6,790.5,19.2,-0.2,,,87.0,81.0,,,,,1063.0,,,,,,,,,8.0,,,,,0.0,135.0,0.0,,1.0,10174.3,,,,,,,,,,,,,,,,11197800.0,,,,,,,,,,0.0,3.164,159.1,,,,,,,,,,,,,,,,,,,,,""
7716673672,"28 de ago. de 2022, 08:41:20",Cicloturismo - São Roque (Rota do Vinho),Pedalada,"",35040,"103,76",,,true,,Show Gravel,activities/8237867466.fit.gz,,11.0,35040.0,21467.0,103768.1,19.966,4.834,1989.0,2010.0,270.0,807.0,46.1,-0.5,,,148.0,60.0,,0.0,,156.0,4159.0,,24.0,,,,,,,8.0,,,,,0.0,924.0,1.0,,1.0,,,,,,,,,,,,,,,,10641974.0,,,,,,,,,,,0.0,2.961,5929.3,,,,,,,,,,,,,,,,,,,,,media/8499ae92-7749-441e-aed5-96acfa8daa93.jpg|media/2aeeed36-cb8b-49f3-a2c9-a0302f50fa02.jpg
7705687729,"26 de ago. de 2022, 22:59:37",Treino Ritmo,Corrida,"10km (FAIL)
#treinoplanejado
#treinofail",2871,"8,00",,,false,,Olympikus Corre 1 Corre 1,activities/7705687729.gpx,,,2871.0,2798.0,8005.9,7.922,2.861,44.4,42.5,776.4,784.1,28.4,0.0,,,89.0,82.0,,,,,848.0,,,,,,,,,,,,,,0.0,,0.0,,1.0,8116.5,,,,,,,,,,,,,,,,11197800.0,,,,,,,,,,0.0,2.789,0.0,,,,,,,,,,,,,,,,,,,,,media/25aaadcb-6577-4fa6-860b-f5cf2e534dd5.jpg
7701181802,"25 de ago. de 2022, 22:08:20",Osasco - DOGÃO (Pedalentos #16),Pedalada,"",14547,"55,61",,,true,,Show Gravel,activities/8220335410.fit.gz,,11.0,14547.0,9400.0,55618.5,13.6,5.917,557.0,553.0,716.0,810.0,39.8,0.0,,,135.0,67.0,,0.0,,194.0,1809.0,,20.0,,,,,,,7.0,,,,,0.0,300.0,1.0,,1.0,,,,,,,,,,,,,,,,10641974.0,,,,,,,,,,,0.0,3.823,406.5,,,,,,,,,,,,,,,,,,,,,media/d2a213a1-d09c-4fca-bef4-d81711abd1bd.jpg
7695543800,"25 de ago. de 2022, 00:03:00",Deslocamento ,Pedalada,"",3944,"15,53",,,true,,Show Gravel,activities/8213807012.fit.gz,,11.0,3944.0,2609.0,15537.7,12.124,5.955,143.0,80.0,717.0,787.0,25.6,0.0,,,114.0,72.0,,0.0,,193.0,499.0,,19.0,,,,,,,,,,,,0.0,,1.0,,1.0,,,,,,,,,,,,,,,,10641974.0,,,,,,,,,,,0.0,3.94,175.1,,,,,,,,,,,,,,,,,,,,,""
7695554753,"24 de ago. de 2022, 21:55:00",Treino leve (27km/h),Pedalada,"",7670,"50,04",,,false,,Show Gravel,activities/8213819232.fit.gz,,11.0,7670.0,6858.0,50044.9,10.03,7.297,140.0,151.0,712.0,732.0,41.0,0.0,,,135.0,73.0,,0.0,,224.0,1328.0,,19.0,,,,,,,7.0,,,,,0.0,219.0,0.0,,1.0,,,,,,,,,,,,,,,,10641974.0,,,,,,,,,,,0.0,6.525,48.6,,,,,,,,,,,,,,,,,,,,,media/f11ace94-da86-49c0-b489-5fb130e672a6.jpg
7695558965,"24 de ago. de 2022, 20:59:18",Deslocamento ,Pedalada,"",3325,"13,32",,,true,,Show Gravel,activities/8213823896.fit.gz,,11.0,3325.0,2521.0,13323.4,13.874,5.285,191.0,252.0,722.0,798.0,48.4,-0.4,,,106.0,65.0,,0.0,,176.0,477.0,,20.0,,,,,,,,,,,,0.0,,1.0,,1.0,,,,,,,,,,,,,,,,10641974.0,,,,,,,,,,,0.0,4.007,156.6,,,,,,,,,,,,,,,,,,,,,""
7683921834,"22 de ago. de 2022, 22:18:08",Campo de Marte (Pedalentos #15),Pedalada,"",14179,"72,65",,,false,,Show Gravel,activities/8200829418.fit.gz,,11.0,14179.0,10466.0,72651.8,13.674,6.942,550.0,573.0,700.0,829.0,49.4,0.1,,,132.0,75.0,,0.0,,239.0,2010.0,,16.0,,,,,,,8.0,,,,,0.0,450.0,0.0,,1.0,,,,,,,,,,,,,,,,10641974.0,,,,,,,,,,,0.0,5.124,128.8,,,,,,,,,,,,,,,,,,,,,media/7dafbaa4-4b93-42d7-9c60-f965c451ec70.jpg
7677183269,"21 de ago. de 2022, 15:13:13",Giro de domingo,Pedalada,"",7909,"51,58",,,true,,Show Gravel,activities/8193217855.fit.gz,,11.0,7909.0,7254.0,51585.4,14.566,7.111,433.0,415.0,716.0,818.0,39.2,0.0,,,115.0,75.0,,0.0,,240.0,1398.0,,24.0,,,,,,,7.0,,,,,0.0,231.0,1.0,,1.0,,,,,,,,,,,,,,,,10641974.0,,,,,,,,,,,0.0,6.522,327.4,,,,,,,,,,,,,,,,,,,,,media/49dc8394-847c-4af5-881f-e73a54060f5d.jpg
7661987702,"18 de ago. de 2022, 21:05:34",Treino Ritmo (RPM 80/90),Pedalada,"",14303,"67,46",,,false,,Show Gravel,activities/8176020798.fit.gz,,11.0,14303.0,10921.0,67462.4,14.112,6.177,504.0,538.0,715.0,815.0,37.1,0.0,,,132.0,74.0,,0.0,,201.0,2113.0,,22.0,,,,,,,7.0,,,,,0.0,348.0,0.0,,1.0,,,,,,,,,,,,,,,,10641974.0,,,,,,,,,,,0.0,4.717,531.7,,,,,,,,,,,,,,,,,,,,,media/1897c9f8-a7e5-450f-80a2-717ffe2d0e86.jpg
7656066040,"17 de ago. de 2022, 21:40:05",Treino ledeiras (200m+),Corrida,"",3296,"10,00",,,false,,Olympikus Corre 1 Corre 1,activities/7656066040.gpx,,,3296.0,3296.0,10005.9,6.854,3.036,225.9,223.9,776.3,822.0,41.1,0.0,,,87.0,81.0,,,,,1121.0,,,,,,,,,8.0,,,,,0.0,141.0,0.0,,1.0,10729.6,,,,,,,,,,,,,,,,11197800.0,,,,,,,,,,0.0,3.036,0.0,,,,,,,,,,,,,,,,,,,,,media/ab262aa9-3a3f-4b7d-ac3d-c30f8882a44b.jpg
7651020706,"16 de ago. de 2022, 22:11:16",Frutaria Paulista (Pedalentos #14),Pedalada,"",12091,"52,92",,,false,,Show Gravel,activities/8163796364.fit.gz,,11.0,12091.0,8831.0,52925.9,14.846,5.993,564.0,574.0,723.0,870.0,49.2,0.0,,,135.0,70.0,,0.0,,211.0,1700.0,,20.0,,,,,,,,,,,,0.0,,0.0,,1.0,,,,,,,,,,,,,,,,10641974.0,,,,,,,,,,,0.0,4.377,1113.0,,,,,,,,,,,,,,,,,,,,,media/fd3eb2c6-9cab-46e5-b2fd-83b423478721.jpg
7645019310,"15 de ago. de 2022, 23:22:32",Deslocamento,Pedalada,"",3364,"16,67",,,true,,Show Gravel,activities/8157160104.fit.gz,,11.0,3364.0,2642.0,16674.9,12.026,6.311,177.0,116.0,703.0,790.0,47.2,0.5,,,100.0,75.0,,0.0,,218.0,509.0,,21.0,,,,,,,6.0,,,,,0.0,69.0,1.0,,1.0,,,,,,,,,,,,,,,,10641974.0,,,,,,,,,,,0.0,4.957,289.5,,,,,,,,,,,,,,,,,,,,,""
7645028942,"15 de ago. de 2022, 21:43:46",Treino Ritmo - (27km/h - 80RPM),Pedalada,"",5917,"40,11",,,false,,Show Gravel,activities/8157170613.fit.gz,,11.0,5917.0,5074.0,40115.9,12.658,7.906,106.0,167.0,710.0,806.0,19.5,-0.2,,,117.0,81.0,,0.0,,257.0,977.0,,23.0,,,,,,,8.0,,,,,0.0,218.0,0.0,,1.0,,,,,,,,,,,,,,,,10641974.0,,,,,,,,,,,0.0,6.78,387.4,,,,,,,,,,,,,,,,,,,,,media/1a4d73ff-6aea-4e30-b8c0-7c7b8d34dcd1.jpg
7636275376,"14 de ago. de 2022, 08:41:24",Itapecerica (Pedalentos #13),Pedalada,"",11284,"40,04",,,false,,Show Gravel,activities/8147362082.fit.gz,,11.0,11284.0,7203.0,40039.0,16.402,5.559,718.0,734.0,747.0,912.0,47.4,0.0,,,175.0,64.0,,0.0,,202.0,1390.0,,15.0,,,,,,,,,,,,0.0,,0.0,,1.0,,,,,,,,,,,,,,,,10641974.0,,,,,,,,,,,0.0,3.548,164.2,,,,,,,,,,,,,,,,,,,,,media/561908c0-6826-4d88-bca5-07ee5bc2f735.jpg|media/00698c19-50a4-45e7-9908-d9f61a3a9a23.jpg
7628392386,"12 de ago. de 2022, 22:26:49",Itapecerica/Embu (Pedalentos 12#),Pedalada,"",10397,"44,30",,,false,,Show Gravel,activities/8138539590.fit.gz,,11.0,10397.0,7620.0,44308.6,18.082,5.815,806.0,802.0,746.0,911.0,30.7,0.1,,,135.0,67.0,,0.0,,220.0,1474.0,,15.0,,,,,,,8.0,,,,,0.0,328.0,0.0,,1.0,,,,,,,,,,,,,,,,10641974.0,,,,,,,,,,,0.0,4.262,1227.7,,,,,,,,,,,,,,,,,,,,,media/5c7e3288-7c2a-4cf8-af08-62c10ef0ba03.jpg
7605908239,"8 de ago. de 2022, 22:11:22",Regenerativo (1h),Pedalada,"",4381,"30,12",,,false,,Show Gravel,activities/8113645010.fit.gz,,11.0,4381.0,4353.0,30126.0,14.788,6.921,371.0,400.0,751.0,830.0,19.9,-0.1,,,116.0,77.0,,0.0,,243.0,842.0,,18.0,,,,,,,6.0,,,,,0.0,114.0,0.0,,1.0,,,,,,,,,,,,,,,,10641974.0,,,,,,,,,,,0.0,6.877,250.1,,,,,,,,,,,,,,,,,,,,,""
7600728343,"7 de ago. de 2022, 22:22:49",Treino leve 10km,Corrida,"",3386,"10,02",,,false,,Olympikus Corre 1 Corre 1,activities/7600728343.gpx,,,3386.0,3377.0,10022.0,4.59,2.968,54.8,63.3,774.1,785.5,41.6,-0.1,,,85.0,81.0,,,,,1053.0,,,,,,,,,,,,,,0.0,,0.0,,1.0,10081.4,,,,,,,,,,,,,,,,11197800.0,,,,,,,,,,0.0,2.96,0.0,,,,,,,,,,,,,,,,,,,,,media/5ef0e827-b32e-4eed-945f-0bdf4241c7b4.jpg
7595256575,"6 de ago. de 2022, 19:38:52",Pedal S do Sena,Pedalada,"",24468,"79,02",,,false,,Show Gravel,activities/8101660298.fit.gz,,11.0,24468.0,13985.0,79020.5,15.012,5.65,1043.0,1032.0,708.0,807.0,48.8,0.0,,,141.0,68.0,,0.0,,203.0,2693.0,,16.0,,,,,,,7.0,,,,,0.0,446.0,0.0,,1.0,,,,,,,,,,,,,,,,10641974.0,,,,,,,,,,,0.0,3.23,791.9,,,,,,,,,,,,,,,,,,,,,media/d50424b8-a651-47c7-bfe1-275b42a09e14.jpg|media/9fe944d4-1ee9-4c7d-b9a2-16f2ff14e9c1.jpg|media/420140a3-6f75-457d-b28a-8467d9c7be69.jpg
7584673511,"4 de ago. de 2022, 22:06:29",Kinkaku-Ji - noturno (Pedalentos #11),Pedalada,"",16337,"48,19",,,false,,Show Gravel,activities/8089821556.fit.gz,,11.0,16337.0,10368.0,48194.2,17.768,4.648,927.0,920.0,744.0,916.0,43.8,0.0,,,123.0,61.0,,0.0,,167.0,1997.0,,21.0,,,,,,,,,,,,0.0,,0.0,,1.0,,,,,,,,,,,,,,,,10641974.0,,,,,,,,,,,0.0,2.95,1609.3,,,,,,,,,,,,,,,,,,,,,media/15406447-94f9-4331-a713-d52da5b35f24.jpg|media/b5f18671-1680-47dc-95fd-9635d9c53a0b.jpg
7573269058,"2 de ago. de 2022, 22:10:27",Itapecerica/Embu (Pedalentos #10),Pedalada,"Grupo não tem só passeio, tem treino também!!!!",10461,"38,89",,,false,,Show Gravel,activities/8077185720.fit.gz,,11.0,10461.0,8341.0,38889.8,15.816,4.662,654.0,650.0,746.0,908.0,49.7,0.0,,,165.0,58.0,,0.0,,155.0,1605.0,,18.0,,,,,,,6.0,,,,,0.0,220.0,0.0,,1.0,,,,,,,,,,,,,,,,10641974.0,,,,,,,,,,,0.0,3.718,615.8,,,,,,,,,,,,,,,,,,,,,media/4861367d-8584-428c-b441-8d9f9028fb0f.jpg
7566654477,"1 de ago. de 2022, 20:29:55",Taboão/Embu ,Corrida,"Treino leve;
Pace: 6min
#treinoplanejado
#treinoexecutado",4706,"11,02",,,false,,Olympikus Corre 1 Corre 1,activities/7566654477.gpx,,,4706.0,4067.0,11028.5,6.138,2.712,143.0,194.1,764.2,828.3,22.5,-0.5,,,91.0,81.0,,,,,1183.0,,,,,,,,,6.0,,,,,0.0,107.0,0.0,,1.0,11326.6,,,,,,,,,,,,,,,,11197800.0,,,,,,,,,,0.0,2.344,173.5,,,,,,,,,,,,,,,,,,,,,media/daea8bfa-1cea-40d8-ad75-de575927f03d.jpg
7561407819,"31 de jul. de 2022, 08:10:31",Cicloturismo - Itu (via  Estrada dos Romeiros #1),Pedalada,"",36417,"134,28",,,false,,Show Gravel,activities/8064061537.fit.gz,,11.0,36417.0,24061.0,134286.8,19.313,5.581,1622.0,1752.0,543.0,801.0,43.9,-0.1,,,129.0,62.0,,0.0,,183.0,4656.0,,21.0,,,,,,,,,,,,0.0,,0.0,,1.0,,,,,,,,,,,,,,,,10641974.0,,,,,,,,,,,0.0,3.687,931.7,,,,,,,,,,,,,,,,,,,,,media/1916e51e-81d8-40c8-943d-57b3bc8b9353.jpg|media/a851d4d7-f8f4-445b-bac2-efbf62b8b107.jpg|media/b459c690-10db-406b-9bf2-cea96728c045.jpg|media/3f1c725a-8265-4402-98d6-4edaf91c8f47.jpg|media/9b408d6c-8a03-4f3c-bf69-15a06a3cb8a5.jpg
7550457657,"29 de jul. de 2022, 22:04:24",Treino - 60 minutos ,Corrida,"",3610,"11,00",,,false,,Olympikus Corre 1 Corre 1,activities/7550457657.gpx,,,3610.0,3602.0,11004.3,6.794,3.055,111.9,129.7,755.8,802.5,29.7,-0.2,,,89.0,82.0,,,,,1174.0,,,,,,,,,8.0,,,,,0.0,155.0,0.0,,1.0,11240.8,,,,,,,,,,,,,,,,11197800.0,,,,,,,,,,0.0,3.048,173.4,,,,,,,,,,,,,,,,,,,,,media/39aa6560-73e1-41b3-baf9-5796fee7421a.jpg|media/4eecc5bb-271c-4c44-b71f-72e34c4bdb1a.jpg
7545709791,"28 de jul. de 2022, 23:26:58",Deslocamento ,Pedalada,Bike quebrou :(,1850,"11,35",,,false,,Show Gravel,activities/8046530422.fit.gz,,11.0,1850.0,1736.0,11352.9,13.752,6.54,144.0,118.0,708.0,762.0,36.4,0.3,,,118.0,77.0,,0.0,,241.0,335.0,,22.0,,,,,,,,,,,,0.0,,0.0,,1.0,,,,,,,,,,,,,,,,10641974.0,,,,,,,,,,,0.0,6.137,29.7,,,,,,,,,,,,,,,,,,,,,media/63f04dc8-29d1-4e9a-b334-0fc9ef3ad585.jpg
7545722924,"28 de jul. de 2022, 21:12:40",Marginal - Cadência ,Pedalada,"",7988,"48,87",,,false,,Show Gravel,activities/8046544787.fit.gz,,11.0,7988.0,6422.0,48873.6,12.332,7.61,134.0,182.0,709.0,783.0,32.1,-0.1,,,113.0,80.0,,0.0,,238.0,1245.0,,24.0,,,,,,,,,,,,0.0,,0.0,,1.0,,,,,,,,,,,,,,,,10641974.0,,,,,,,,,,,0.0,6.118,394.4,,,,,,,,,,,,,,,,,,,,,media/392a80a2-c084-4875-9384-5b407011a091.jpg|media/a1643640-b07f-48c9-b6ec-f1dd16e661b1.jpg|media/447409eb-2fa1-4b7f-9e20-6d6aa12290b8.jpg|media/25c5c748-a359-4996-96b3-cce2633d99c5.jpg
7540428187,"27 de jul. de 2022, 22:22:26",Itapecerica/Embu (Pedalentos #9),Pedalada,"",10263,"39,39",,,false,,Show Gravel,activities/8040693080.fit.gz,,11.0,10263.0,8091.0,39394.1,16.638,4.869,675.0,677.0,743.0,881.0,47.5,0.0,,,123.0,59.0,,0.0,,170.0,1554.0,,18.0,,,,,,,7.0,,,,,0.0,258.0,0.0,,1.0,,,,,,,,,,,,,,,,10641974.0,,,,,,,,,,,0.0,3.838,1126.6,,,,,,,,,,,,,,,,,,,,,media/2737a4ec-d8a4-47bb-b86e-98b4ad5796d7.jpg|media/73e3dbdd-9b46-471d-a0aa-ccf851362289.jpg|media/3b264a84-b58e-4697-b25f-5c8946087439.jpg
7529165410,"25 de jul. de 2022, 21:44:52",Allianz Parque (Pedalentos #8),Pedalada,Treino - Pedal ,17326,"83,09",,,false,,Show Gravel,activities/8028252634.fit.gz,,11.0,17326.0,14600.0,83092.2,13.716,5.691,502.0,511.0,710.0,893.0,43.2,0.0,,,165.0,69.0,,0.0,,178.0,2789.0,,20.0,,,,,,,6.0,,,,,0.0,385.0,0.0,,1.0,,,,,,,,,,,,,,,,10641974.0,,,,,,,,,,,0.0,4.796,1231.3,,,,,,,,,,,,,,,,,,,,,media/f2e23a1b-92e9-4bc1-af18-eef954b705ae.jpg
7523223978,"24 de jul. de 2022, 16:48:14",Giro de domingo ,Pedalada,"levinho, sqn
Moendo a nova relação!
34-11 aprovado 
Pedal com [strava://athletes/82385082/11]Lucas Maier ",13224,"82,55",,,true,,Show Gravel,activities/8021621400.fit.gz,,11.0,13224.0,10839.0,82550.6,17.282,7.616,757.0,733.0,725.0,836.0,37.6,0.0,,,,0.0,,0.0,,270.0,2095.0,,27.0,,,,,,,9.0,,,,,0.0,541.0,1.0,,1.0,,,,,,,,,,,,,,,,10641974.0,,,,,,,,,,,0.0,6.242,96.2,,,,,,,,,,,,,,,,,,,,,media/e696dd48-5213-4cd4-9cf3-e4f84ee172d4.jpg
7507900619,"21 de jul. de 2022, 22:52:39",Campo de Marte (Pedalentos #7),Pedalada,"Grupo Top!
Pedal com relação 90% renovada e reduzida!",12574,"67,47",,,false,Corrente e K7 novos,Show Gravel,activities/8004537848.fit.gz,,11.0,12574.0,9798.0,67469.4,14.252,6.886,512.0,496.0,713.0,996.0,49.1,0.0,,,,0.0,,0.0,,226.0,1872.0,,20.0,,,,,,,8.0,,,,,0.0,421.0,0.0,,1.0,,,,,,,,,,,,,,,,10641974.0,,,,,,,,,,,0.0,5.366,487.0,,,,,,,,,,,,,,,,,,,,,media/0f037943-8083-4a52-883f-79662b80661e.jpg
7491735973,"18 de jul. de 2022, 22:27:29",Regenerativo (Pedalentos #6),Pedalada,"",11197,"46,03",,,false,,Show Gravel,activities/7986796414.fit.gz,,11.0,11197.0,7742.0,46035.2,13.154,5.946,357.0,369.0,713.0,897.0,48.3,-0.2,,,,0.0,,0.0,,204.0,1482.0,,19.0,,,,,,,,,,,,0.0,,0.0,,1.0,,,,,,,,,,,,,,,,10641974.0,,,,,,,,,,,0.0,4.111,576.4,,,,,,,,,,,,,,,,,,,,,media/d82c8844-5eb2-4912-88a3-792623180392.jpg|media/b6cf1a84-acb7-48e2-a149-f576fa1a2f9d.jpg
7485300833,"17 de jul. de 2022, 13:57:43",Estação Ferroviária Aldeinha (Pedalentos #5),Pedalada,"",12720,"39,01",,,false,,Show Gravel,activities/7485300833.gpx,,11.0,12720.0,9658.0,39015.7,12.878,4.04,523.0,621.9,766.3,894.5,27.1,-0.3,,,,,,,,144.0,1555.0,,,,,,,,,,,,,,0.0,,0.0,,1.0,,,,,,,,,,,,,,,,10641974.0,,,,,,,,,,,0.0,3.067,3713.9,,,,,,,,,,,,,,,,,,,,,media/337377a4-c84c-4fc7-bd92-33b43babb2d9.jpg
7485291995,"17 de jul. de 2022, 09:13:20",Templo Kinkaku-Ji (Pedalentos #5),Pedalada,"",15854,"26,94",,,false,,Show Gravel,activities/7979655164.fit.gz,,11.0,15854.0,6363.0,26942.5,17.416,4.234,525.0,448.0,746.0,921.0,37.1,0.3,,,,0.0,,0.0,,149.0,1222.0,,23.0,,,,,,,,,,,,0.0,,0.0,,1.0,,,,,,,,,,,,,,,,10641974.0,,,,,,,,,,,0.0,1.699,1625.0,,,,,,,,,,,,,,,,,,,,,media/dfd42e2a-be43-4dcc-bae0-e6dd32e760ad.jpg|media/92f4d5a9-c5f5-44e9-a794-ff00ac61d66f.jpg
7470806086,"14 de jul. de 2022, 22:13:18",Giro aleatório (Pedalentos #4),Pedalada,"",13826,"60,85",,,true,,Show Gravel,activities/7963595539.fit.gz,,11.0,13826.0,10297.0,60853.0,13.212,5.91,540.0,552.0,376.0,815.0,46.8,0.7,,,123.0,72.0,,0.0,,194.0,1987.0,,20.0,,,,,,,6.0,,,,,0.0,271.0,1.0,,1.0,,,,,,,,,,,,,,,,10641974.0,,,,,,,,,,,0.0,4.401,655.3,,,,,,,,,,,,,,,,,,,,,media/1c48b990-2547-4d83-ae75-86ada69d944d.jpg
7465215113,"13 de jul. de 2022, 22:30:27",Treino - Itapecerica (Pedalentos #3),Pedalada,MTB,8922,"36,46",,,false,,,activities/7465215113.gpx,,,8922.0,7465.0,36460.4,15.742,4.884,594.3,594.0,749.0,906.4,25.6,0.0,,,,,,,,123.0,1022.0,,,,,,,,,8.0,,,,,0.0,321.0,0.0,,1.0,,,,,,,,,,,,,,,,,,,,,,,,,,,0.0,4.087,227.4,,,,,,,,,,,,,,,,,,,,,media/b0ec02d4-a51b-4fdc-9097-abea94dca870.jpg|media/99a6b29c-804e-41ad-8f24-c8b4e3e601ab.jpg
7453580083,"11 de jul. de 2022, 21:27:18",Treino 10km,Corrida,"",3355,"10,00",,,false,,,activities/7453580083.gpx,,,3355.0,3340.0,10008.3,6.352,2.996,125.2,141.8,755.8,814.0,47.7,-0.2,,,87.0,82.0,,,,,1082.0,,,,,,,,,8.0,,,,,0.0,143.0,0.0,,1.0,10359.4,,,,,,,,,,,,,,,,,,,,,,,,,,0.0,2.983,28.5,,,,,,,,,,,,,,,,,,,,,""
7442945388,"9 de jul. de 2022, 22:49:41",Night Run,Corrida,"",2486,"7,90",,,false,,,activities/7442945388.gpx,,,2486.0,2478.0,7901.6,5.82,3.189,63.6,65.4,729.1,759.6,16.4,0.0,,,91.0,83.0,,,,,835.0,,,,,,,,,9.0,,,,,0.0,123.0,0.0,,1.0,7997.5,,,,,,,,,,,,,,,,,,,,,,,,,,0.0,3.178,326.0,,,,,,,,,,,,,,,,,,,,,media/9fc686ad-c9a0-4e5d-b383-6a621200f4b0.jpg|media/acb775a0-6f92-489f-90ff-3f520f9616c7.jpg|media/574f68f0-e83b-4729-be22-1a4d43e855d7.jpg|media/10dfc139-b679-4f68-87c7-ea27e2695041.jpg
7427741644,"6 de jul. de 2022, 22:10:18",Itapecerica - (Pedalentos #2),Pedalada,Treino ledeiras!!,9925,"37,05",,,false,,Show Gravel,activities/7916355612.fit.gz,,11.0,9925.0,7859.0,37056.3,16.724,4.715,607.0,602.0,363.0,797.0,42.8,-1.2,,,175.0,62.0,,0.0,,125.0,1501.0,,18.0,,,,,,,8.0,,,,,0.0,338.0,0.0,,1.0,,,,,,,,,,,,,,,,10641974.0,,,,,,,,,,,0.0,3.734,3598.0,,,,,,,,,,,,,,,,,,,,,media/81016b3b-7313-41ee-a863-190c442bd753.jpg
7422428003,"5 de jul. de 2022, 22:00:19",Allianz Parque 💚 - (Pedalentos #1),Pedalada,"",16753,"65,06",,,false,,Show Gravel,activities/7910530082.fit.gz,,11.0,16753.0,11390.0,65062.8,13.41,5.712,414.0,420.0,712.0,811.0,46.1,0.0,,,113.0,70.0,,0.0,,180.0,2193.0,,18.0,,,,,,,,,,,,0.0,,0.0,,1.0,,,,,,,,,,,,,,,,10641974.0,,,,,,,,,,,0.0,3.884,2746.7,,,,,,,,,,,,,,,,,,,,,media/caf61bf7-f758-479e-9a5a-738689369d3a.jpg|media/b9521b3e-0060-4914-bda4-4fbb7027923c.jpg
7416603319,"4 de jul. de 2022, 23:21:37",Deslocamento (volta),Pedalada,"",2061,"12,42",,,true,,Show Gravel,activities/7904183831.fit.gz,,11.0,2061.0,1839.0,12427.4,12.49,6.758,87.0,59.0,557.0,921.0,48.1,1.6,,,107.0,80.0,,0.0,,243.0,354.0,,19.0,,,,,,,,,,,,0.0,,1.0,,1.0,,,,,,,,,,,,,,,,10641974.0,,,,,,,,,,,0.0,6.03,81.8,,,,,,,,,,,,,,,,,,,,,""
7416611768,"4 de jul. de 2022, 22:01:24",Treino - Ciclovia Marginal ,Pedalada,"Ritmo Médio 30km/h
Cadência máxima 95 RPM
#treinoplanejado
#treinoexecutado ",4771,"33,75",,,false,,Show Gravel,activities/7904192882.fit.gz,,11.0,4771.0,4028.0,33749.6,10.536,8.379,65.0,69.0,698.0,783.0,21.9,-0.2,,,175.0,84.0,,0.0,,272.0,782.0,,20.0,,,,,,,9.0,,,,,0.0,201.0,0.0,,1.0,,,,,,,,,,,,,,,,10641974.0,,,,,,,,,,,0.0,7.074,0.0,,,,,,,,,,,,,,,,,,,,,media/d8d73b95-8487-4f58-86f5-765c59bdb5a7.jpg|media/22ac3ba8-4062-437f-a6d6-eaf3efe8a0ff.jpg
7416619038,"4 de jul. de 2022, 21:09:39",Deslocamento (ida),Pedalada,"",2815,"18,57",,,true,,Show Gravel,activities/7904200891.fit.gz,,11.0,2815.0,2659.0,18578.1,11.92,6.987,85.0,138.0,715.0,765.0,49.3,-0.3,,,118.0,80.0,,0.0,,221.0,475.0,,22.0,,,,,,,,,,,,0.0,,1.0,,1.0,,,,,,,,,,,,,,,,10641974.0,,,,,,,,,,,0.0,6.6,1157.3,,,,,,,,,,,,,,,,,,,,,""
7395411817,"30 de jun. de 2022, 22:42:50",Treino - corrida 10km,Corrida,"Altimetria 190m+
Pace 6mim -
Controle respiração;
#treinoplanejado
#treinoexecutado ",3521,"10,01",,,false,,,activities/7395411817.gpx,,,3521.0,3521.0,10009.1,7.872,2.843,197.6,188.0,752.0,825.9,36.0,0.1,,,87.0,82.0,,,,,1116.0,,,,,,,,,8.0,,,,,0.0,151.0,0.0,,1.0,10681.1,,,,,,,,,,,,,,,,,,,,,,,,,,0.0,2.843,93.7,,,,,,,,,,,,,,,,,,,,,media/c6462ee2-c57f-4bff-83af-8f8f16eb1061.jpg|media/bec8dacb-b94a-413e-9baa-5f11af7bef11.jpg
7385304571,"28 de jun. de 2022, 22:25:18",Taboão - Campo de Marte (Pedalentos #0),Pedalada,"",12901,"69,72",,,true,,Show Gravel,activities/7869846473.fit.gz,,11.0,12901.0,10069.0,69727.2,13.62,6.925,421.0,412.0,712.0,839.0,43.8,0.0,,,123.0,73.0,,0.0,,226.0,1912.0,,19.0,,,,,,,6.0,,,,,0.0,265.0,1.0,,1.0,,,,,,,,,,,,,,,,10641974.0,,,,,,,,,,,0.0,5.405,825.7,,,,,,,,,,,,,,,,,,,,,media/5c0a7f13-cf48-46be-ad17-a79a46398b85.jpg
7379509733,"27 de jun. de 2022, 22:07:23",Itapecerica - Embú ,Pedalada,Treino fortalecimento,10758,"48,63",,,false,,Show Gravel,activities/7863540020.fit.gz,,11.0,10758.0,8431.0,48638.6,16.596,5.769,851.0,840.0,745.0,907.0,44.3,0.0,,,135.0,67.0,,0.0,,211.0,1629.0,,16.0,,,,,,,,,,,,0.0,,0.0,,1.0,,,,,,,,,,,,,,,,10641974.0,,,,,,,,,,,0.0,4.521,1246.8,,,,,,,,,,,,,,,,,,,,,""
7358965368,"23 de jun. de 2022, 21:54:28",Treino com giro em Sampa!,Pedalada,"",13594,"61,30",,,false,,Show Gravel,activities/7840946735.fit.gz,,11.0,13594.0,9214.0,61304.7,12.264,6.653,402.0,399.0,713.0,840.0,50.0,0.1,,,111.0,77.0,,0.0,,218.0,1768.0,,20.0,,,,,,,6.0,,,,,0.0,243.0,0.0,,1.0,,,,,,,,,,,,,,,,10641974.0,,,,,,,,,,,0.0,4.51,562.3,,,,,,,,,,,,,,,,,,,,,""
7353627904,"22 de jun. de 2022, 22:01:24",NoitePasseio,Pedalada,"",10753,"39,16",,,false,,Show Gravel,activities/7835112448.fit.gz,,11.0,10753.0,7470.0,39160.4,18.316,5.242,656.0,663.0,745.0,909.0,50.0,0.1,,,122.0,65.0,,0.0,,185.0,1447.0,,20.0,,,,,,,,,,,,0.0,,0.0,,1.0,,,,,,,,,,,,,,,,10641974.0,,,,,,,,,,,0.0,3.642,355.1,,,,,,,,,,,,,,,,,,,,,media/36d0af94-d4a2-43ba-96d5-9b2c0461a956.jpg|media/bd1090b9-f389-4c2b-9412-54ba11284d27.jpg
7335357426,"19 de jun. de 2022, 08:19:35",NoitePasseio,Pedalada,,12342,"72,27",,,false,,Show Gravel,activities/7815150298.fit.gz,,11.0,12342.0,9885.0,72275.8,14.146,7.312,337.0,313.0,635.0,792.0,49.8,0.2,,,118.0,81.0,,0.0,,230.0,1915.0,,15.0,,,,,,,,,,,,,,0.0,,1.0,,,,,,,,,,,,,,,,10641974.0,,,,,,,,,,,0.0,5.856,1169.5,,,,,,,,,,,,,,,,,,,,,""
7335362410,"19 de jun. de 2022, 07:50:32",NoitePasseio,Pedalada,,1667,"7,16",,,false,,Show Gravel,activities/7815155979.fit.gz,,11.0,1667.0,1387.0,7162.4,10.654,5.164,111.0,151.0,745.0,797.0,41.7,-0.7,,,124.0,73.0,,0.0,,171.0,269.0,,15.0,,,,,,,,,,,,,,0.0,,1.0,,,,,,,,,,,,,,,,10641974.0,,,,,,,,,,,0.0,4.297,0.0,,,,,,,,,,,,,,,,,,,,,""
7330851590,"18 de jun. de 2022, 14:42:00",Pedal TOP!,Pedalada,"O que era apenas um passeio, virou um super pedal! 
Créditos ao Brother [strava://athletes/82385082/11]Lucas Maier !
",18346,"89,28",,,false,,Show Gravel,activities/7810185884.fit.gz,,11.0,18346.0,13255.0,89285.1,15.726,6.736,790.0,774.0,434.0,931.0,43.5,-0.5,,,114.0,77.0,,0.0,,204.0,2565.0,,18.0,,,,,,,8.0,,,,,0.0,570.0,0.0,,1.0,,,,,,,,,,,,,,,,10641974.0,,,,,,,,,,,2.0,4.867,3305.7,,,,,,,,,,,,,,,,,,,,,media/68d5d06f-4eb8-4d56-abcd-737cca4d4076.jpg
7325685875,"17 de jun. de 2022, 21:36:42",Adaptação ao clip,Pedalada,"Houve meia queda!
Da trabalho usar esse tal de clip",1968,"9,22",,,false,,Show Gravel,activities/7325685875.gpx,,11.0,1968.0,1899.0,9225.6,13.456,4.858,121.8,118.5,757.6,821.5,31.3,0.0,,,,,,,,173.0,367.0,,,,,,,,,,,,,,0.0,,0.0,,1.0,,,,,,,,,,,,,,,,10641974.0,,,,,,,,,,,0.0,4.688,0.0,,,,,,,,,,,,,,,,,,,,,media/3adaecbc-544b-4a2b-b32a-19dffb00b833.jpg
7324011220,"16 de jun. de 2022, 22:25:31",Giro com grupo!,Pedalada,"Pedal show com a galera Show!!!
Matando a saudade da bike 🚴‍♂️",11676,"57,48",,,false,,Show Gravel,activities/7802675100.fit.gz,,11.0,11676.0,9435.0,57482.6,11.982,6.092,465.0,461.0,681.0,794.0,32.4,0.0,,,141.0,68.0,,0.0,,209.0,1805.0,,17.0,,,,,,,4.0,,,,,0.0,104.0,0.0,,1.0,,,,,,,,,,,,,,,,10641974.0,,,,,,,,,,,0.0,4.923,1120.9,,,,,,,,,,,,,,,,,,,,,""
7319689742,"16 de jun. de 2022, 14:31:39",Giro em SP,Pedalada,Giro sem compromisso!,10366,"44,29",,,true,,Show Gravel,activities/7797930979.fit.gz,,11.0,10366.0,7228.0,44297.1,14.89,6.129,410.0,382.0,722.0,869.0,49.0,-0.1,,,141.0,78.0,,0.0,,216.0,1372.0,,28.0,,,,,,,3.0,,,,,0.0,60.0,1.0,,1.0,,,,,,,,,,,,,,,,10641974.0,,,,,,,,,,,0.0,4.273,2054.6,,,,,,,,,,,,,,,,,,,,,media/47a6d50a-ad0d-4c3e-ab77-71e173acef5c.jpg
7312131191,"15 de jun. de 2022, 10:25:51",Regenerativo,Corrida,"Treino leve 30min
Regenerativo!
#treinoplanejado
#treinoexecutado
#fraternidade",1940,"6,02",,,false,,,activities/7312131191.gpx,,,1940.0,1935.0,6020.8,5.118,3.112,49.3,52.2,300.0,305.1,10.0,0.0,,,87.0,84.0,,,,,679.0,,,,,,,,,5.0,,,,,0.0,34.0,0.0,,1.0,6138.9,,,,,,,,,,,,,,,,,,,,,,,,,,0.0,3.103,0.0,,,,,,,,,,,,,,,,,,,,,media/ee8048b5-5166-402c-8d70-7fc8b9701e46.jpg|media/30d3dfb2-9364-465e-ba3e-dfc8858c5779.jpg
7306506871,"14 de jun. de 2022, 10:21:02",Último treino (Orla Rio Paraná) 🌪️,Corrida,"Planejado 10km
Executado 8,5km
Treino forte, ventilador ligado 🌪️

",2755,"8,50",,,false,,,activities/7306506871.gpx,,,2755.0,2749.0,8500.5,4.568,3.092,36.7,39.0,267.0,288.4,13.8,0.0,,,91.0,86.0,,,,,947.0,,,,,,,,,,,,,,0.0,,0.0,,1.0,8562.9,,,,,,,,,,,,,,,,,,,,,,,,,,0.0,3.085,22.4,,,,,,,,,,,,,,,,,,,,,media/c226128c-c695-4dc5-8fd4-7bd03497bcc8.jpg
7291263633,"11 de jun. de 2022, 13:17:07",Giro no interior!,Pedalada,Objetivo: Curtir o pedal e a vista!,4914,"24,78",,,false,,Show Gravel,activities/7291263633.gpx,,11.0,4914.0,4544.0,24779.8,12.133,5.453,145.9,145.2,260.7,341.8,14.6,0.0,,,,,,,,144.0,730.0,,,,,,,,,3.0,,,,,0.0,37.0,0.0,,1.0,,,,,,,,,,,,,,,,10641974.0,,,,,,,,,,,0.0,5.043,3713.2,,,,,,,,,,,,,,,,,,,,,media/d252760b-82c2-4801-bd3f-37775c988c90.jpg|media/8d0abf78-07ba-4b65-8d10-6d1bc42c6287.jpg|media/603f05e6-c7c4-44ab-8a1f-5f55746dbe29.jpg|media/ae7ac4e7-63da-4108-8a22-5bcd5b55f00f.jpg|media/e3a9fd7c-19df-4485-8905-5018371781a3.jpg|media/151e3307-5823-4877-a030-909de3900a97.jpg|media/16c3a443-32b6-4472-9002-0d7fe9cb04bd.jpg|media/141af728-4f57-4117-8d14-9511a627d08d.jpg|media/1afea096-1d03-4474-b614-d42e4ba70e65.jpg
7284926825,"10 de jun. de 2022, 10:36:21",Treino regenerativo,Corrida,"",2395,"8,00",,,false,,,activities/7284926825.gpx,,,2395.0,2388.0,8004.6,5.284,3.352,67.6,70.9,300.0,305.3,9.6,0.0,,,89.0,83.0,,,,,902.0,,,,,,,,,6.0,,,,,0.0,63.0,0.0,,1.0,8160.6,,,,,,,,,,,,,,,,,,,,,,,,,,0.0,3.342,0.0,,,,,,,,,,,,,,,,,,,,,media/268aab19-94f8-4514-aa8a-ea12d22369eb.jpg|media/e2381815-fdb8-4327-b7be-b5d973cf3bcb.jpg
7274565940,"8 de jun. de 2022, 10:17:20",Orla do Rio Paraná,Corrida,"Treino com uma super paisagem!
#SAUDEFISICA
#SAUDEMENTAL",2246,"7,02",,,false,,,activities/7274565940.gpx,,,2246.0,2238.0,7027.7,4.86,3.14,52.1,39.5,258.0,286.4,16.1,0.2,,,89.0,86.0,,,,,789.0,,,,,,,,,,,,,,0.0,,0.0,,1.0,7139.5,,,,,,,,,,,,,,,,,,,,,,,,,,0.0,3.129,72.2,,,,,,,,,,,,,,,,,,,,,media/18a12960-f182-442a-8bd9-9c995e2be7f9.jpg|media/adccfc06-8400-437b-9082-de1fda80cd6a.jpg|media/a1b5bf6a-7297-4036-baac-e6219ba8367f.jpg|media/bf760643-0329-45b0-9ff0-b49aa3afa60b.jpg|media/c43ff550-4f51-4e9e-b15a-fde58f950be8.jpg
7268928122,"7 de jun. de 2022, 10:17:50",Treino - Novos Ares,Corrida,"",1830,"6,53",,,false,,,activities/7268928122.gpx,,,1830.0,1830.0,6529.5,5.146,3.568,53.1,55.9,300.0,305.2,9.8,0.0,,,89.0,86.0,,,,,736.0,,,,,,,,,,,,,,0.0,,0.0,,1.0,6655.8,,,,,,,,,,,,,,,,,,,,,,,,,,0.0,3.568,0.0,,,,,,,,,,,,,,,,,,,,,media/85b55355-c7f2-4821-8ad8-23dec0aaaca6.jpg|media/5d606e75-b901-4b8b-a0ee-c482390e5f87.jpg
7261184183,"5 de jun. de 2022, 18:10:39",Taboão - Embu (giro rápido),Pedalada,"",3737,"28,70",,,false,,Show Gravel,activities/7734159097.fit.gz,,11.0,3737.0,3696.0,28708.5,18.016,7.767,319.0,343.0,753.0,830.0,48.2,-0.1,,,114.0,79.0,,0.0,,284.0,713.0,,25.0,,,,,,,7.0,,,,,0.0,118.0,0.0,,1.0,,,,,,,,,,,,,,,,10641974.0,,,,,,,,,,,0.0,7.682,611.5,,,,,,,,,,,,,,,,,,,,,""
7256228912,"4 de jun. de 2022, 22:52:31",Treino curto (Taboão City),Pedalada,"Treino rápido, forte, com trechos de RPM 100+ e ladeiras!
#Treinoplanejado
#Treinoexecutado",3341,"21,37",,,false,,Show Gravel,activities/7728723921.fit.gz,,11.0,3341.0,3341.0,21370.6,12.724,6.396,387.0,404.0,747.0,821.0,48.5,0.0,,,118.0,71.0,,0.0,,248.0,644.0,,17.0,,,,,,,,,,,,0.0,,0.0,,1.0,,,,,,,,,,,,,,,,10641974.0,,,,,,,,,,,0.0,6.396,326.4,,,,,,,,,,,,,,,,,,,,,media/d8911529-d0dd-440c-ba80-e2580b7aba75.jpg
7250762143,"3 de jun. de 2022, 22:05:45",Giro sem planejamento,Pedalada,"Giro sem planejamento, vento, goroa, um terreno adquirido na marginal 🙃",9735,"57,14",,,false,,Show Gravel,activities/7722751718.fit.gz,,11.0,9735.0,8446.0,57148.9,11.732,6.766,237.0,227.0,712.0,793.0,23.3,0.0,,,118.0,82.0,,0.0,,220.0,1627.0,,16.0,,,,,,,6.0,,,,,0.0,222.0,0.0,,1.0,,,,,,,,,,,,,,,,10641974.0,,,,,,,,,,,0.0,5.87,2073.3,,,,,,,,,,,,,,,,,,,,,media/f73cdffd-c9ae-41c5-ada8-59779541c926.jpg|media/d6c084d6-a92b-403d-ba7a-6fcf9da6d64b.jpg
7245912772,"2 de jun. de 2022, 23:54:18",Deslocamento,Pedalada,"",3180,"16,87",,,true,,Show Gravel,activities/7717484945.fit.gz,,11.0,3180.0,2590.0,16877.2,13.62,6.516,175.0,110.0,711.0,787.0,29.1,0.4,,,114.0,79.0,,0.0,,237.0,498.0,,18.0,,,,,,,6.0,,,,,0.0,68.0,1.0,,1.0,,,,,,,,,,,,,,,,10641974.0,,,,,,,,,,,0.0,5.307,109.2,,,,,,,,,,,,,,,,,,,,,""
7245924525,"2 de jun. de 2022, 21:29:57",Treino ciclovia,Pedalada,"Retomando os treinos!
Muito giro!
Cadencia alta!
Muita força!",8649,"46,07",,,false,,Show Gravel,activities/7717497533.fit.gz,,11.0,8649.0,5648.0,46072.9,11.252,8.157,139.0,185.0,710.0,771.0,20.0,-0.1,,,138.0,86.0,,0.0,,264.0,1093.0,,18.0,,,,,,,9.0,,,,,0.0,282.0,0.0,,1.0,,,,,,,,,,,,,,,,10641974.0,,,,,,,,,,,0.0,5.327,1187.8,,,,,,,,,,,,,,,,,,,,,""
7223751043,"29 de mai. de 2022, 19:26:04",Deslocamento,Pedalada,"",1478,"6,88",,,true,,Show Gravel,activities/7693319051.fit.gz,,11.0,1478.0,1401.0,6885.1,11.536,4.914,153.0,116.0,742.0,799.0,30.3,0.5,,,112.0,73.0,,0.0,,177.0,264.0,,25.0,,,,,,,,,,,,0.0,,1.0,,1.0,,,,,,,,,,,,,,,,10641974.0,,,,,,,,,,,0.0,4.658,0.0,,,,,,,,,,,,,,,,,,,,,""
7223360320,"29 de mai. de 2022, 08:38:47","Taboão - Paranapiacaba (TOP)
",Pedalada,"Pedal TOP!
Grupo TOP!",33176,"91,22",,,false,,Show Gravel,activities/7692872017.fit.gz,,11.0,33176.0,15316.0,91219.1,20.053,5.956,1064.0,1070.0,394.0,795.0,48.0,-0.4,,,130.0,70.0,,0.0,,175.0,2957.0,,24.0,,,,,,,7.0,,,,,0.0,489.0,0.0,,1.0,,,,,,,,,,,,,,,,10641974.0,,,,,,,,,,,0.0,2.75,5921.6,,,,,,,,,,,,,,,,,,,,,media/17ad0aaf-a776-423a-a91b-c890b9560cb7.jpg|media/0c2244fa-b99b-46ce-adde-c67d64823f11.jpg|media/ec615f17-82a9-424d-8fea-b4046044bb0a.jpg|media/b7ec78b6-3c89-4d19-b322-75e65849af13.jpg|media/8419f213-4d72-49bb-a739-e0d3a6279af4.jpg|media/cf114b71-1b17-4925-bd5b-dcca1b7cf706.jpg|media/fec47664-eb17-44f2-baf2-6658b393a89c.jpg
7213424396,"27 de mai. de 2022, 23:45:10",Giro pós treino 🚴‍♂️,Pedalada,"",3242,"17,86",,,true,,Show Gravel,activities/7681972909.fit.gz,,11.0,3242.0,2973.0,17859.5,14.016,6.007,205.0,143.0,717.0,798.0,39.7,0.4,,,123.0,77.0,,0.0,,217.0,568.0,,19.0,,,,,,,5.0,,,,,0.0,53.0,1.0,,1.0,,,,,,,,,,,,,,,,10641974.0,,,,,,,,,,,0.0,5.509,896.1,,,,,,,,,,,,,,,,,,,,,""
7213412683,"27 de mai. de 2022, 21:55:16",Treino misto,Pedalada,"Treino de cadência misto:
15 min 
1. 90/95
2. 85/90
3. 75/80
#treinoplanejado
#treinoexecutado",6357,"41,12",,,false,,Show Gravel,activities/7681960460.fit.gz,,11.0,6357.0,5286.0,41126.6,11.682,7.78,147.0,199.0,713.0,808.0,49.8,-0.2,,,120.0,82.0,,0.0,,256.0,1022.0,,20.0,,,,,,,8.0,,,,,0.0,227.0,0.0,,1.0,,,,,,,,,,,,,,,,10641974.0,,,,,,,,,,,0.0,6.469,1188.7,,,,,,,,,,,,,,,,,,,,,media/3a193dbd-56d8-4579-a8a7-6cab183867b6.jpg|media/8960c3f7-b49a-4852-a952-b06b9f3f9e1d.jpg
7192850658,"23 de mai. de 2022, 22:16:24",Segunda no Campo de Marte!,Pedalada,"Pedal TOPPP com a galera!
#fortedofraco",12824,"68,22",,,false,,Show Gravel,activities/7659619009.fit.gz,,11.0,12824.0,9246.0,68223.9,15.106,7.379,411.0,403.0,710.0,836.0,49.5,0.0,,,129.0,86.0,,0.0,,244.0,1768.0,,19.0,,,,,,,8.0,,,,,0.0,398.0,0.0,,1.0,,,,,,,,,,,,,,,,10641974.0,,,,,,,,,,,0.0,5.32,823.1,,,,,,,,,,,,,,,,,,,,,media/d85b4c53-1cf8-4998-af31-0f25f91c90c2.jpg|media/ccaf55d2-de28-4867-a2f2-6c71c0c5fdd1.jpg
7186620442,"22 de mai. de 2022, 17:33:33",Corrida leve!,Corrida,Treino leve para iniciar a semana! 🏃‍♂️,2279,"6,51",,,false,,,activities/7186620442.gpx,,,2279.0,2279.0,6511.8,4.966,2.857,158.4,106.6,757.6,828.8,26.9,0.8,,,89.0,83.0,,,,,787.0,,,,,,,,,6.0,,,,,0.0,60.0,0.0,,1.0,7113.5,,,,,,,,,,,,,,,,,,,,,,,,,,0.0,2.857,30.1,,,,,,,,,,,,,,,,,,,,,media/8d43c3ca-36c6-4441-b106-673503f9f2d7.jpg
7181674452,"21 de mai. de 2022, 23:54:41",Deslocamento (fim de treino),Pedalada,"",3134,"16,14",,,true,,Show Gravel,activities/7647408814.fit.gz,,11.0,3134.0,3010.0,16146.7,11.21,5.364,133.0,77.0,714.0,790.0,20.4,0.3,,,114.0,82.0,,0.0,,184.0,572.0,,15.0,,,,,,,4.0,,,,,0.0,33.0,1.0,,1.0,,,,,,,,,,,,,,,,10641974.0,,,,,,,,,,,0.0,5.152,969.6,,,,,,,,,,,,,,,,,,,,,""
7181683841,"21 de mai. de 2022, 22:10:56",Treino de cadência 95/100,Pedalada,"Mais uma fase de atualizações, agora com rolamentos nas duas rodas, e sensor de cadência.",6209,"40,18",,,false,,Show Gravel,activities/7647418978.fit.gz,,11.0,6209.0,5472.0,40188.7,11.962,7.344,135.0,199.0,712.0,776.0,48.7,-0.1,,,132.0,88.0,,0.0,,233.0,1058.0,,15.0,,,,,,,,,,,,0.0,,0.0,,1.0,,,,,,,,,,,,,,,,10641974.0,,,,,,,,,,,0.0,6.473,472.8,,,,,,,,,,,,,,,,,,,,,media/fc955082-e0a4-4a55-935a-60993790984e.jpg|media/6399ba43-0755-4f9f-90fa-36a1bab1fbba.jpg
7181049383,"21 de mai. de 2022, 19:57:33","Deslocamento à barbearia, teste dos novos rolamentos e sensor de cadência! (Aprovados)",Pedalada,"",2317,"4,36",,,false,,Show Gravel,activities/7646711791.fit.gz,,11.0,2317.0,902.0,4365.0,10.168,4.839,75.0,85.0,673.0,771.0,48.5,-1.9,,,114.0,73.0,,0.0,,108.0,168.0,,20.0,,,,,,,3.0,,,,,0.0,7.0,0.0,,1.0,,,,,,,,,,,,,,,,10641974.0,,,,,,,,,,,0.0,1.884,0.0,,,,,,,,,,,,,,,,,,,,,""
7171782207,"19 de mai. de 2022, 23:27:46",Treino + vento + frio = sofrência,Pedalada,"",9040,"48,30",,,false,,Show Gravel,activities/7636615220.fit.gz,,11.0,9040.0,7507.0,48303.6,13.002,6.434,284.0,282.0,619.0,777.0,35.3,-0.3,,,,0.0,,0.0,,179.0,1434.0,,10.0,,,,,,,9.0,,,,,0.0,375.0,0.0,,1.0,,,,,,,,,,,,,,,,10641974.0,,,,,,,,,,,0.0,5.343,1328.1,,,,,,,,,,,,,,,,,,,,,media/ed9bf69c-5b45-48e3-b9e8-d8db24d28458.jpg|media/96e906a3-c910-41de-9008-c24ad6821913.jpg
7154985539,"16 de mai. de 2022, 22:35:47",Treino regenerativo,Pedalada,"Por fim, consegui realizar o treino regenerativo.",8705,"53,30",,,false,,Show Gravel,activities/7618427247.fit.gz,,11.0,8705.0,7796.0,53304.3,11.084,6.837,283.0,283.0,701.0,793.0,40.9,0.2,,,,0.0,,0.0,,226.0,1495.0,,18.0,,,,,,,,,,,,0.0,,0.0,,1.0,,,,,,,,,,,,,,,,10641974.0,,,,,,,,,,,0.0,6.123,2302.2,,,,,,,,,,,,,,,,,,,,,media/33bcaf44-6c1b-44ab-8b6c-e850b7236f75.jpg
7149852786,"15 de mai. de 2022, 17:25:05",Pedal de regeneração 💨🌪️,Pedalada,"Pedal de regeneração muscular, virou pedal de condicionamento físico! MUITO VENTO!!!!",12072,"53,25",,,false,,Show Gravel,activities/7612841956.fit.gz,,11.0,12072.0,8838.0,53256.9,12.702,6.026,449.0,440.0,704.0,805.0,34.4,0.0,,,,0.0,,0.0,,196.0,1675.0,,25.0,,,,,,,8.0,,,,,0.0,380.0,0.0,,1.0,,,,,,,,,,,,,,,,10641974.0,,,,,,,,,,,0.0,4.412,944.8,,,,,,,,,,,,,,,,,,,,,media/0c10a6fa-3009-4176-9dbc-4862c55f0faf.jpg|media/7e5f7c7c-6fa0-401a-a973-6edc80be5917.jpg|media/34e83dab-97c7-4ecf-a8c8-a18447ca0d6e.jpg|media/b1bad6f4-fedb-4eb2-a4b4-3aa57a03f8bb.jpg|media/b028650c-1440-42d8-868a-cf63358a05e0.jpg
7143797228,"15 de mai. de 2022, 00:05:32",Deslocamento - finalizando treino,Pedalada,"",2063,"10,20",,,false,,Show Gravel,activities/7606175351.fit.gz,,11.0,2063.0,2063.0,10206.6,10.97,4.947,123.0,73.0,726.0,791.0,43.2,0.6,,,,0.0,,0.0,,173.0,398.0,,21.0,,,,,,,,,,,,0.0,,0.0,,1.0,,,,,,,,,,,,,,,,10641974.0,,,,,,,,,,,0.0,4.947,865.7,,,,,,,,,,,,,,,,,,,,,""
7143804076,"14 de mai. de 2022, 22:12:00",Treino ritmo (50km+),Pedalada,"Retorno aos treinos, após 5 dias parado, muita correria para resolver o problema no cubo, foi realizado upgrade, aro e cubo dianteiro novo instalado.",6798,"50,06",,,false,,Show Gravel,activities/7606182599.fit.gz,,11.0,6798.0,6137.0,50063.6,11.136,8.158,206.0,254.0,710.0,791.0,15.4,-0.1,,,,0.0,,0.0,,269.0,1181.0,,21.0,,,,,,,,,,,,0.0,,0.0,,1.0,,,,,,,,,,,,,,,,10641974.0,,,,,,,,,,,0.0,7.364,420.3,,,,,,,,,,,,,,,,,,,,,media/f592b30a-c129-4824-9c0f-3042426faf9f.jpg
7133041925,"12 de mai. de 2022, 22:49:53",Treino ritmo (6km),Corrida,Treino de ritmo (pace < 05:00),1803,"6,03",,,false,,,activities/7133041925.gpx,,,1803.0,1800.0,6032.9,6.022,3.352,46.1,42.5,776.3,784.1,22.1,0.1,,,89.0,85.0,,,,,678.0,,,,,,,,,8.0,,,,,0.0,77.0,0.0,,1.0,6133.1,,,,,,,,,,,,,,,,,,,,,,,,,,0.0,3.346,0.0,,,,,,,,,,,,,,,,,,,,,media/5d1b5a6e-cabc-4c6d-a318-806cfc4ae3c6.jpg
7133043458,"12 de mai. de 2022, 22:09:33",REVISE A BIKE ANTES DE SAIR,Pedalada,"Levei a bike para trocar o eixo dianteiro, ao sair para treinar, ruidos estranhos surgiram no aro dianteiro, A RODA ESTAVA SOLTA!!

REVISE A BIKE ANTES DE SAIR!",534,"1,34",,,false,,Show Gravel,activities/7594463260.fit.gz,,11.0,534.0,309.0,1343.7,12.91,4.349,22.0,21.0,745.0,793.0,18.5,-1.3,,,,0.0,,0.0,,159.0,48.0,,20.0,,,,,,,,,,,,0.0,,0.0,,1.0,,,,,,,,,,,,,,,,10641974.0,,,,,,,,,,,0.0,2.516,0.0,,,,,,,,,,,,,,,,,,,,,media/33f63e48-5e1d-40f3-83dc-04baef06c451.jpg
7116441531,"9 de mai. de 2022, 22:06:32",Treino - Itapecerica,Pedalada,"Treino rápido, ladeiras, rampas, força e foco! ""Treino planejado, treino executado""",8693,"36,31",,,false,,Show Gravel,activities/7576484252.fit.gz,,11.0,8693.0,6320.0,36311.1,16.584,5.745,603.0,598.0,739.0,905.0,44.7,0.1,,,,0.0,,0.0,,220.0,1216.0,,18.0,,,,,,,,,,,,0.0,,0.0,,1.0,,,,,,,,,,,,,,,,10641974.0,,,,,,,,,,,0.0,4.177,0.0,,,,,,,,,,,,,,,,,,,,,media/63c26dd7-27d4-4b4f-ac25-d82fee09a32d.jpg
7107472500,"8 de mai. de 2022, 08:19:15",Pedal Allianz Parque 💚🤍💚,Pedalada,"Pedal com ritmo constante, parada única para café!
Desafiador! Trajeto concluído!",8895,"60,59",,,false,,Show Gravel,activities/7566699901.fit.gz,,11.0,8895.0,7384.0,60597.2,13.364,8.207,325.0,349.0,714.0,788.0,35.2,-0.1,,,,0.0,,0.0,,274.0,1422.0,,17.0,,,,,,,9.0,,,,,0.0,369.0,0.0,,1.0,,,,,,,,,,,,,,,,10641974.0,,,,,,,,,,,0.0,6.813,1298.2,,,,,,,,,,,,,,,,,,,,,media/a52d2c0a-f32e-4e50-bb00-33e1b4f88bb1.jpg|media/1fe2add8-1bb5-42d3-8f8a-1eb928e5c5b3.jpg|media/87d77378-5f3c-489b-b198-94929a177e66.jpg|media/10a3a3e9-7989-4bf3-9db6-bca0ef3fca26.jpg|media/99f6f163-5a63-424e-9bc3-613c0fbae33b.jpg|media/99de040e-9199-4f72-b1ae-500b0665f589.jpg
7095334021,"5 de mai. de 2022, 22:28:29","Giro com ""Pedal Brothers""",Pedalada,"",14573,"49,59",,,false,,Show Gravel,activities/7553433743.fit.gz,,11.0,14573.0,8416.0,49589.9,17.016,5.892,422.0,413.0,713.0,835.0,33.2,0.1,,,,0.0,,0.0,,204.0,1753.0,,18.0,,,,,,,5.0,,,,,0.0,151.0,0.0,,1.0,,,,,,,,,,,,,,,,10641974.0,,,,,,,,,,,0.0,3.403,603.2,,,,,,,,,,,,,,,,,,,,,""
7084090280,"3 de mai. de 2022, 22:46:54",Treino 8km (invertido),Corrida,"Ladeiras, descidas, terreno irregular, um dia de trabalho e satisfação na execução do planejado!!!",2596,"8,00",,,false,,,activities/7084090280.gpx,,,2596.0,2579.0,8004.1,5.376,3.104,90.1,105.8,755.8,790.5,25.8,-0.2,,,89.0,82.0,,,,,909.0,,,,,,,,,,,,,,0.0,,0.0,,1.0,8217.4,,,,,,,,,,,,,,,,,,,,,,,,,,0.0,3.083,0.0,,,,,,,,,,,,,,,,,,,,,media/c6fa4423-7a1d-4c81-a2c8-db519bfe2a16.jpg
7078614498,"2 de mai. de 2022, 23:47:35",NoitePasseio,Pedalada,"",2278,"7,53",,,false,,Show Gravel,activities/7535345797.fit.gz,,11.0,2278.0,1327.0,7530.2,9.066,5.675,92.0,44.0,711.0,784.0,49.2,1.0,,,,0.0,,0.0,,196.0,275.0,,23.0,,,,,,,,,,,,0.0,,0.0,,1.0,,,,,,,,,,,,,,,,10641974.0,,,,,,,,,,,0.0,3.306,902.3,,,,,,,,,,,,,,,,,,,,,""
7078622147,"2 de mai. de 2022, 22:16:56",Treino segunda - Taboão/Vila-Lobos,Pedalada,"Treino regenerativo, ritmo 30km/h, com direito a casquinha! ",5432,"42,96",,,false,,Show Gravel,activities/7535354080.fit.gz,,11.0,5432.0,5126.0,42964.6,13.27,8.382,184.0,238.0,707.0,806.0,27.9,-0.2,,,,0.0,,0.0,,279.0,1044.0,,24.0,,,,,,,,,,,,0.0,,0.0,,1.0,,,,,,,,,,,,,,,,10641974.0,,,,,,,,,,,0.0,7.91,399.0,,,,,,,,,,,,,,,,,,,,,media/b13896e7-eb2e-4494-954b-ba7e93d210b5.jpg
7067479525,"30 de abr. de 2022, 23:23:26",Passeio - Vila Sônia - Taboão,Pedalada,"",2045,"9,98",,,true,,Show Gravel,activities/7523182590.fit.gz,,11.0,2045.0,1710.0,9986.8,10.134,5.84,101.0,51.0,729.0,791.0,19.9,0.6,,,,0.0,,0.0,,205.0,359.0,,22.0,,,,,,,3.0,,,,,0.0,14.0,1.0,,1.0,,,,,,,,,,,,,,,,10641974.0,,,,,,,,,,,0.0,4.884,923.4,,,,,,,,,,,,,,,,,,,,,""
7067485949,"30 de abr. de 2022, 21:28:44",Taboão - Marginal do Rio Pinheiros (50km+),Pedalada,Treino controlado 30km/h - 35km/h,6635,"50,06",,,false,,Show Gravel,activities/7523189426.fit.gz,,11.0,6635.0,5973.0,50067.8,14.724,8.382,232.0,289.0,708.0,789.0,23.5,-0.1,,,,0.0,,0.0,,287.0,1247.0,,22.0,,,,,,,8.0,,,,,0.0,257.0,0.0,,1.0,,,,,,,,,,,,,,,,10641974.0,,,,,,,,,,,0.0,7.546,432.4,,,,,,,,,,,,,,,,,,,,,media/cf348564-449e-438b-9723-e9d30c638242.jpg
7057766550,"28 de abr. de 2022, 22:28:42",Museu do Ipiranga - 💯 limites,Pedalada,,15353,"68,51",,,false,,Show Gravel,activities/7512607239.fit.gz,,11.0,15353.0,10292.0,68515.2,14.08,6.657,490.0,527.0,723.0,856.0,47.6,-0.1,,,,0.0,,0.0,,229.0,2146.0,,25.0,,,,,,,5.0,,,,,0.0,185.0,0.0,,1.0,,,,,,,,,,,,,,,,10641974.0,,,,,,,,,,,0.0,4.463,934.6,,,,,,,,,,,,,,,,,,,,,media/139724d4-b392-4329-b06f-efa336e72d46.jpg
7051644340,"27 de abr. de 2022, 20:44:04",Treino 8km,Corrida,"Treino misto, rampas, e retas, clima seco, e quente. 
Treino planejado, treino executado!",2731,"8,00",,,false,,,activities/7051644340.gpx,,,2731.0,2718.0,8007.6,4.87,2.946,103.8,118.0,755.8,790.5,29.0,-0.2,,,89.0,81.0,,,,,936.0,,,,,,,,,8.0,,,,,0.0,117.0,0.0,,1.0,8280.8,,,,,,,,,,,,,,,,,,,,,,,,,,0.0,2.932,3.2,,,,,,,,,,,,,,,,,,,,,media/82014728-6373-4608-b91d-339255de7c79.jpg
7047039121,"26 de abr. de 2022, 23:39:31",Taboão - Vila-Lobos,Pedalada,Treino de ritmo médio 30km/h+,5496,"40,94",,,false,,Show Gravel,activities/7501039932.fit.gz,,11.0,5496.0,4845.0,40943.0,12.38,8.451,201.0,249.0,714.0,803.0,21.6,-0.2,,,,0.0,,0.0,,286.0,1014.0,,24.0,,,,,,,8.0,,,,,0.0,208.0,0.0,,1.0,,,,,,,,,,,,,,,,10641974.0,,,,,,,,,,,0.0,7.45,393.7,,,,,,,,,,,,,,,,,,,,,media/37f6bc94-2fe5-4b91-ba75-bda785aea177.jpg
7034469000,"24 de abr. de 2022, 08:52:29",Taboão - Pico do Jaraguá,Pedalada,Pedal top! Parabéns aos envolvidos!!!,24075,"89,56",,,false,,Show Gravel,activities/7487422136.fit.gz,,11.0,24075.0,13753.0,89562.5,18.978,6.512,965.0,966.0,712.0,1079.0,49.1,0.0,,,,0.0,,0.0,,236.0,2878.0,,26.0,,,,,,,9.0,,,,,0.0,687.0,0.0,,1.0,,,,,,,,,,,,,,,,10641974.0,,,,,,,,,,,0.0,3.72,928.1,,,,,,,,,,,,,,,,,,,,,media/f8c97e3e-246b-4897-a922-2254dd2fa765.jpg|media/e1435e15-249d-4158-a9f1-dbcd144c4e12.jpg|media/b68345d3-042b-4919-8fed-4d7693fb95c1.jpg|media/6193a0f0-38c5-4065-8d4c-08f1f4fc78c5.jpg
7024978629,"22 de abr. de 2022, 22:47:07",Corrida semanal (5km+),Corrida,"Treino curto, e misto, retas, baixas e algumas ladeiras.",1806,"5,50",,,false,,,activities/7024978629.gpx,,,1806.0,1806.0,5507.6,5.306,3.05,78.6,92.7,758.6,819.6,40.1,-0.3,,,87.0,80.0,,,,,650.0,,,,,,,,,8.0,,,,,0.0,77.0,0.0,,1.0,5754.3,,,,,,,,,,,,,,,,,,,,,,,,,,0.0,3.05,0.0,,,,,,,,,,,,,,,,,,,,,media/06612efd-73b0-48f4-b7ba-108b51ba6b49.jpg
7018015185,"21 de abr. de 2022, 08:29:05",Taboão - Juquitiba (100km+),Pedalada,"Desafiador, pernas cansadas, finas educativas dos caminhoneiros, e satisfação em concluir mais um pedal! (Obs: câimbras ao chegar em casa)",21990,"105,16",,,false,,Show Gravel,activities/7469539570.fit.gz,,11.0,21990.0,13517.0,105166.4,20.428,7.78,1288.0,1286.0,669.0,874.0,36.4,0.0,,,,0.0,,0.0,,296.0,2832.0,,22.0,,,,,,,10.0,,,,,0.0,826.0,0.0,,1.0,,,,,,,,,,,,,,,,10641974.0,,,,,,,,,,,0.0,4.782,859.3,,,,,,,,,,,,,,,,,,,,,media/306aaa0e-d97f-4026-9516-34876d8aba66.jpg|media/b1ed67b2-c1c7-4a44-a980-00f931320f6c.jpg|media/845e1658-65e9-4270-971c-de4a524ea84e.jpg|media/963e50ff-0bb3-4ea3-89ff-42539da189ec.jpg|media/bfc547d9-8981-4cd8-9583-056ea2a6ba25.jpg
7004880384,"18 de abr. de 2022, 22:29:48",Treino - Pernas de aço (Itapecerica),Pedalada,,12068,"40,50",,,false,,Show Gravel,activities/7455335179.fit.gz,,11.0,12068.0,7986.0,40501.4,16.758,5.072,696.0,687.0,743.0,915.0,49.4,0.0,,,,0.0,,0.0,,186.0,1660.0,,18.0,,,,,,,9.0,,,,,0.0,399.0,0.0,,1.0,,,,,,,,,,,,,,,,10641974.0,,,,,,,,,,,0.0,3.356,485.0,,,,,,,,,,,,,,,,,,,,,media/85bd7458-0c86-46f7-9a3f-ec622f944d6c.jpg
6993619257,"16 de abr. de 2022, 20:43:44",Taboão - Vila-Lobos (40km+ estica canela),Pedalada,Treino de velocidade controlada (25km/h mínimo - 35km/h máximo),5941,"40,72",,,true,,Show Gravel,activities/7443041618.fit.gz,,11.0,5941.0,5119.0,40725.7,12.408,7.956,223.0,260.0,712.0,833.0,24.8,-0.1,,,,0.0,,0.0,,265.0,1066.0,,19.0,,,,,,,9.0,,,,,0.0,255.0,1.0,,1.0,,,,,,,,,,,,,,,,10641974.0,,,,,,,,,,,0.0,6.855,1577.3,,,,,,,,,,,,,,,,,,,,,media/31624199-b061-4a31-b268-5be384dde787.jpg|media/f0c5ef67-6a4c-4128-964c-31a18b9c42ce.jpg
6985581534,"15 de abr. de 2022, 08:41:50",Taboão - Campo de Marte (Pedal no feriado!!),Pedalada,,14512,"73,74",,,false,,Show Gravel,activities/7434297010.fit.gz,,11.0,14512.0,10794.0,73740.8,14.473,6.832,482.0,484.0,712.0,800.0,48.1,0.0,,,,0.0,,0.0,,227.0,2240.0,,19.0,,,,,,,,,,,,0.0,,0.0,,1.0,,,,,,,,,,,,,,,,10641974.0,,,,,,,,,,,0.0,5.081,499.9,,,,,,,,,,,,,,,,,,,,,media/a1d34ca1-ab6e-4ac5-a25e-f6b970c26e16.jpg|media/f65d5251-2911-474b-8807-21269b29fc5c.jpg
6977552161,"13 de abr. de 2022, 21:09:17",Corrida semanal! ,Corrida,Planejado e Executado!!!!,2266,"7,01",,,false,,,activities/6977552161.gpx,,,2266.0,2220.0,7013.3,5.362,3.159,78.5,86.5,757.7,802.5,22.0,-0.1,,,85.0,81.0,,,,,814.0,,,,,,,,,8.0,,,,,0.0,95.0,0.0,,1.0,7201.5,,,,,,,,,,,,,,,,,,,,,,,,,,0.0,3.095,450.2,,,,,,,,,,,,,,,,,,,,,media/5cafc6aa-0c3c-43c5-a153-e44f46ab53d4.jpg
6967724386,"11 de abr. de 2022, 22:05:05",Pedal - Taboão - Ponte das Bandeiras! (70km+),Pedalada,Pedal com o Grande Vinícius! ,12045,"71,95",,,true,,Show Gravel,activities/7414965178.fit.gz,,11.0,12045.0,10685.0,71958.4,13.666,6.735,494.0,516.0,714.0,810.0,48.6,0.0,,,,0.0,,0.0,,233.0,2211.0,,23.0,,,,,,,8.0,,,,,0.0,460.0,1.0,,1.0,,,,,,,,,,,,,,,,10641974.0,,,,,,,,,,,0.0,5.974,554.3,,,,,,,,,,,,,,,,,,,,,media/8f7f69d8-0484-4a0c-8534-2bc9ed99f447.jpg|media/3a2451d6-19b2-48de-9eb3-450117528b60.jpg
6956791709,"9 de abr. de 2022, 21:29:50",Taboão - Vila-Lobos (40k+ levinho),Pedalada,(treino leve para fechar a semana),7319,"43,87",,,false,,Show Gravel,activities/7403096295.fit.gz,,11.0,7319.0,6283.0,43873.8,13.092,6.983,263.0,305.0,628.0,817.0,48.6,0.3,,,,0.0,,0.0,,228.0,1312.0,,25.0,,,,,,,6.0,,,,,0.0,165.0,0.0,,1.0,,,,,,,,,,,,,,,,10641974.0,,,,,,,,,,,0.0,5.995,1103.3,,,,,,,,,,,,,,,,,,,,,media/e55bff4a-c713-4d38-911b-7de622a6be11.jpg
6951615915,"8 de abr. de 2022, 23:00:15",Corrida da semana! (Sofrência) 10k,Corrida,,3619,"10,00",,,false,,,activities/6951615915.gpx,,,3619.0,3508.0,10001.9,4.968,2.851,105.1,104.7,755.8,790.5,28.3,0.0,,,85.0,80.0,,,,,1161.0,,,,,,,,,8.0,,,,,0.0,151.0,0.0,,1.0,10268.5,,,,,,,,,,,,,,,,,,,,,,,,,,0.0,2.764,103.1,,,,,,,,,,,,,,,,,,,,,media/194eb65d-c03c-48d1-b5a9-0f9a2f98f72e.jpg|media/ff989831-6bd2-45ed-a9f6-9ea395e99536.jpg
6947846912,"7 de abr. de 2022, 22:24:17",Passeio: Alfaville - 💯 Limites,Pedalada,"Inusitado! Queda do guia, pneu furado, corrente caindo e câmbio quebrado! Porém... Pedal realizado!",18917,"75,24",,,true,,Show Gravel,activities/7393423540.fit.gz,,11.0,18917.0,12180.0,75242.9,16.086,6.178,496.0,506.0,481.0,837.0,49.5,-0.2,,,,0.0,,0.0,,185.0,2530.0,,21.0,,,,,,,4.0,,,,,0.0,135.0,1.0,,1.0,,,,,,,,,,,,,,,,10641974.0,,,,,,,,,,,0.0,3.978,2373.4,,,,,,,,,,,,,,,,,,,,,media/8b8c0d8f-ddf6-4755-9b6f-f5c33be3d657.jpg|media/cd6dc73e-68f3-472c-aa94-a76be0689285.jpg|media/7d31e01e-2d4a-4dba-ab0f-589f2727063a.jpg
6928307904,"3 de abr. de 2022, 22:06:18",Taboão - Vila-Lobos (40km+),Pedalada,,5941,"40,04",,,false,,,activities/7372365355.fit.gz,,,5941.0,5129.0,40048.9,12.342,7.808,210.0,259.0,694.0,791.0,47.5,-0.1,,,,0.0,,0.0,,178.0,1059.0,,23.0,,,,,,,7.0,,,,,0.0,163.0,0.0,,1.0,,,,,,,,,,,,,,,,,,,,,,,,,,,0.0,6.741,1130.2,,,,,,,,,,,,,,,,,,,,,media/2ea59ee0-4aa6-4733-8ff8-3fcb2468e28d.jpg|media/b6a27999-3e88-4c88-8576-ff13e76bb33a.jpg
6922869755,"3 de abr. de 2022, 00:04:12",Taboão - Faria Lima (30km+),Pedalada,,4891,"35,04",,,false,,,activities/7366444783.fit.gz,,,4891.0,4665.0,35046.4,12.898,7.513,316.0,336.0,722.0,803.0,26.2,-0.1,,,,0.0,,0.0,,190.0,973.0,,20.0,,,,,,,7.0,,,,,0.0,149.0,0.0,,1.0,,,,,,,,,,,,,,,,,,,,,,,,,,,0.0,7.165,2329.5,,,,,,,,,,,,,,,,,,,,,media/987d279f-d4d8-4c20-b658-d037d1d28286.jpg
6910756946,"31 de mar. de 2022, 10:44:06",Corrida (5km),Corrida,,1925,"5,53",,,false,,,activities/6910756946.gpx,,,1925.0,1728.0,5537.0,5.426,3.204,55.8,80.7,757.7,802.5,33.7,-0.4,,,89.0,83.0,,,,,639.0,,,,,,,,,8.0,,,,,0.0,74.0,0.0,,1.0,5654.1,,,,,,,,,,,,,,,,,,,,,,,,,,0.0,2.876,449.9,,,,,,,,,,,,,,,,,,,,,""
6904492238,"29 de mar. de 2022, 23:20:04",Taboão - Vila-Lobos (40km+),Pedalada,,5818,"43,05",,,false,,,activities/7346470996.fit.gz,,,5818.0,5312.0,43057.9,17.976,8.106,263.0,284.0,710.0,801.0,24.3,-0.1,,,,0.0,,0.0,,195.0,1111.0,,24.0,,,,,,,8.0,,,,,0.0,228.0,0.0,,1.0,,,,,,,,,,,,,,,,,,,,,,,,,,,0.0,7.401,1268.1,,,,,,,,,,,,,,,,,,,,,media/b0001956-b320-4512-8ec0-f0d3731eb059.jpg
6892576968,"27 de mar. de 2022, 08:45:27",GRU (110km+),Pedalada,,25118,"118,27",,,true,,,activities/7333454759.fit.gz,,,25118.0,16467.0,118274.6,14.356,7.183,622.0,632.0,544.0,795.0,49.3,0.0,,,,0.0,,0.0,,140.0,3435.0,,26.0,,,,,,,9.0,,,,,0.0,823.0,1.0,,1.0,,,,,,,,,,,,,,,,,,,,,,,,,,,2.0,4.709,1186.5,,,,,,,,,,,,,,,,,,,,,media/d0b5f5f2-fd97-458b-a3e0-29f24efe221d.jpg|media/f286bf52-1320-44c8-914f-4c46de329671.jpg|media/b59855f5-b52c-4103-bca9-146429209af7.jpg|media/4cc209ac-9ce6-4714-97a0-6f280cc931e0.jpg
6882882043,"25 de mar. de 2022, 22:25:57",Taboão - Avenida Paulista (baixa intensidade),Pedalada,,12108,"49,75",,,true,,,activities/7322883736.fit.gz,,,12108.0,9282.0,49750.0,13.664,5.36,442.0,426.0,718.0,905.0,48.7,0.0,,,,0.0,,0.0,,146.0,1933.0,,26.0,,,,,,,4.0,,,,,0.0,103.0,1.0,,1.0,,,,,,,,,,,,,,,,,,,,,,,,,,,0.0,4.109,1235.8,,,,,,,,,,,,,,,,,,,,,media/722a279f-7153-442c-a174-43f82bd906bc.jpg
6878346701,"24 de mar. de 2022, 22:29:31",Pedaleira nas ladeiras - 💯 Limites (50km+) ,Pedalada,,15911,"55,82",,,false,,,activities/7317955049.fit.gz,,,15911.0,9902.0,55822.7,14.404,5.638,595.0,594.0,717.0,835.0,48.8,0.0,,,,0.0,,0.0,,140.0,2072.0,,26.0,,,,,,,,,,,,0.0,,0.0,,1.0,,,,,,,,,,,,,,,,,,,,,,,,,,,0.0,3.508,2184.2,,,,,,,,,,,,,,,,,,,,,media/fbb089c2-6737-42d1-92fb-7c8f6909a43b.jpg|media/daef431a-8ae7-484f-9700-173edb7dfd9a.jpg
6873063962,"24 de mar. de 2022, 00:47:17",Taboão - Butantã (correria),Pedalada,,4023,"30,07",,,false,,,activities/7312260995.fit.gz,,,4023.0,3704.0,30069.6,13.78,8.118,245.0,271.0,721.0,801.0,18.4,-0.1,,,,0.0,,0.0,,213.0,778.0,,24.0,,,,,,,,,,,,0.0,,0.0,,1.0,,,,,,,,,,,,,,,,,,,,,,,,,,,0.0,7.474,988.0,,,,,,,,,,,,,,,,,,,,,""
6867676610,"22 de mar. de 2022, 22:35:32",Passeio - 💯 Limites,Pedalada,,12616,"40,34",,,false,,,activities/7306461740.fit.gz,,,12616.0,7210.0,40344.4,12.718,5.596,417.0,389.0,680.0,802.0,35.2,0.3,,,,0.0,,0.0,,140.0,1504.0,,21.0,,,,,,,,,,,,0.0,,0.0,,1.0,,,,,,,,,,,,,,,,,,,,,,,,,,,0.0,3.198,1020.5,,,,,,,,,,,,,,,,,,,,,media/2a997619-ec7f-4b7a-8eb5-c256fe989ce7.jpg
6852601502,"20 de mar. de 2022, 10:05:02",Corrida semanal,Corrida,,2015,"5,60",,,false,,,activities/6852601502.gpx,,,2015.0,1972.0,5601.9,7.622,2.841,55.3,73.4,759.2,802.5,28.4,-0.3,,,91.0,83.0,,,,,647.0,,,,,,,,,7.0,,,,,0.0,62.0,0.0,,1.0,5723.0,,,,,,,,,,,,,,,,,,,,,,,,,,0.0,2.78,446.0,,,,,,,,,,,,,,,,,,,,,media/f1cb592d-98b3-4982-bf22-4d7fdfffc02f.jpg
6845705448,"18 de mar. de 2022, 22:59:30",Taboão - São Paulo Centro (50km+),Pedalada,,11049,"54,78",,,true,,,activities/7282688828.fit.gz,,,11049.0,8535.0,54788.2,15.602,6.419,539.0,536.0,725.0,838.0,39.6,-0.1,,,,0.0,,0.0,,171.0,1774.0,,27.0,,,,,,,8.0,,,,,0.0,367.0,1.0,,1.0,,,,,,,,,,,,,,,,,,,,,,,,,,,0.0,4.959,4355.8,,,,,,,,,,,,,,,,,,,,,media/988b8fe6-977d-4629-b179-ef9f8d9eecb9.jpg
6841131999,"17 de mar. de 2022, 22:43:18",São Paulo - New York City (50km+),Pedalada,,11453,"57,10",,,true,,,activities/7277759454.fit.gz,,,11453.0,8388.0,57102.5,15.734,6.808,385.0,378.0,717.0,808.0,48.4,0.0,,,,0.0,,0.0,,159.0,1751.0,,27.0,,,,,,,7.0,,,,,0.0,267.0,1.0,,1.0,,,,,,,,,,,,,,,,,,,,,,,,,,,0.0,4.986,1815.2,,,,,,,,,,,,,,,,,,,,,media/9a7f08c3-22bd-4d80-ad3d-2f358cacf414.jpg|media/813053e9-4c10-4b31-b1d4-beecae00dfe0.jpg|media/dc0ed92f-7007-4c20-b61c-7f36373ba90d.jpg|media/ee292777-08bc-4a8c-b7a4-1c74062bbab2.jpg
6831209624,"15 de mar. de 2022, 23:13:01",Taboão - Campo de Marte (70km+),Pedalada,,15052,"79,32",,,true,,,activities/7267107608.fit.gz,,,15052.0,12615.0,79323.6,12.845,6.288,558.0,559.0,716.0,901.0,47.5,0.0,,,,0.0,,0.0,,145.0,2597.0,,23.0,,,,,,,8.0,,,,,0.0,543.0,1.0,,1.0,,,,,,,,,,,,,,,,,,,,,,,,,,,0.0,5.27,484.5,,,,,,,,,,,,,,,,,,,,,media/5cdc7bc2-e339-48c5-8920-e925fcb06600.jpg|media/442929ab-2d38-4a31-96fa-d6c4723efa98.jpg
6831209549,"13 de mar. de 2022, 14:41:31",ManhãPasseio,Pedalada,,2636,"6,27",,,false,,,activities/7267107617.fit.gz,,,2636.0,1174.0,6270.8,13.696,5.341,136.0,128.0,774.0,824.0,46.3,0.0,,,,0.0,,0.0,,155.0,240.0,,27.0,,,,,,,,,,,,,,0.0,,1.0,,,,,,,,,,,,,,,,,,,,,,,,,,,0.0,2.379,0.0,,,,,,,,,,,,,,,,,,,,,""
6814884813,"12 de mar. de 2022, 22:52:44",Taboão - Butantã (ritmo constante),Pedalada,,5541,"33,38",,,false,,,activities/7249515017.fit.gz,,,5541.0,5313.0,33382.7,11.516,6.283,291.0,292.0,720.0,819.0,47.2,0.1,,,,0.0,,0.0,,148.0,1103.0,,23.0,,,,,,,6.0,,,,,0.0,140.0,0.0,,1.0,,,,,,,,,,,,,,,,,,,,,,,,,,,0.0,6.025,1841.9,,,,,,,,,,,,,,,,,,,,,media/53517a6d-3a61-4fe6-a167-38c2f0b84631.jpg
6805543665,"11 de mar. de 2022, 02:00:29",Deslocamento (volta),Pedalada,,2334,"12,29",,,false,,,activities/7239420840.fit.gz,,,2334.0,2015.0,12293.4,13.258,6.101,176.0,128.0,715.0,799.0,48.4,0.6,,,,0.0,,0.0,,194.0,423.0,,26.0,,,,,,,,,,,,0.0,,0.0,,1.0,,,,,,,,,,,,,,,,,,,,,,,,,,,0.0,5.267,53.7,,,,,,,,,,,,,,,,,,,,,""
6805546321,"10 de mar. de 2022, 22:26:23",Deslocamento (ida),Pedalada,,5721,"17,04",,,true,,,activities/7239423704.fit.gz,,,5721.0,3353.0,17043.4,11.046,5.083,139.0,175.0,714.0,818.0,47.8,-0.5,,,,0.0,,0.0,,116.0,700.0,,26.0,,,,,,,,,,,,0.0,,1.0,,1.0,,,,,,,,,,,,,,,,,,,,,,,,,,,0.0,2.979,1308.7,,,,,,,,,,,,,,,,,,,,,""
6795269750,"8 de mar. de 2022, 22:58:18",Butantã - 💯 limites,Pedalada,,12213,"38,57",,,false,,,activities/7228336934.fit.gz,,,12213.0,7244.0,38577.6,14.032,5.325,354.0,313.0,717.0,813.0,43.1,0.1,,,,0.0,,0.0,,130.0,1506.0,,25.0,,,,,,,,,,,,0.0,,0.0,,1.0,,,,,,,,,,,,,,,,,,,,,,,,,,,0.0,3.159,2569.1,,,,,,,,,,,,,,,,,,,,,media/df2be272-de29-40cb-a993-ca05394b9b20.jpg|media/e00a1762-f2f8-47dc-93db-3d504351bd26.jpg
6785056124,"6 de mar. de 2022, 22:30:59",Butantã - Taboão,Pedalada,,4032,"25,01",,,true,,,activities/7217357403.fit.gz,,,4032.0,3698.0,25014.8,12.7,6.764,252.0,261.0,733.0,824.0,46.8,0.0,,,,0.0,,0.0,,163.0,771.0,,25.0,,,,,,,6.0,,,,,0.0,97.0,1.0,,1.0,,,,,,,,,,,,,,,,,,,,,,,,,,,0.0,6.204,244.8,,,,,,,,,,,,,,,,,,,,,""
6779057038,"5 de mar. de 2022, 22:36:07",Corrida semanal,Corrida,,2061,"7,10",,,false,,,activities/6779057038.gpx,,,2061.0,2018.0,7107.0,21.14,3.522,88.7,94.3,755.2,786.1,28.3,-0.1,,,85.0,81.0,,,,,831.0,,,,,,,,,7.0,,,,,0.0,64.0,0.0,,1.0,7351.5,,,,,,,,,,,,,,,,,,,,,,,,,,2.0,3.448,0.0,,,,,,,,,,,,,,,,,,,,,""
6769689623,"3 de mar. de 2022, 23:08:40",Pedal 50km+,Pedalada,,13493,"58,82",,,false,,,activities/7200723206.fit.gz,,,13493.0,9535.0,58822.3,13.992,6.169,435.0,395.0,313.0,811.0,46.8,0.8,,,,0.0,,0.0,,143.0,1979.0,,25.0,,,,,,,,,,,,0.0,,0.0,,1.0,,,,,,,,,,,,,,,,,,,,,,,,,,,0.0,4.359,152.7,,,,,,,,,,,,,,,,,,,,,media/11e64eff-ac61-489b-a882-18934be103c9.jpg|media/1e2a28ef-3f83-4915-9a36-fc682da1bba6.jpg|media/2978c029-bf3e-481b-960d-6674cff75bc7.jpg
6769690673,"3 de mar. de 2022, 22:11:13",Deslocamento,Pedalada,,2658,"9,83",,,false,,,activities/7200724467.fit.gz,,,2658.0,1990.0,9838.9,11.834,4.944,94.0,161.0,725.0,802.0,49.0,-0.5,,,,0.0,,0.0,,120.0,389.0,,27.0,,,,,,,,,,,,0.0,,0.0,,1.0,,,,,,,,,,,,,,,,,,,,,,,,,,,0.0,3.702,214.0,,,,,,,,,,,,,,,,,,,,,""
6759177344,"1 de mar. de 2022, 23:27:00",Deslocamento + Chuva,Pedalada,,1903,"10,24",,,false,,,activities/7189429927.fit.gz,,,1903.0,1768.0,10242.8,10.838,5.793,135.0,93.0,725.0,865.0,48.8,-0.8,,,,0.0,,0.0,,162.0,369.0,,22.0,,,,,,,,,,,,0.0,,0.0,,1.0,,,,,,,,,,,,,,,,,,,,,,,,,,,0.0,5.382,102.4,,,,,,,,,,,,,,,,,,,,,media/598e7b31-1560-4ac1-bf7d-d6277e98342e.jpg
6769691112,"1 de mar. de 2022, 22:12:25",NoitePasseio,Pedalada,,754,"4,25",,,false,,,activities/7200724983.fit.gz,,,754.0,754.0,4251.2,11.15,5.638,45.0,72.0,737.0,777.0,11.9,-0.6,,,,0.0,,0.0,,100.0,130.0,,25.0,,,,,,,,,,,,,,0.0,,1.0,,,,,,,,,,,,,,,,,,,,,,,,,,,0.0,5.638,0.0,,,,,,,,,,,,,,,,,,,,,""
6743283576,"26 de fev. de 2022, 21:23:47",Embu - Morumbi,Pedalada,,6636,"40,21",,,true,,,activities/7172212707.fit.gz,,,6636.0,6435.0,40210.7,14.438,6.249,393.0,383.0,728.0,820.0,26.9,0.0,,,,0.0,,0.0,,148.0,1333.0,,25.0,,,,,,,8.0,,,,,0.0,277.0,1.0,,1.0,,,,,,,,,,,,,,,,,,,,,,,,,,,0.0,6.059,4807.6,,,,,,,,,,,,,,,,,,,,,media/b6bc4b78-cc56-45d9-81ee-1de6f5e9045e.jpg
6738220664,"25 de fev. de 2022, 23:17:21",NoitePasseio,Pedalada,,5716,"37,70",,,false,,,activities/7166741099.fit.gz,,,5716.0,5493.0,37699.9,17.32,6.863,410.0,431.0,485.0,812.0,38.3,0.8,,,,0.0,,0.0,,163.0,1143.0,,24.0,,,,,,,,,,,,0.0,,0.0,,1.0,,,,,,,,,,,,,,,,,,,,,,,,,,,0.0,6.595,3131.1,,,,,,,,,,,,,,,,,,,,,media/2f6e7fcf-f779-4a93-a855-c61de11c34b3.jpg|media/bb55aa64-bf95-4a3d-b4ab-76c358f482d1.jpg
6724298420,"22 de fev. de 2022, 23:07:49",NoitePasseio,Pedalada,,10486,"31,05",,,false,,,activities/7151717208.fit.gz,,,10486.0,6238.0,31053.6,12.438,4.978,308.0,270.0,484.0,807.0,46.7,-0.8,,,,0.0,,0.0,,77.0,1248.0,,24.0,,,,,,,,,,,,,,0.0,,1.0,,,,,,,,,,,,,,,,,,,,,,,,,,,0.0,2.961,3499.0,,,,,,,,,,,,,,,,,,,,,""
6724300820,"22 de fev. de 2022, 21:59:01",NoitePasseio,Pedalada,,2309,"7,19",,,false,,,activities/7151719821.fit.gz,,,2309.0,1839.0,7197.3,9.706,3.914,78.0,101.0,739.0,795.0,49.8,-0.1,,,,0.0,,0.0,,73.0,366.0,,25.0,,,,,,,,,,,,,,0.0,,1.0,,,,,,,,,,,,,,,,,,,,,,,,,,,0.0,3.117,415.7,,,,,,,,,,,,,,,,,,,,,""
6714378807,"21 de fev. de 2022, 00:15:25",Taboão - Embu (N/A),Pedalada,,3537,"24,57",,,false,,,activities/7141093530.fit.gz,,,3537.0,3500.0,24578.0,15.05,7.022,261.0,265.0,518.0,943.0,49.2,-0.6,,,,0.0,,0.0,,185.0,726.0,,22.0,,,,,,,,,,,,0.0,,0.0,,1.0,,,,,,,,,,,,,,,,,,,,,,,,,,,0.0,6.949,1419.9,,,,,,,,,,,,,,,,,,,,,media/fd58855b-fb76-465c-b822-7263d78a68fa.jpg
6708743720,"19 de fev. de 2022, 22:25:54",Taboão - Embu (misto),Pedalada,"Treino misto, ladeira e velocidade média acima de 24km/h",4194,"27,77",,,true,,,activities/7135006893.fit.gz,,,4194.0,4149.0,27774.2,15.562,6.694,294.0,311.0,649.0,919.0,11.7,-0.9,,,,0.0,,0.0,,123.0,855.0,,22.0,,,,,,,6.0,,,,,0.0,109.0,1.0,,1.0,,,,,,,,,,,,,,,,,,,,,,,,,,,0.0,6.622,444.6,,,,,,,,,,,,,,,,,,,,,media/d2cc104c-90e0-43f4-bb0a-0df25a25512c.jpg
6699421495,"17 de fev. de 2022, 23:00:20",Taboão - Embu (ladeira),Pedalada,,4155,"26,55",,,true,,,activities/7124948275.fit.gz,,,4155.0,4097.0,26557.6,15.65,6.482,366.0,396.0,754.0,844.0,46.5,0.1,,,,0.0,,0.0,,164.0,851.0,,21.0,,,,,,,8.0,,,,,0.0,176.0,1.0,,1.0,,,,,,,,,,,,,,,,,,,,,,,,,,,0.0,6.392,664.9,,,,,,,,,,,,,,,,,,,,,media/cf83a037-105d-4553-b938-faaa251cdef4.jpg
6689557595,"15 de fev. de 2022, 23:25:28",NoitePasseio,Pedalada,,3589,"25,03",,,true,,,activities/7114345499.fit.gz,,,3589.0,3589.0,25031.9,15.3,6.975,282.0,283.0,748.0,817.0,30.9,0.0,,,,0.0,,0.0,,173.0,743.0,,21.0,,,,,,,6.0,,,,,0.0,94.0,1.0,,1.0,,,,,,,,,,,,,,,,,,,,,,,,,,,0.0,6.975,855.9,,,,,,,,,,,,,,,,,,,,,media/76e287b9-3a36-4657-b157-734ec9d23364.jpg
6673892742,"12 de fev. de 2022, 20:57:03",NoitePasseio,Pedalada,,3772,"22,99",,,false,,,activities/7097447197.fit.gz,,,3772.0,3471.0,22990.4,15.078,6.624,265.0,262.0,759.0,907.0,49.3,-0.5,,,,0.0,,0.0,,160.0,719.0,,23.0,,,,,,,,,,,,,,0.0,,1.0,,,,,,,,,,,,,,,,,,,,,,,,,,,2.0,6.095,1579.3,,,,,,,,,,,,,,,,,,,,,""
6637783400,"5 de fev. de 2022, 23:17:44",NoitePasseio,Pedalada,,5318,"32,32",,,false,,,activities/7058712622.fit.gz,,,5318.0,5238.0,32319.2,15.118,6.17,332.0,350.0,731.0,818.0,31.8,0.0,,,,0.0,,0.0,,145.0,1086.0,,25.0,,,,,,,6.0,,,,,0.0,138.0,0.0,,1.0,,,,,,,,,,,,,,,,,,,,,,,,,,,0.0,6.077,3062.7,,,,,,,,,,,,,,,,,,,,,media/9ec1a125-e131-47b8-8972-78f081f818e7.jpg
6587553377,"27 de jan. de 2022, 00:11:08",Pedalada noturna,Pedalada,,3657,"25,42",,,false,,,activities/6587553377.gpx,,,3657.0,3656.0,25425.7,14.966,6.955,237.7,244.9,757.2,816.3,28.7,0.0,,,,,,,,141.0,575.0,,,,,,,,,,,,,,0.0,,0.0,,1.0,,,,,,,,,,,,,,,,,,,,,,,,,,,0.0,6.953,1355.9,,,,,,,,,,,,,,,,,,,,,""
6576830039,"24 de jan. de 2022, 23:07:41",NoitePasseio,Pedalada,,2463,"16,87",,,false,,,activities/6993560452.fit.gz,,,2463.0,2437.0,16877.7,18.098,6.926,206.0,231.0,755.0,818.0,19.7,-0.1,,,,0.0,,0.0,,176.0,510.0,,24.0,,,,,,,,,,,,,,0.0,,1.0,,,,,,,,,,,,,,,,,,,,,,,,,,,0.0,6.853,331.1,,,,,,,,,,,,,,,,,,,,,""
6540830048,"17 de jan. de 2022, 23:16:20",NoitePasseio,Pedalada,,3990,"24,77",,,false,,,activities/6955011525.fit.gz,,,3990.0,3593.0,24773.1,14.13,6.895,264.0,283.0,748.0,829.0,36.8,0.0,,,,0.0,,0.0,,170.0,753.0,,26.0,,,,,,,,,,,,,,0.0,,1.0,,,,,,,,,,,,,,,,,,,,,,,,,,,0.0,6.209,844.1,,,,,,,,,,,,,,,,,,,,,""
6458352363,"1 de jan. de 2022, 23:20:51",NoitePasseio,Pedalada,,3105,"20,10",,,false,,,activities/6866676234.fit.gz,,,3105.0,2887.0,20106.4,14.808,6.964,167.0,205.0,733.0,809.0,38.6,-0.2,,,,0.0,,0.0,,153.0,602.0,,22.0,,,,,,,,,,,,,,0.0,,1.0,,,,,,,,,,,,,,,,,,,,,,,,,,,0.0,6.476,2089.6,,,,,,,,,,,,,,,,,,,,,""
6433217322,"27 de dez. de 2021, 11:01:23",Corrida matinal,Corrida,,3307,"7,01",,,false,,,activities/6433217322.gpx,,,3307.0,2716.0,7012.8,4.086,2.582,19.2,39.7,281.0,308.9,29.9,-0.3,,,,,,,,,733.0,,,,,,,,,,,,,,0.0,,0.0,,1.0,7015.7,,,,,,,,,,,,,,,,,,,,,,,,,,0.0,2.121,1464.0,,,,,,,,,,,,,,,,,,,,,""
6414114414,"22 de dez. de 2021, 09:59:25",Corrida matinal,Corrida,,2915,"7,07",,,false,,,activities/6414114414.gpx,,,2915.0,2643.0,7070.5,3.926,2.675,50.0,51.1,279.7,329.0,22.9,0.0,,,,,,,,,749.0,,,,,,,,,,,,,,0.0,,0.0,,1.0,7170.1,,,,,,,,,,,,,,,,,,,,,,,,,,0.0,2.426,4213.7,,,,,,,,,,,,,,,,,,,,,""
6396306874,"17 de dez. de 2021, 22:42:24",Corrida ao entardecer,Corrida,,2162,"6,01",,,false,,,activities/6396306874.gpx,,,2162.0,2134.0,6018.5,10.136,2.82,63.6,76.7,757.4,801.8,27.6,-0.2,,,85.0,81.0,,,,,646.0,,,,,,,,,,,,,,0.0,,0.0,,1.0,6187.2,,,,,,,,,,,,,,,,,,,,,,,,,,0.0,2.784,1226.7,,,,,,,,,,,,,,,,,,,,,""
6385146959,"15 de dez. de 2021, 00:05:16",NoitePasseio,Pedalada,,3461,"20,98",,,false,,,activities/6787586362.fit.gz,,,3461.0,3368.0,20988.2,13.812,6.232,226.0,229.0,737.0,813.0,49.4,-0.1,,,,0.0,,0.0,,151.0,690.0,,23.0,,,,,,,,,,,,,,0.0,,1.0,,,,,,,,,,,,,,,,,,,,,,,,,,,0.0,6.064,2191.7,,,,,,,,,,,,,,,,,,,,,""
6372263824,"11 de dez. de 2021, 21:42:20",Corrida ao entardecer,Corrida,,3469,"8,00",,,false,,,activities/6372263824.gpx,,,3469.0,3031.0,8006.2,4.928,2.641,152.9,168.6,752.4,811.9,45.8,-0.2,,,87.0,80.0,,,,,881.0,,,,,,,,,,,,,,0.0,,0.0,,1.0,8436.2,,,,,,,,,,,,,,,,,,,,,,,,,,0.0,2.308,328.7,,,,,,,,,,,,,,,,,,,,,""
6385146942,"11 de dez. de 2021, 10:49:17",ManhãPasseio,Pedalada,,401,"1,31",,,false,,,activities/6787586408.fit.gz,,,401.0,401.0,1311.5,8.206,3.27,22.0,41.0,767.0,826.0,21.3,-3.6,,,,0.0,,0.0,,44.0,81.0,,22.0,,,,,,,,,,,,,,0.0,,1.0,,,,,,,,,,,,,,,,,,,,,,,,,,,0.0,3.27,40.8,,,,,,,,,,,,,,,,,,,,,""
6385151933,"10 de dez. de 2021, 23:01:39",NoitePasseio,Pedalada,,5744,"25,00",,,false,,,activities/6787591798.fit.gz,,,5744.0,5003.0,25007.9,15.398,4.999,361.0,357.0,715.0,826.0,50.0,0.1,,,,0.0,,0.0,,135.0,1037.0,,20.0,,,,,,,,,,,,,,0.0,,1.0,,,,,,,,,,,,,,,,,,,,,,,,,,,0.0,4.354,1849.5,,,,,,,,,,,,,,,,,,,,,""
6385151911,"10 de dez. de 2021, 22:51:39",NoitePasseio,Pedalada,,58,"0,11",,,false,,,activities/6787591853.fit.gz,,,58.0,58.0,116.1,4.63,2.002,0.0,0.0,788.0,788.0,0.0,0.0,,,,0.0,,0.0,,55.0,10.0,,24.0,,,,,,,,,,,,,,0.0,,1.0,,,,,,,,,,,,,,,,,,,,,,,,,,,0.0,2.002,0.0,,,,,,,,,,,,,,,,,,,,,""
6311063141,"26 de nov. de 2021, 22:19:44",Corrida ao entardecer,Corrida,,4264,"11,50",,,false,,,activities/6311063141.gpx,,,4264.0,4136.0,11503.4,6.812,2.781,108.0,122.3,751.0,801.8,45.5,-0.1,,,85.0,80.0,,,,,1226.0,,,,,,,,,,,,,,0.0,,0.0,,1.0,11740.4,,,,,,,,,,,,,,,,,,,,,,,,,,0.0,2.698,2783.4,,,,,,,,,,,,,,,,,,,,,""
6299425832,"24 de nov. de 2021, 00:41:36",NoitePasseio,Pedalada,,3175,"19,16",,,false,,,activities/6695199464.fit.gz,,,3175.0,3175.0,19161.6,13.01,6.035,240.0,234.0,742.0,796.0,20.2,0.0,,,,0.0,,0.0,,146.0,660.0,,22.0,,,,,,,,,,,,,,0.0,,1.0,,,,,,,,,,,,,,,,,,,,,,,,,,,0.0,6.035,3843.0,,,,,,,,,,,,,,,,,,,,,""
6299425806,"24 de nov. de 2021, 00:36:08",NoitePasseio,Pedalada,,256,"0,16",,,false,,,activities/6695199492.fit.gz,,,256.0,36.0,168.8,9.962,4.69,0.0,0.0,789.0,791.0,41.0,1.2,,,,0.0,,0.0,,128.0,6.0,,25.0,,,,,,,,,,,,,,0.0,,1.0,,,,,,,,,,,,,,,,,,,,,,,,,,,0.0,0.659,0.0,,,,,,,,,,,,,,,,,,,,,""
6290823901,"22 de nov. de 2021, 02:11:52",NoitePasseio,Pedalada,,1096,"5,49",,,false,,,activities/6685971800.fit.gz,,,1096.0,1096.0,5490.4,10.94,5.009,106.0,75.0,744.0,808.0,34.4,0.6,,,,0.0,,0.0,,145.0,221.0,,17.0,,,,,,,,,,,,,,0.0,,1.0,,,,,,,,,,,,,,,,,,,,,,,,,,,0.0,5.009,417.5,,,,,,,,,,,,,,,,,,,,,""
6290824889,"21 de nov. de 2021, 23:13:29",NoitePasseio,Pedalada,,1755,"7,58",,,false,,,activities/6685972923.fit.gz,,,1755.0,1677.0,7580.3,13.298,4.52,131.0,115.0,702.0,809.0,42.5,-0.1,,,,0.0,,0.0,,94.0,346.0,,18.0,,,,,,,,,,,,,,0.0,,1.0,,,,,,,,,,,,,,,,,,,,,,,,,,,0.0,4.319,596.7,,,,,,,,,,,,,,,,,,,,,""
6280925632,"19 de nov. de 2021, 23:45:20",Corrida ao entardecer,Corrida,,3640,"10,07",,,false,,,activities/6280925632.gpx,,,3640.0,3472.0,10077.7,5.3,2.903,104.4,110.9,752.2,787.8,48.3,-0.1,,,89.0,81.0,,,,,1081.0,,,,,,,,,,,,,,0.0,,0.0,,1.0,10347.3,,,,,,,,,,,,,,,,,,,,,,,,,,0.0,2.769,666.0,,,,,,,,,,,,,,,,,,,,,""
6272867221,"18 de nov. de 2021, 00:08:06",NoitePasseio,Pedalada,,4572,"25,05",,,false,,,activities/6666686211.fit.gz,,,4572.0,4504.0,25053.8,18.108,5.563,356.0,355.0,755.0,842.0,49.3,-0.1,,,,0.0,,0.0,,142.0,939.0,,24.0,,,,,,,,,,,,,,0.0,,1.0,,,,,,,,,,,,,,,,,,,,,,,,,,,0.0,5.48,1019.9,,,,,,,,,,,,,,,,,,,,,""
6272867141,"18 de nov. de 2021, 00:07:14",NoitePasseio,Pedalada,,33,"0,00",,,false,,,activities/6666686239.fit.gz,,,33.0,33.0,5.4,0.408,0.162,0.0,0.0,780.0,798.0,0.0,149.3,,,,0.0,,0.0,,17.0,3.0,,31.0,,,,,,,,,,,,,,0.0,,1.0,,,,,,,,,,,,,,,,,,,,,,,,,,,0.0,0.162,0.0,,,,,,,,,,,,,,,,,,,,,""
6272867189,"17 de nov. de 2021, 23:15:45",NoitePasseio,Pedalada,,18,"0,00",,,false,,,activities/6666686311.fit.gz,,,18.0,18.0,4.0,0.388,0.224,0.0,0.0,769.0,781.0,0.0,-272.3,,,,0.0,,0.0,,9.0,1.0,,27.0,,,,,,,,,,,,,,0.0,,1.0,,,,,,,,,,,,,,,,,,,,,,,,,,,0.0,0.224,0.0,,,,,,,,,,,,,,,,,,,,,""
6254479573,"14 de nov. de 2021, 00:44:33",Pedalada noturna,Pedalada,,7124,"30,83",,,false,,,activities/6254479573.gpx,,,7124.0,6422.0,30837.6,14.844,4.802,188.3,181.3,729.1,824.9,17.9,0.0,,,,,,,,93.0,665.0,,,,,,,,,,,,,,0.0,,0.0,,1.0,,,,,,,,,,,,,,,,,,,,,,,,,,,0.0,4.329,2267.0,,,,,,,,,,,,,,,,,,,,,""
6249501063,"12 de nov. de 2021, 23:58:07",Pedalada ao entardecer,Pedalada,,4392,"24,81",,,false,,,activities/6249501063.gpx,,,4392.0,4283.0,24811.8,15.232,5.793,319.2,319.2,739.7,824.8,20.8,0.0,,,,,,,,134.0,640.0,,,,,,,,,,,,,,0.0,,0.0,,1.0,,,,,,,,,,,,,,,,,,,,,,,,,,,0.0,5.649,3013.3,,,,,,,,,,,,,,,,,,,,,""
6245687885,"11 de nov. de 2021, 23:58:06",Pedalada ao entardecer,Pedalada,,6548,"31,31",,,false,,,activities/6245687885.gpx,,,6548.0,6217.0,31316.3,13.196,5.037,204.0,201.9,729.1,801.8,40.5,0.0,,,,,,,,95.0,659.0,,,,,,,,,,,,,,0.0,,0.0,,1.0,,,,,,,,,,,,,,,,,,,,,,,,,,,0.0,4.783,4680.6,,,,,,,,,,,,,,,,,,,,,""
6231472812,"8 de nov. de 2021, 22:35:36",Pedalada ao entardecer,Pedalada,,6069,"35,70",,,false,,,activities/6231472812.gpx,,,6069.0,5814.0,35700.9,14.67,6.141,273.3,273.3,729.1,824.8,17.2,0.0,,,,,,,,116.0,749.0,,,,,,,,,,,,,,0.0,,0.0,,1.0,,,,,,,,,,,,,,,,,,,,,,,,,,,0.0,5.883,3454.0,,,,,,,,,,,,,,,,,,,,,""
6222064466,"6 de nov. de 2021, 23:26:31",Pedalada ao entardecer,Pedalada,,5245,"31,06",,,false,,,activities/6222064466.gpx,,,5245.0,5119.0,31066.3,15.372,6.069,221.9,221.9,729.1,801.8,27.6,0.0,,,,,,,,121.0,689.0,,,,,,,,,,,,,,0.0,,0.0,,1.0,,,,,,,,,,,,,,,,,,,,,,,,,,,0.0,5.923,4332.2,,,,,,,,,,,,,,,,,,,,,""
6208705648,"3 de nov. de 2021, 23:47:59",Pedalada ao entardecer,Pedalada,,4114,"25,04",,,false,,,activities/6208705648.gpx,,,4114.0,4055.0,25039.7,17.738,6.175,311.1,311.0,739.6,824.6,30.0,0.0,,,,,,,,143.0,646.0,,,,,,,,,,,,,,0.0,,0.0,,1.0,,,,,,,,,,,,,,,,,,,,,,,,,,,0.0,6.086,2704.8,,,,,,,,,,,,,,,,,,,,,""
6184972365,"29 de out. de 2021, 22:56:36",Pedalada ao entardecer,Pedalada,,4700,"26,72",,,false,,,activities/6184972365.gpx,,,4700.0,4597.0,26724.6,14.352,5.813,311.9,311.8,737.3,823.5,44.1,0.0,,,,,,,,122.0,625.0,,,,,,,,,,,,,,0.0,,0.0,,1.0,,,,,,,,,,,,,,,,,,,,,,,,,,,0.0,5.686,3887.2,,,,,,,,,,,,,,,,,,,,,""
6181206814,"29 de out. de 2021, 00:22:23",Pedalada noturna,Pedalada,,4509,"26,70",,,false,,,activities/6181206814.gpx,,,4509.0,3841.0,26705.0,15.062,6.953,283.6,283.6,739.6,824.9,31.6,0.0,,,,,,,,122.0,521.0,,,,,,,,,,,,,,0.0,,0.0,,1.0,,,,,,,,,,,,,,,,,,,,,,,,,,,0.0,5.923,2773.8,,,,,,,,,,,,,,,,,,,,,""
6171901988,"27 de out. de 2021, 00:13:57",Pedalada noturna,Pedalada,,4119,"23,00",,,false,,,activities/6171901988.gpx,,,4119.0,3914.0,23007.7,15.578,5.878,304.7,301.5,739.6,824.8,46.5,0.0,,,,,,,,142.0,620.0,,,,,,,,,,,,,,0.0,,0.0,,1.0,,,,,,,,,,,,,,,,,,,,,,,,,,,0.0,5.586,3525.4,,,,,,,,,,,,,,,,,,,,,""
6166469200,"25 de out. de 2021, 21:32:58",Corrida ao entardecer,Corrida,,2664,"7,27",,,false,,,activities/6166469200.gpx,,,2664.0,2658.0,7277.5,4.866,2.738,79.0,83.4,757.7,801.8,43.0,-0.1,,,87.0,81.0,,,,,781.0,,,,,,,,,,,,,,0.0,,0.0,,1.0,7480.9,,,,,,,,,,,,,,,,,,,,,,,,,,0.0,2.732,1648.2,,,,,,,,,,,,,,,,,,,,,""
6152170530,"22 de out. de 2021, 23:54:37",Pedalada ao entardecer,Pedalada,,4290,"24,22",,,false,,,activities/6152170530.gpx,,,4290.0,4241.0,24226.7,14.624,5.713,368.7,368.8,742.1,824.8,46.3,0.0,,,,,,,,148.0,701.0,,,,,,,,,,,,,,0.0,,0.0,,1.0,,,,,,,,,,,,,,,,,,,,,,,,,,,0.0,5.647,1934.6,,,,,,,,,,,,,,,,,,,,,""
6148251201,"22 de out. de 2021, 00:58:21",Pedalada noturna,Pedalada,,4066,"14,83",,,false,,,activities/6148251201.fit,,,4066.0,3779.0,14833.4,14.78,3.925,260.8,260.9,746.2,824.8,49.0,0.0,,,,,,,,110.0,464.0,,,,,,,,,,,,,,,,0.0,,1.0,,,,,,,,,,,,,,,,,,,,,,,,,,,0.0,3.648,618.3,,,,,,,,,,,,,,,,,,,,,""
6143606745,"20 de out. de 2021, 23:46:06",Pedalada ao entardecer,Pedalada,,4044,"24,55",,,false,,,activities/6143606745.gpx,,,4044.0,3969.0,24558.1,13.916,6.187,281.4,281.3,739.0,824.6,40.7,0.0,,,,,,,,128.0,568.0,,,,,,,,,,,,,,0.0,,0.0,,1.0,,,,,,,,,,,,,,,,,,,,,,,,,,,0.0,6.073,2578.1,,,,,,,,,,,,,,,,,,,,,""
6133110824,"18 de out. de 2021, 20:34:07",Pedalada vespertina,Pedalada,,1905,"6,67",,,false,,,activities/6133110824.gpx,,,1905.0,1638.0,6672.2,15.2,4.073,141.7,141.6,762.4,824.9,41.1,0.0,,,,,,,,128.0,234.0,,,,,,,,,,,,,,0.0,,0.0,,1.0,,1634587136.0,5.0,14.9,15.2,14.9,1.0,1016.6,4.3,8.4,146.0,0.2,1634545920.0,1634591744.0,0.45,,,0.25,5.0,1.0,9011.0,1.0,282.7,,,,0.0,3.502,230.3,,,,,,,,,,,,,,,,,,,,,""
6125689150,"17 de out. de 2021, 09:51:55",Pedalada matinal,Pedalada,,3823,"21,80",,,false,,,activities/6125689150.gpx,,,3823.0,3798.0,21799.4,15.4,5.74,301.0,301.1,740.4,824.9,39.5,0.0,,,,,,,,137.0,581.0,,,,,,,,,,,,,,0.0,,0.0,,1.0,,1634461184.0,3.0,15.9,16.3,15.9,1.0,1017.7,3.3,5.2,146.0,0.1,1634459520.0,1634505216.0,0.42,,,0.09,5.0,0.93,10998.0,0.0,280.2,,,,0.0,5.702,2681.2,,,,,,,,,,,,,,,,,,,,,""
6114628296,"15 de out. de 2021, 01:05:40",Pedalada noturna,Pedalada,,3603,"20,07",,,false,,,activities/6114628296.gpx,,,3603.0,3473.0,20078.9,13.8,5.781,245.5,245.6,739.2,801.8,43.9,0.0,,,,,,,,127.0,492.0,,,,,,,,,,,,,,0.0,,0.0,,1.0,,1634259584.0,2.0,20.3,20.6,17.3,0.83,1012.6,1.9,3.3,7.0,0.3,1634200576.0,1634246016.0,0.32,,,0.13,5.0,0.8,16093.0,0.0,282.6,,,,0.0,5.573,2887.0,,,,,,,,,,,,,,,,,,,,,""
6101878809,"12 de out. de 2021, 11:44:51",Pedalada matinal,Pedalada,,3554,"17,85",,,false,,,activities/6101878809.gpx,,,3554.0,3390.0,17849.5,14.3,5.265,234.0,241.2,742.1,824.9,20.6,0.0,,,,,,,,116.0,437.0,,,,,,,,,,,,,,0.0,,0.0,,1.0,,1634036352.0,3.0,17.1,17.5,16.7,0.97,1015.9,2.1,3.5,49.0,0.0,1634027904.0,1634073088.0,0.25,,,0.04,5.0,0.88,16093.0,2.0,300.2,,,,0.0,5.022,,,,,,,,,,,,,,,,,,,,,,""
6093857598,"10 de out. de 2021, 16:48:51",Pedalada vespertina,Pedalada,,2503,"12,42",,,false,,,activities/6093857598.gpx,,,2503.0,2443.0,12425.4,12.8,5.086,169.2,185.5,752.3,824.8,21.1,-0.1,,,,,,,,123.0,335.0,,,,,,,,,,,,,,0.0,,0.0,,1.0,,1633881600.0,5.0,17.2,17.4,16.0,0.92,1015.9,3.8,6.2,129.0,0.4,1633855104.0,1633900288.0,0.17,,,0.37,5.0,0.99,10759.0,5.0,287.4,,,,0.0,4.964,,,,,,,,,,,,,,,,,,,,,,""
6089177227,"9 de out. de 2021, 20:24:48",Pedalada vespertina,Pedalada,,2520,"11,43",,,false,,,activities/6089177227.gpx,,,2520.0,2455.0,11434.0,12.7,4.657,219.9,203.1,752.3,824.9,37.1,0.1,,,,,,,,131.0,358.0,,,,,,,,,,,,,,0.0,,0.0,,1.0,,1633809664.0,5.0,17.0,17.0,14.5,0.85,1014.9,4.7,7.5,150.0,0.4,1633768832.0,1633813888.0,0.13,,,0.36,5.0,1.0,11386.0,0.0,284.8,,,,0.0,4.537,,,,,,,,,,,,,,,,,,,,,,""
6081458079,"8 de out. de 2021, 10:49:41",Pedalada matinal,Pedalada,,2313,"11,77",,,false,,,activities/6081458079.gpx,,,2313.0,2225.0,11773.0,13.1,5.291,150.8,142.4,752.4,801.8,49.5,0.1,,,,,,,,123.0,305.0,,,,,,,,,,,,,,0.0,,0.0,,1.0,,1633687168.0,2.0,13.5,13.5,11.4,0.88,1018.6,3.6,6.0,127.0,0.0,1633682432.0,1633727360.0,0.1,,,0.07,5.0,0.87,8667.0,1.0,281.7,,,,0.0,5.09,,,,,,,,,,,,,,,,,,,,,,""
6074468261,"6 de out. de 2021, 21:25:41",Corrida ao entardecer,Corrida,,2133,"5,34",,,false,,,activities/6074468261.gpx,,,2133.0,2124.0,5342.7,4.1,2.515,96.5,103.7,763.5,822.6,33.0,-0.1,,,89.0,80.0,,,,,588.0,,,,,,,,,,,,,,0.0,,0.0,,1.0,5627.3,1633554048.0,2.0,20.1,20.5,18.2,0.89,1014.4,4.1,5.7,156.0,0.1,1633509760.0,1633554560.0,0.02,,,0.06,5.0,0.57,10688.0,0.0,282.8,,,,0.0,2.505,,,,,,,,,,,,,,,,,,,,,,""
6070076632,"6 de out. de 2021, 00:18:01",Pedalada noturna,Pedalada,,3256,"18,60",,,false,,,activities/6070076632.gpx,,,3256.0,3234.0,18601.6,12.6,5.752,160.1,164.8,739.6,787.8,43.3,0.0,,,,,,,,112.0,403.0,,,,,,,,,,,,,,0.0,,0.0,,1.0,,1633478400.0,3.0,15.2,15.3,14.6,0.96,1018.9,3.7,7.7,132.0,0.1,1633423488.0,1633468160.0,0.98,,,0.05,5.0,1.0,6978.0,0.0,281.8,,,,0.0,5.713,,,,,,,,,,,,,,,,,,,,,,""
6054488627,"2 de out. de 2021, 21:26:09",Corrida ao entardecer,Corrida,,1639,"4,54",,,false,,,activities/6054488627.gpx,,,1639.0,1616.0,4539.7,4.2,2.809,98.2,105.3,762.6,812.0,35.3,-0.2,,,87.0,82.0,,,,,512.0,,,,,,,,,,,,,,0.0,,0.0,,1.0,4900.2,1633208448.0,3.0,21.0,21.4,18.2,0.84,1011.5,2.7,4.0,160.0,0.0,1633164416.0,1633208832.0,0.87,,,0.11,5.0,0.88,16093.0,0.0,286.1,,,,0.0,2.77,,,,,,,,,,,,,,,,,,,,,,""
6045498163,"1 de out. de 2021, 00:55:56",Pedalada noturna,Pedalada,,3186,"16,24",,,false,,,activities/6045498163.gpx,,,3186.0,2991.0,16243.5,13.6,5.431,153.8,157.6,742.1,801.8,17.2,0.0,,,,,,,,102.0,340.0,,,,,,,,,,,,,,0.0,,0.0,,1.0,,1633046400.0,2.0,16.6,16.7,15.1,0.91,1015.8,3.7,6.7,120.0,0.0,1632991744.0,1633036032.0,0.81,,,0.02,5.0,0.71,13715.0,0.0,289.3,,,,0.0,5.098,,,,,,,,,,,,,,,,,,,,,,""
6029579677,"27 de set. de 2021, 21:03:54",Pedalada ao entardecer,Pedalada,,3459,"16,86",,,false,,,activities/6029579677.gpx,,,3459.0,3234.0,16859.8,13.3,5.213,207.4,214.5,742.2,819.9,34.3,0.0,,,,,,,,121.0,435.0,,,,,,,,,,,,,,0.0,,0.0,,1.0,,1632776448.0,1.0,22.0,22.0,15.3,0.66,1017.2,3.9,6.5,147.0,0.0,1632732672.0,1632776704.0,0.72,,,0.01,5.0,0.12,16093.0,0.0,284.1,,,,0.0,4.874,,,,,,,,,,,,,,,,,,,,,,""
6013831568,"24 de set. de 2021, 23:36:08",Pedalada noturna,Pedalada,,3275,"16,68",,,false,,,activities/6013831568.gpx,,,3275.0,3113.0,16686.2,14.1,5.36,207.5,214.6,742.2,825.3,49.0,0.0,,,,,,,,115.0,398.0,,,,,,,,,,,,,,0.0,,0.0,,1.0,,1632524416.0,2.0,15.7,15.7,13.6,0.87,1019.7,3.7,6.4,151.0,0.0,1632473728.0,1632517504.0,0.63,,,0.0,,0.81,16093.0,0.0,289.3,,,,0.0,5.095,,,,,,,,,,,,,,,,,,,,,,""
6009538904,"24 de set. de 2021, 01:28:31",Pedalada noturna,Pedalada,,3653,"15,01",,,false,,,activities/6009538904.gpx,,,3653.0,3435.0,15017.6,13.6,4.372,149.9,157.0,742.1,787.7,33.3,0.0,,,,,,,,107.0,411.0,,,,,,,,,,,,,,0.0,,0.0,,1.0,,1632445184.0,2.0,12.3,12.3,10.2,0.87,1021.7,3.3,6.7,139.0,0.0,1632387456.0,1632431104.0,0.6,,,0.0,,0.58,16093.0,0.0,293.0,,,,0.0,4.111,,,,,,,,,,,,,,,,,,,,,,""
5998839068,"22 de set. de 2021, 00:02:30",Pedalada noturna,Pedalada,,2181,"12,15",,,false,,,activities/5998839068.gpx,,,2181.0,2162.0,12151.4,11.4,5.62,141.7,141.7,755.1,801.8,37.8,0.0,,,,,,,,111.0,268.0,,,,,,,,,,,,,,0.0,,0.0,,1.0,,1632268800.0,3.0,15.6,15.6,13.9,0.9,1019.2,7.0,11.5,155.0,0.1,1632214784.0,1632258304.0,0.53,,,0.15,5.0,0.95,9175.0,0.0,296.7,,,,0.0,5.571,,,,,,,,,,,,,,,,,,,,,,""
5984869378,"19 de set. de 2021, 10:30:51",Corrida matinal,Corrida,,1702,"5,00",,,false,,,activities/5984869378.gpx,,,1702.0,1702.0,5006.0,4.6,2.941,22.7,35.4,757.2,781.8,14.4,-0.3,,,91.0,83.0,,,,,524.0,,,,,,,,,,,,,,0.0,,0.0,,1.0,5021.5,,,,,,,,,,,,,,,,,,,,,,,,,,0.0,2.941,,,,,,,,,,,,,,,,,,,,,,""
5976909309,"17 de set. de 2021, 23:32:49",Pedalada ao entardecer,Pedalada,,2007,"11,28",,,false,,,activities/5976909309.gpx,,,2007.0,1970.0,11281.6,13.4,5.727,123.2,127.8,755.1,801.8,18.5,0.0,,,,,,,,116.0,255.0,,,,,,,,,,,,,,0.0,,0.0,,1.0,,,,,,,,,,,,,,,,,,,,,,,,,,,0.0,5.621,,,,,,,,,,,,,,,,,,,,,,""
5969253027,"16 de set. de 2021, 11:43:15",Pedalada matinal,Pedalada,,2136,"10,18",,,false,,,activities/5969253027.gpx,,,2136.0,2061.0,10184.9,13.7,4.942,150.8,150.8,757.2,819.9,24.1,0.0,,,,,,,,,,,,,,,,,,,,,,,0.0,,0.0,,1.0,,,,,,,,,,,,,,,,,,,,,,,,,,,0.0,4.768,,,,,,,,,,,,,,,,,,,,,,""
5966759374,"15 de set. de 2021, 22:13:52",Pedalada ao entardecer,Pedalada,,470,"2,14",,,false,,,activities/5966759374.gpx,,,470.0,470.0,2146.8,10.1,4.568,51.9,52.3,776.3,824.9,27.7,0.0,,,,,,,,,,,,,,,,,,,,,,,0.0,,0.0,,1.0,,,,,,,,,,,,,,,,,,,,,,,,,,,0.0,4.568,,,,,,,,,,,,,,,,,,,,,,""
5956199054,"13 de set. de 2021, 22:32:45",Corrida ao entardecer,Corrida,,2282,"5,58",,,false,,,activities/5956199054.gpx,,,2282.0,2259.0,5584.0,4.4,2.472,80.9,94.6,761.8,819.9,32.7,-0.2,,,89.0,80.0,,,,,,,,,,,,,,,,,,,0.0,,0.0,,1.0,5802.8,,,,,,,,,,,,,,,,,,,,,,,,,,0.0,2.447,,,,,,,,,,,,,,,,,,,,,,""
5945169301,"11 de set. de 2021, 22:46:09",Corrida ao entardecer,Corrida,,3456,"9,00",,,false,,,activities/5945169301.gpx,,,3456.0,3455.0,9005.9,8.6,2.607,91.6,158.7,752.2,842.8,19.3,-0.7,,,89.0,81.0,,,,,,,,,,,,,,,,,,,0.0,,0.0,,1.0,9211.9,,,,,,,,,,,,,,,,,,,,,,,,,,0.0,2.606,,,,,,,,,,,,,,,,,,,,,,""
5931719894,"9 de set. de 2021, 11:39:08",Corrida matinal,Corrida,,2188,"5,77",,,false,,,activities/5931719894.gpx,,,2188.0,2132.0,5773.6,5.0,2.708,49.1,124.6,757.7,842.8,25.0,-1.3,,,89.0,82.0,,,,,608.0,,,,,,,,,,,,,,0.0,,0.0,,1.0,5825.2,,,,,,,,,,,,,,,,,,,,,,,,,,0.0,2.639,,,,,,,,,,,,,,,,,,,,,,""
5918263028,"6 de set. de 2021, 23:05:33",Corrida ao entardecer,Corrida,,3610,"9,03",,,false,,,activities/5918263028.gpx,,,3610.0,3502.0,9031.5,4.4,2.579,95.9,104.0,752.2,787.8,12.4,-0.1,,,87.0,79.0,,,,,,,,,,,,,,,,,,,0.0,,0.0,,1.0,9257.7,,,,,,,,,,,,,,,,,,,,,,,,,,0.0,2.502,,,,,,,,,,,,,,,,,,,,,,""
5879724030,"30 de ago. de 2021, 23:22:13",Corrida leve,Corrida,"",2437,"6,02",,,false,,,activities/5879724030.gpx,,,2437.0,2424.0,6019.3,3.9,2.483,83.2,132.2,757.7,826.4,30.2,-0.8,,,85.0,79.0,,,,,652.0,,,,,,,,,,,,,,0.0,,0.0,,1.0,6241.3,,,,,,,,,,,,,,,,,,,,,,,,,,,2.47,132.2,,,,,,,,,,,,,,,,,,,,,""
5863562115,"27 de ago. de 2021, 22:51:28",Corrida ao entardecer,Corrida,,2191,"6,03",,,false,,,activities/5863562115.gpx,,,2191.0,2191.0,6035.1,4.4,2.754,84.3,84.3,757.2,819.9,24.3,0.0,,,87.0,81.0,,,,,,,,,,,,,,,,,,,0.0,,0.0,,1.0,6291.7,,,,,,,,,,,,,,,,,,,,,,,,,,,2.754,,,,,,,,,,,,,,,,,,,,,,""
5853277422,"25 de ago. de 2021, 20:55:15",Corrida vespertina,Corrida,,1928,"5,04",,,false,,,activities/5853277422.gpx,,,1928.0,1928.0,5048.6,5.6,2.619,78.9,76.0,761.8,819.9,31.7,0.1,,,87.0,81.0,,,,,,,,,,,,,,,,,,,0.0,,0.0,,1.0,5294.9,,,,,,,,,,,,,,,,,,,,,,,,,,,2.619,,,,,,,,,,,,,,,,,,,,,,""
5842297287,"23 de ago. de 2021, 22:58:28",Corrida ao entardecer,Corrida,,2526,"6,26",,,false,,,activities/5842297287.gpx,,,2526.0,2505.0,6261.5,4.9,2.5,61.0,98.5,757.7,817.4,23.3,-0.6,,,85.0,78.0,,,,,,,,,,,,,,,,,,,0.0,,0.0,,1.0,6361.8,,,,,,,,,,,,,,,,,,,,,,,,,,,2.479,,,,,,,,,,,,,,,,,,,,,,""
5825774271,"20 de ago. de 2021, 22:56:53",Corrida ao entardecer,Corrida,,1926,"5,01",,,false,,,activities/5825774271.gpx,,,1926.0,1866.0,5013.5,5.6,2.687,43.7,98.8,757.7,832.6,19.7,-1.1,,,87.0,80.0,,,,,,,,,,,,,,,,,,,0.0,,0.0,,1.0,5063.8,,,,,,,,,,,,,,,,,,,,,,,,,,,2.603,,,,,,,,,,,,,,,,,,,,,,""
5804553149,"16 de ago. de 2021, 23:11:56",Corrida ao entardecer,Corrida,,2740,"6,01",,,false,,,activities/5804553149.gpx,,,2740.0,2349.0,6018.2,4.5,2.562,61.9,72.2,757.7,790.2,32.4,-0.2,,,104.0,79.0,,,,,,,,,,,,,,,,,,,0.0,,0.0,,1.0,6158.4,,,,,,,,,,,,,,,,,,,,,,,,,,,2.196,,,,,,,,,,,,,,,,,,,,,,""
5793498511,"14 de ago. de 2021, 21:10:49",Corrida ao entardecer,Corrida,,1517,"4,43",,,false,,,activities/5793498511.gpx,,,1517.0,1513.0,4436.8,4.0,2.932,32.5,35.4,757.2,783.4,15.7,-0.1,,,91.0,82.0,,,,,,,,,,,,,,,,,,,0.0,,0.0,,1.0,4492.5,,,,,,,,,,,,,,,,,,,,,,,,,,,2.925,,,,,,,,,,,,,,,,,,,,,,""
5788098018,"13 de ago. de 2021, 22:17:07",Corrida ao entardecer,Corrida,,1885,"5,02",,,false,,,activities/5788098018.gpx,,,1885.0,1885.0,5026.0,5.5,2.666,46.9,45.0,757.3,780.5,14.5,0.0,,,85.0,80.0,,,,,535.0,,,,,,,,,,,,,,0.0,,0.0,,1.0,5123.0,,,,,,,,,,,,,,,,,,,,,,,,,,,2.666,,,,,,,,,,,,,,,,,,,,,,""
5777954981,"11 de ago. de 2021, 22:43:04",Corrida ao entardecer,Corrida,,1477,"4,04",,,false,,,activities/5777954981.gpx,,,1477.0,1464.0,4040.7,4.6,2.76,23.7,30.1,757.2,780.5,9.2,-0.2,,,89.0,80.0,,,,,,,,,,,,,,,,,,,0.0,,0.0,,1.0,4072.5,,,,,,,,,,,,,,,,,,,,,,,,,,,2.736,,,,,,,,,,,,,,,,,,,,,,""
5777954887,"11 de ago. de 2021, 22:42:35",Atividade ao entardecer,Treino,,14,0,,,false,,,activities/5777954887.gpx,,,14.0,14.0,0.0,0.0,0.0,0.0,,,,0.0,0.0,,,,,,,,,,,,,,,,,,,,,,,0.0,,0.0,,1.0,,,,,,,,,,,,,,,,,,,,,,,,,,,,0.0,,,,,,,,,,,,,,,,,,,,,,""
5777954853,"11 de ago. de 2021, 22:42:05",Atividade ao entardecer,Treino,,23,0,,,false,,,activities/5777954853.gpx,,,23.0,23.0,0.0,0.0,0.0,0.0,,,,0.0,0.0,,,,,,,,,,,,,,,,,,,,,,,0.0,,0.0,,1.0,,,,,,,,,,,,,,,,,,,,,,,,,,,,0.0,,,,,,,,,,,,,,,,,,,,,,""
5676023275,"23 de jul. de 2021, 21:07:39",Corrida ao entardecer,Corrida,,1430,"4,00",,,false,,,activities/5676023275.gpx,,,1430.0,1425.0,4002.4,5.7,2.809,62.1,21.4,758.5,816.6,28.8,1.0,,,83.0,79.0,,,,,,,,,,,,,,,,,,,0.0,,0.0,,1.0,4244.3,,,,,,,,,,,,,,,,,,,,,,,,,,,2.799,,,,,,,,,,,,,,,,,,,,,,""
5654965254,"19 de jul. de 2021, 22:55:15",Corrida noturna,Corrida,,1881,"5,05",,,false,,,activities/5654965254.gpx,,,1881.0,1871.0,5058.2,4.7,2.703,56.2,52.3,753.8,780.5,33.3,0.1,,,85.0,78.0,,,,,,,,,,,,,,,,,,,0.0,,0.0,,1.0,5205.1,,,,,,,,,,,,,,,,,,,,,,,,,,,2.689,,,,,,,,,,,,,,,,,,,,,,""
5638756330,"16 de jul. de 2021, 22:59:17",Corrida noturna,Corrida,"",1449,"4,19",,,false,,,activities/5638756330.gpx,,,1449.0,1439.0,4191.8,7.7,2.913,59.1,33.7,753.8,801.1,19.7,0.6,,,87.0,79.0,,,,,458.0,,,,,,,,,7.0,,,,,0.0,45.0,0.0,,1.0,4385.8,,,,,,,,,,,,,,,,,,,,,,,,,,,2.893,,,,,,,,,,,,,,,,,,,,,,""
